fire,state,date,filename,url
0262-FERRY,OR,2025-06-15,0262-FERRY-OR-dNBR_20250615_235959.tif,https://bin.ssec.wisc.edu/pub/realearth/brisk/2025/0262-FERRY-OR-dNBR_20250615_235959.tif
0262-FERRY,OR,2025-06-16,0262-FERRY-OR-dNBR_20250616_235959.tif,https://bin.ssec.wisc.edu/pub/realearth/brisk/2025/0262-FERRY-OR-dNBR_20250616_235959.tif
0262-FERRY,OR,2025-06-17,0262-FERRY-OR-dNBR_20250617_235959.tif,https://bin.ssec.wisc.edu/pub/realearth/brisk/2025/0262-FERRY-OR-dNBR_20250617_235959.tif
0262-FERRY,OR,2025-06-18,0262-FERRY-OR-dNBR_20250618_235959.tif,https://bin.ssec.wisc.edu/pub/realearth/brisk/2025/0262-FERRY-OR-dNBR_20250618_235959.tif
0262-FERRY,OR,2025-06-19,0262-FERRY-OR-dNBR_20250619_235959.tif,https://bin.ssec.wisc.edu/pub/realearth/brisk/2025/0262-FERRY-OR-dNBR_20250619_235959.tif
0262-FERRY,OR,2025-06-20,0262-FERRY-OR-dNBR_20250620_235959.tif,https://bin.ssec.wisc.edu/pub/realearth/brisk/2025/0262-FERRY-OR-dNBR_20250620_235959.tif
0262-FERRY,OR,2025-06-21,0262-FERRY-OR-dNBR_20250621_235959.tif,https://bin.ssec.wisc.edu/pub/realearth/brisk/2025/0262-FERRY-OR-dNBR_20250621_235959.tif
0262-FERRY,OR,2025-06-22,0262-FERRY-OR-dNBR_20250622_235959.tif,https://bin.ssec.wisc.edu/pub/realearth/brisk/2025/0262-FERRY-OR-dNBR_20250622_235959.tif
0262-FERRY,OR,2025-06-23,0262-FERRY-OR-dNBR_20250623_235959.tif,https://bin.ssec.wisc.edu/pub/realearth/brisk/2025/0262-FERRY-OR-dNBR_20250623_235959.tif
0262-FERRY,OR,2025-06-24,0262-FERRY-OR-dNBR_20250624_235959.tif,https://bin.ssec.wisc.edu/pub/realearth/brisk/2025/0262-FERRY-OR-dNBR_20250624_235959.tif
0262-FERRY,OR,2025-06-25,0262-FERRY-OR-dNBR_20250625_235959.tif,https://bin.ssec.wisc.edu/pub/realearth/brisk/2025/0262-FERRY-OR-dNBR_20250625_235959.tif
0262-FERRY,OR,2025-06-26,0262-FERRY-OR-dNBR_20250626_235959.tif,https://bin.ssec.wisc.edu/pub/realearth/brisk/2025/0262-FERRY-OR-dNBR_20250626_235959.tif
0262-FERRY,OR,2025-06-27,0262-FERRY-OR-dNBR_20250627_235959.tif,https://bin.ssec.wisc.edu/pub/realearth/brisk/2025/0262-FERRY-OR-dNBR_20250627_235959.tif
0262-FERRY,OR,2025-06-28,0262-FERRY-OR-dNBR_20250628_235959.tif,https://bin.ssec.wisc.edu/pub/realearth/brisk/2025/0262-FERRY-OR-dNBR_20250628_235959.tif
0262-FERRY,OR,2025-06-29,0262-FERRY-OR-dNBR_20250629_235959.tif,https://bin.ssec.wisc.edu/pub/realearth/brisk/2025/0262-FERRY-OR-dNBR_20250629_235959.tif
0262-FERRY,OR,2025-06-30,0262-FERRY-OR-dNBR_20250630_235959.tif,https://bin.ssec.wisc.edu/pub/realearth/brisk/2025/0262-FERRY-OR-dNBR_20250630_235959.tif
0262-FERRY,OR,2025-07-01,0262-FERRY-OR-dNBR_20250701_235959.tif,https://bin.ssec.wisc.edu/pub/realearth/brisk/2025/0262-FERRY-OR-dNBR_20250701_235959.tif
0262-FERRY,OR,2025-07-02,0262-FERRY-OR-dNBR_20250702_235959.tif,https://bin.ssec.wisc.edu/pub/realearth/brisk/2025/0262-FERRY-OR-dNBR_20250702_235959.tif
0262-FERRY,OR,2025-07-03,0262-FERRY-OR-dNBR_20250703_235959.tif,https://bin.ssec.wisc.edu/pub/realearth/brisk/2025/0262-FERRY-OR-dNBR_20250703_235959.tif
0262-FERRY,OR,2025-07-04,0262-FERRY-OR-dNBR_20250704_235959.tif,https://bin.ssec.wisc.edu/pub/realearth/brisk/2025/0262-FERRY-OR-dNBR_20250704_235959.tif
0262-FERRY,OR,2025-07-05,0262-FERRY-OR-dNBR_20250705_235959.tif,https://bin.ssec.wisc.edu/pub/realearth/brisk/2025/0262-FERRY-OR-dNBR_20250705_235959.tif
0262-FERRY,OR,2025-07-06,0262-FERRY-OR-dNBR_20250706_235959.tif,https://bin.ssec.wisc.edu/pub/realearth/brisk/2025/0262-FERRY-OR-dNBR_20250706_235959.tif
0262-FERRY,OR,2025-07-07,0262-FERRY-OR-dNBR_20250707_235959.tif,https://bin.ssec.wisc.edu/pub/realearth/brisk/2025/0262-FERRY-OR-dNBR_20250707_235959.tif
0262-FERRY,OR,2025-07-08,0262-FERRY-OR-dNBR_20250708_235959.tif,https://bin.ssec.wisc.edu/pub/realearth/brisk/2025/0262-FERRY-OR-dNBR_20250708_235959.tif
0262-FERRY,OR,2025-07-09,0262-FERRY-OR-dNBR_20250709_235959.tif,https://bin.ssec.wisc.edu/pub/realearth/brisk/2025/0262-FERRY-OR-dNBR_20250709_235959.tif
0262-FERRY,OR,2025-07-10,0262-FERRY-OR-dNBR_20250710_235959.tif,https://bin.ssec.wisc.edu/pub/realearth/brisk/2025/0262-FERRY-OR-dNBR_20250710_235959.tif
0262-FERRY,OR,2025-07-12,0262-FERRY-OR-dNBR_20250712_235959.tif,https://bin.ssec.wisc.edu/pub/realearth/brisk/2025/0262-FERRY-OR-dNBR_20250712_235959.tif
0262-FERRY,OR,2025-07-13,0262-FERRY-OR-dNBR_20250713_235959.tif,https://bin.ssec.wisc.edu/pub/realearth/brisk/2025/0262-FERRY-OR-dNBR_20250713_235959.tif
0262-FERRY,OR,2025-07-14,0262-FERRY-OR-dNBR_20250714_235959.tif,https://bin.ssec.wisc.edu/pub/realearth/brisk/2025/0262-FERRY-OR-dNBR_20250714_235959.tif
0262-FERRY,OR,2025-07-15,0262-FERRY-OR-dNBR_20250715_235959.tif,https://bin.ssec.wisc.edu/pub/realearth/brisk/2025/0262-FERRY-OR-dNBR_20250715_235959.tif
0262-FERRY,OR,2025-07-16,0262-FERRY-OR-dNBR_20250716_235959.tif,https://bin.ssec.wisc.edu/pub/realearth/brisk/2025/0262-FERRY-OR-dNBR_20250716_235959.tif
0262-FERRY,OR,2025-07-17,0262-FERRY-OR-dNBR_20250717_235959.tif,https://bin.ssec.wisc.edu/pub/realearth/brisk/2025/0262-FERRY-OR-dNBR_20250717_235959.tif
0262-FERRY,OR,2025-07-18,0262-FERRY-OR-dNBR_20250718_235959.tif,https://bin.ssec.wisc.edu/pub/realearth/brisk/2025/0262-FERRY-OR-dNBR_20250718_235959.tif
0262-FERRY,OR,2025-07-19,0262-FERRY-OR-dNBR_20250719_235959.tif,https://bin.ssec.wisc.edu/pub/realearth/brisk/2025/0262-FERRY-OR-dNBR_20250719_235959.tif
0262-FERRY,OR,2025-07-20,0262-FERRY-OR-dNBR_20250720_235959.tif,https://bin.ssec.wisc.edu/pub/realearth/brisk/2025/0262-FERRY-OR-dNBR_20250720_235959.tif
0262-FERRY,OR,2025-07-21,0262-FERRY-OR-dNBR_20250721_235959.tif,https://bin.ssec.wisc.edu/pub/realearth/brisk/2025/0262-FERRY-OR-dNBR_20250721_235959.tif
0262-FERRY,OR,2025-07-22,0262-FERRY-OR-dNBR_20250722_235959.tif,https://bin.ssec.wisc.edu/pub/realearth/brisk/2025/0262-FERRY-OR-dNBR_20250722_235959.tif
0262-FERRY,OR,2025-07-23,0262-FERRY-OR-dNBR_20250723_235959.tif,https://bin.ssec.wisc.edu/pub/realearth/brisk/2025/0262-FERRY-OR-dNBR_20250723_235959.tif
0262-FERRY,OR,2025-07-24,0262-FERRY-OR-dNBR_20250724_235959.tif,https://bin.ssec.wisc.edu/pub/realearth/brisk/2025/0262-FERRY-OR-dNBR_20250724_235959.tif
0262-FERRY,OR,2025-07-25,0262-FERRY-OR-dNBR_20250725_235959.tif,https://bin.ssec.wisc.edu/pub/realearth/brisk/2025/0262-FERRY-OR-dNBR_20250725_235959.tif
0262-FERRY,OR,2025-07-26,0262-FERRY-OR-dNBR_20250726_235959.tif,https://bin.ssec.wisc.edu/pub/realearth/brisk/2025/0262-FERRY-OR-dNBR_20250726_235959.tif
0262-FERRY,OR,2025-07-27,0262-FERRY-OR-dNBR_20250727_235959.tif,https://bin.ssec.wisc.edu/pub/realearth/brisk/2025/0262-FERRY-OR-dNBR_20250727_235959.tif
0262-FERRY,OR,2025-07-28,0262-FERRY-OR-dNBR_20250728_235959.tif,https://bin.ssec.wisc.edu/pub/realearth/brisk/2025/0262-FERRY-OR-dNBR_20250728_235959.tif
0262-FERRY,OR,2025-07-29,0262-FERRY-OR-dNBR_20250729_235959.tif,https://bin.ssec.wisc.edu/pub/realearth/brisk/2025/0262-FERRY-OR-dNBR_20250729_235959.tif
0262-FERRY,OR,2025-07-30,0262-FERRY-OR-dNBR_20250730_235959.tif,https://bin.ssec.wisc.edu/pub/realearth/brisk/2025/0262-FERRY-OR-dNBR_20250730_235959.tif
0262-FERRY,OR,2025-07-31,0262-FERRY-OR-dNBR_20250731_235959.tif,https://bin.ssec.wisc.edu/pub/realearth/brisk/2025/0262-FERRY-OR-dNBR_20250731_235959.tif
0262-FERRY,OR,2025-08-01,0262-FERRY-OR-dNBR_20250801_235959.tif,https://bin.ssec.wisc.edu/pub/realearth/brisk/2025/0262-FERRY-OR-dNBR_20250801_235959.tif
0262-FERRY,OR,2025-08-02,0262-FERRY-OR-dNBR_20250802_235959.tif,https://bin.ssec.wisc.edu/pub/realearth/brisk/2025/0262-FERRY-OR-dNBR_20250802_235959.tif
0262-FERRY,OR,2025-08-03,0262-FERRY-OR-dNBR_20250803_235959.tif,https://bin.ssec.wisc.edu/pub/realearth/brisk/2025/0262-FERRY-OR-dNBR_20250803_235959.tif
0262-FERRY,OR,2025-08-04,0262-FERRY-OR-dNBR_20250804_235959.tif,https://bin.ssec.wisc.edu/pub/realearth/brisk/2025/0262-FERRY-OR-dNBR_20250804_235959.tif
0262-FERRY,OR,2025-08-05,0262-FERRY-OR-dNBR_20250805_235959.tif,https://bin.ssec.wisc.edu/pub/realearth/brisk/2025/0262-FERRY-OR-dNBR_20250805_235959.tif
0262-FERRY,OR,2025-08-06,0262-FERRY-OR-dNBR_20250806_235959.tif,https://bin.ssec.wisc.edu/pub/realearth/brisk/2025/0262-FERRY-OR-dNBR_20250806_235959.tif
0262-FERRY,OR,2025-08-07,0262-FERRY-OR-dNBR_20250807_235959.tif,https://bin.ssec.wisc.edu/pub/realearth/brisk/2025/0262-FERRY-OR-dNBR_20250807_235959.tif
0262-FERRY,OR,2025-08-08,0262-FERRY-OR-dNBR_20250808_235959.tif,https://bin.ssec.wisc.edu/pub/realearth/brisk/2025/0262-FERRY-OR-dNBR_20250808_235959.tif
0262-FERRY,OR,2025-08-09,0262-FERRY-OR-dNBR_20250809_235959.tif,https://bin.ssec.wisc.edu/pub/realearth/brisk/2025/0262-FERRY-OR-dNBR_20250809_235959.tif
0262-FERRY,OR,2025-08-10,0262-FERRY-OR-dNBR_20250810_235959.tif,https://bin.ssec.wisc.edu/pub/realearth/brisk/2025/0262-FERRY-OR-dNBR_20250810_235959.tif
0262-FERRY,OR,2025-09-20,0262-FERRY-OR-dNBR_20250920_235959.tif,https://bin.ssec.wisc.edu/pub/realearth/brisk/2025/0262-FERRY-OR-dNBR_20250920_235959.tif
0262-FERRY,OR,2025-09-21,0262-FERRY-OR-dNBR_20250921_235959.tif,https://bin.ssec.wisc.edu/pub/realearth/brisk/2025/0262-FERRY-OR-dNBR_20250921_235959.tif
0262-FERRY,OR,2025-09-22,0262-FERRY-OR-dNBR_20250922_235959.tif,https://bin.ssec.wisc.edu/pub/realearth/brisk/2025/0262-FERRY-OR-dNBR_20250922_235959.tif
0262-FERRY,OR,2025-09-24,0262-FERRY-OR-dNBR_20250924_235959.tif,https://bin.ssec.wisc.edu/pub/realearth/brisk/2025/0262-FERRY-OR-dNBR_20250924_235959.tif
0262-FERRY,OR,2025-09-25,0262-FERRY-OR-dNBR_20250925_235959.tif,https://bin.ssec.wisc.edu/pub/realearth/brisk/2025/0262-FERRY-OR-dNBR_20250925_235959.tif
0262-FERRY,OR,2025-09-26,0262-FERRY-OR-dNBR_20250926_235959.tif,https://bin.ssec.wisc.edu/pub/realearth/brisk/2025/0262-FERRY-OR-dNBR_20250926_235959.tif
0262-FERRY,OR,2025-09-27,0262-FERRY-OR-dNBR_20250927_235959.tif,https://bin.ssec.wisc.edu/pub/realearth/brisk/2025/0262-FERRY-OR-dNBR_20250927_235959.tif
0262-FERRY,OR,2025-09-28,0262-FERRY-OR-dNBR_20250928_235959.tif,https://bin.ssec.wisc.edu/pub/realearth/brisk/2025/0262-FERRY-OR-dNBR_20250928_235959.tif
0262-FERRY,OR,2025-09-29,0262-FERRY-OR-dNBR_20250929_235959.tif,https://bin.ssec.wisc.edu/pub/realearth/brisk/2025/0262-FERRY-OR-dNBR_20250929_235959.tif
0262-FERRY,OR,2025-09-30,0262-FERRY-OR-dNBR_20250930_235959.tif,https://bin.ssec.wisc.edu/pub/realearth/brisk/2025/0262-FERRY-OR-dNBR_20250930_235959.tif
0262-FERRY,OR,2025-10-01,0262-FERRY-OR-dNBR_20251001_235959.tif,https://bin.ssec.wisc.edu/pub/realearth/brisk/2025/0262-FERRY-OR-dNBR_20251001_235959.tif
0262-FERRY,OR,2025-10-02,0262-FERRY-OR-dNBR_20251002_235959.tif,https://bin.ssec.wisc.edu/pub/realearth/brisk/2025/0262-FERRY-OR-dNBR_20251002_235959.tif
0963-Black-Rock,OR,2025-09-09,0963-Black-Rock-OR-dNBR_20250909_235959.tif,https://bin.ssec.wisc.edu/pub/realearth/brisk/2025/0963-Black-Rock-OR-dNBR_20250909_235959.tif
0963-Black-Rock,OR,2025-09-10,0963-Black-Rock-OR-dNBR_20250910_235959.tif,https://bin.ssec.wisc.edu/pub/realearth/brisk/2025/0963-Black-Rock-OR-dNBR_20250910_235959.tif
0963-Black-Rock,OR,2025-09-11,0963-Black-Rock-OR-dNBR_20250911_235959.tif,https://bin.ssec.wisc.edu/pub/realearth/brisk/2025/0963-Black-Rock-OR-dNBR_20250911_235959.tif
0963-Black-Rock,OR,2025-09-12,0963-Black-Rock-OR-dNBR_20250912_235959.tif,https://bin.ssec.wisc.edu/pub/realearth/brisk/2025/0963-Black-Rock-OR-dNBR_20250912_235959.tif
0963-Black-Rock,OR,2025-09-13,0963-Black-Rock-OR-dNBR_20250913_235959.tif,https://bin.ssec.wisc.edu/pub/realearth/brisk/2025/0963-Black-Rock-OR-dNBR_20250913_235959.tif
0963-Black-Rock,OR,2025-09-14,0963-Black-Rock-OR-dNBR_20250914_235959.tif,https://bin.ssec.wisc.edu/pub/realearth/brisk/2025/0963-Black-Rock-OR-dNBR_20250914_235959.tif
0963-Black-Rock,OR,2025-09-15,0963-Black-Rock-OR-dNBR_20250915_235959.tif,https://bin.ssec.wisc.edu/pub/realearth/brisk/2025/0963-Black-Rock-OR-dNBR_20250915_235959.tif
0963-Black-Rock,OR,2025-09-16,0963-Black-Rock-OR-dNBR_20250916_235959.tif,https://bin.ssec.wisc.edu/pub/realearth/brisk/2025/0963-Black-Rock-OR-dNBR_20250916_235959.tif
0963-Black-Rock,OR,2025-09-17,0963-Black-Rock-OR-dNBR_20250917_235959.tif,https://bin.ssec.wisc.edu/pub/realearth/brisk/2025/0963-Black-Rock-OR-dNBR_20250917_235959.tif
0963-Black-Rock,OR,2025-09-18,0963-Black-Rock-OR-dNBR_20250918_235959.tif,https://bin.ssec.wisc.edu/pub/realearth/brisk/2025/0963-Black-Rock-OR-dNBR_20250918_235959.tif
0963-Black-Rock,OR,2025-09-19,0963-Black-Rock-OR-dNBR_20250919_235959.tif,https://bin.ssec.wisc.edu/pub/realearth/brisk/2025/0963-Black-Rock-OR-dNBR_20250919_235959.tif
6-5,CA,2025-09-05,6-5-CA-dNBR_20250905_235959.tif,https://bin.ssec.wisc.edu/pub/realearth/brisk/2025/6-5-CA-dNBR_20250905_235959.tif
6-5,CA,2025-09-06,6-5-CA-dNBR_20250906_235959.tif,https://bin.ssec.wisc.edu/pub/realearth/brisk/2025/6-5-CA-dNBR_20250906_235959.tif
6-5,CA,2025-09-07,6-5-CA-dNBR_20250907_235959.tif,https://bin.ssec.wisc.edu/pub/realearth/brisk/2025/6-5-CA-dNBR_20250907_235959.tif
6-5,CA,2025-09-08,6-5-CA-dNBR_20250908_235959.tif,https://bin.ssec.wisc.edu/pub/realearth/brisk/2025/6-5-CA-dNBR_20250908_235959.tif
6-5,CA,2025-09-09,6-5-CA-dNBR_20250909_235959.tif,https://bin.ssec.wisc.edu/pub/realearth/brisk/2025/6-5-CA-dNBR_20250909_235959.tif
6-5,CA,2025-09-10,6-5-CA-dNBR_20250910_235959.tif,https://bin.ssec.wisc.edu/pub/realearth/brisk/2025/6-5-CA-dNBR_20250910_235959.tif
6-5,CA,2025-09-11,6-5-CA-dNBR_20250911_235959.tif,https://bin.ssec.wisc.edu/pub/realearth/brisk/2025/6-5-CA-dNBR_20250911_235959.tif
6-5,CA,2025-09-12,6-5-CA-dNBR_20250912_235959.tif,https://bin.ssec.wisc.edu/pub/realearth/brisk/2025/6-5-CA-dNBR_20250912_235959.tif
6-5,CA,2025-09-13,6-5-CA-dNBR_20250913_235959.tif,https://bin.ssec.wisc.edu/pub/realearth/brisk/2025/6-5-CA-dNBR_20250913_235959.tif
6-5,CA,2025-09-14,6-5-CA-dNBR_20250914_235959.tif,https://bin.ssec.wisc.edu/pub/realearth/brisk/2025/6-5-CA-dNBR_20250914_235959.tif
6-5,CA,2025-09-15,6-5-CA-dNBR_20250915_235959.tif,https://bin.ssec.wisc.edu/pub/realearth/brisk/2025/6-5-CA-dNBR_20250915_235959.tif
6-5,CA,2025-09-16,6-5-CA-dNBR_20250916_235959.tif,https://bin.ssec.wisc.edu/pub/realearth/brisk/2025/6-5-CA-dNBR_20250916_235959.tif
6-5,CA,2025-09-17,6-5-CA-dNBR_20250917_235959.tif,https://bin.ssec.wisc.edu/pub/realearth/brisk/2025/6-5-CA-dNBR_20250917_235959.tif
6-5,CA,2025-09-18,6-5-CA-dNBR_20250918_235959.tif,https://bin.ssec.wisc.edu/pub/realearth/brisk/2025/6-5-CA-dNBR_20250918_235959.tif
6-5,CA,2025-09-19,6-5-CA-dNBR_20250919_235959.tif,https://bin.ssec.wisc.edu/pub/realearth/brisk/2025/6-5-CA-dNBR_20250919_235959.tif
6-5,CA,2025-09-20,6-5-CA-dNBR_20250920_235959.tif,https://bin.ssec.wisc.edu/pub/realearth/brisk/2025/6-5-CA-dNBR_20250920_235959.tif
6-5,CA,2025-09-21,6-5-CA-dNBR_20250921_235959.tif,https://bin.ssec.wisc.edu/pub/realearth/brisk/2025/6-5-CA-dNBR_20250921_235959.tif
6-5,CA,2025-09-22,6-5-CA-dNBR_20250922_235959.tif,https://bin.ssec.wisc.edu/pub/realearth/brisk/2025/6-5-CA-dNBR_20250922_235959.tif
6-5,CA,2025-09-24,6-5-CA-dNBR_20250924_235959.tif,https://bin.ssec.wisc.edu/pub/realearth/brisk/2025/6-5-CA-dNBR_20250924_235959.tif
6-5,CA,2025-09-25,6-5-CA-dNBR_20250925_235959.tif,https://bin.ssec.wisc.edu/pub/realearth/brisk/2025/6-5-CA-dNBR_20250925_235959.tif
6-5,CA,2025-09-26,6-5-CA-dNBR_20250926_235959.tif,https://bin.ssec.wisc.edu/pub/realearth/brisk/2025/6-5-CA-dNBR_20250926_235959.tif
6-5,CA,2025-09-27,6-5-CA-dNBR_20250927_235959.tif,https://bin.ssec.wisc.edu/pub/realearth/brisk/2025/6-5-CA-dNBR_20250927_235959.tif
6-5,CA,2025-09-28,6-5-CA-dNBR_20250928_235959.tif,https://bin.ssec.wisc.edu/pub/realearth/brisk/2025/6-5-CA-dNBR_20250928_235959.tif
6-5,CA,2025-09-30,6-5-CA-dNBR_20250930_235959.tif,https://bin.ssec.wisc.edu/pub/realearth/brisk/2025/6-5-CA-dNBR_20250930_235959.tif
6-5,CA,2025-10-06,6-5-CA-dNBR_20251006_235959.tif,https://bin.ssec.wisc.edu/pub/realearth/brisk/2025/6-5-CA-dNBR_20251006_235959.tif
6-5,CA,2025-10-07,6-5-CA-dNBR_20251007_235959.tif,https://bin.ssec.wisc.edu/pub/realearth/brisk/2025/6-5-CA-dNBR_20251007_235959.tif
6-5,CA,2025-10-08,6-5-CA-dNBR_20251008_235959.tif,https://bin.ssec.wisc.edu/pub/realearth/brisk/2025/6-5-CA-dNBR_20251008_235959.tif
6-5,CA,2025-10-09,6-5-CA-dNBR_20251009_235959.tif,https://bin.ssec.wisc.edu/pub/realearth/brisk/2025/6-5-CA-dNBR_20251009_235959.tif
33-Incident,CO,2025-12-18,33-Incident-CO-dNBR_20251218_235959.tif,https://bin.ssec.wisc.edu/pub/realearth/brisk/2025/33-Incident-CO-dNBR_20251218_235959.tif
33-Incident,CO,2025-12-19,33-Incident-CO-dNBR_20251219_235959.tif,https://bin.ssec.wisc.edu/pub/realearth/brisk/2025/33-Incident-CO-dNBR_20251219_235959.tif
33-Incident,CO,2025-12-21,33-Incident-CO-dNBR_20251221_235959.tif,https://bin.ssec.wisc.edu/pub/realearth/brisk/2025/33-Incident-CO-dNBR_20251221_235959.tif
33-Incident,CO,2025-12-22,33-Incident-CO-dNBR_20251222_235959.tif,https://bin.ssec.wisc.edu/pub/realearth/brisk/2025/33-Incident-CO-dNBR_20251222_235959.tif
33-Incident,CO,2025-12-23,33-Incident-CO-dNBR_20251223_235959.tif,https://bin.ssec.wisc.edu/pub/realearth/brisk/2025/33-Incident-CO-dNBR_20251223_235959.tif
33-Incident,CO,2025-12-24,33-Incident-CO-dNBR_20251224_235959.tif,https://bin.ssec.wisc.edu/pub/realearth/brisk/2025/33-Incident-CO-dNBR_20251224_235959.tif
33-Incident,CO,2025-12-26,33-Incident-CO-dNBR_20251226_235959.tif,https://bin.ssec.wisc.edu/pub/realearth/brisk/2025/33-Incident-CO-dNBR_20251226_235959.tif
33-Incident,CO,2025-12-27,33-Incident-CO-dNBR_20251227_235959.tif,https://bin.ssec.wisc.edu/pub/realearth/brisk/2025/33-Incident-CO-dNBR_20251227_235959.tif
33-Incident,CO,2025-12-28,33-Incident-CO-dNBR_20251228_235959.tif,https://bin.ssec.wisc.edu/pub/realearth/brisk/2025/33-Incident-CO-dNBR_20251228_235959.tif
33-Incident,CO,2025-12-29,33-Incident-CO-dNBR_20251229_235959.tif,https://bin.ssec.wisc.edu/pub/realearth/brisk/2025/33-Incident-CO-dNBR_20251229_235959.tif
33-Incident,CO,2025-12-30,33-Incident-CO-dNBR_20251230_235959.tif,https://bin.ssec.wisc.edu/pub/realearth/brisk/2025/33-Incident-CO-dNBR_20251230_235959.tif
33-Incident,CO,2025-12-31,33-Incident-CO-dNBR_20251231_235959.tif,https://bin.ssec.wisc.edu/pub/realearth/brisk/2025/33-Incident-CO-dNBR_20251231_235959.tif
Adobe-Mtn,NV,2025-08-04,Adobe-Mtn-NV-dNBR_20250804_235959.tif,https://bin.ssec.wisc.edu/pub/realearth/brisk/2025/Adobe-Mtn-NV-dNBR_20250804_235959.tif
Adobe-Mtn,NV,2025-08-05,Adobe-Mtn-NV-dNBR_20250805_235959.tif,https://bin.ssec.wisc.edu/pub/realearth/brisk/2025/Adobe-Mtn-NV-dNBR_20250805_235959.tif
Adobe-Mtn,NV,2025-08-06,Adobe-Mtn-NV-dNBR_20250806_235959.tif,https://bin.ssec.wisc.edu/pub/realearth/brisk/2025/Adobe-Mtn-NV-dNBR_20250806_235959.tif
Adobe-Mtn,NV,2025-08-07,Adobe-Mtn-NV-dNBR_20250807_235959.tif,https://bin.ssec.wisc.edu/pub/realearth/brisk/2025/Adobe-Mtn-NV-dNBR_20250807_235959.tif
Adobe-Mtn,NV,2025-08-08,Adobe-Mtn-NV-dNBR_20250808_235959.tif,https://bin.ssec.wisc.edu/pub/realearth/brisk/2025/Adobe-Mtn-NV-dNBR_20250808_235959.tif
Adobe-Mtn,NV,2025-08-09,Adobe-Mtn-NV-dNBR_20250809_235959.tif,https://bin.ssec.wisc.edu/pub/realearth/brisk/2025/Adobe-Mtn-NV-dNBR_20250809_235959.tif
Adobe-Mtn,NV,2025-08-10,Adobe-Mtn-NV-dNBR_20250810_235959.tif,https://bin.ssec.wisc.edu/pub/realearth/brisk/2025/Adobe-Mtn-NV-dNBR_20250810_235959.tif
BIA-4,ND,2025-05-07,BIA-4-ND-dNBR_20250507_235959.tif,https://bin.ssec.wisc.edu/pub/realearth/brisk/2025/BIA-4-ND-dNBR_20250507_235959.tif
BIA-4,ND,2025-05-08,BIA-4-ND-dNBR_20250508_235959.tif,https://bin.ssec.wisc.edu/pub/realearth/brisk/2025/BIA-4-ND-dNBR_20250508_235959.tif
BICY-Mullet-Rx-2025,FL,2025-07-09,BICY-Mullet-Rx-2025-FL-dNBR_20250709_235959.tif,https://bin.ssec.wisc.edu/pub/realearth/brisk/2025/BICY-Mullet-Rx-2025-FL-dNBR_20250709_235959.tif
Barber,NV,2025-07-06,Barber-NV-dNBR_20250706_235959.tif,https://bin.ssec.wisc.edu/pub/realearth/brisk/2025/Barber-NV-dNBR_20250706_235959.tif
Barber,NV,2025-07-07,Barber-NV-dNBR_20250707_235959.tif,https://bin.ssec.wisc.edu/pub/realearth/brisk/2025/Barber-NV-dNBR_20250707_235959.tif
Barber,NV,2025-07-08,Barber-NV-dNBR_20250708_235959.tif,https://bin.ssec.wisc.edu/pub/realearth/brisk/2025/Barber-NV-dNBR_20250708_235959.tif
Barber,NV,2025-07-09,Barber-NV-dNBR_20250709_235959.tif,https://bin.ssec.wisc.edu/pub/realearth/brisk/2025/Barber-NV-dNBR_20250709_235959.tif
Barber,NV,2025-07-10,Barber-NV-dNBR_20250710_235959.tif,https://bin.ssec.wisc.edu/pub/realearth/brisk/2025/Barber-NV-dNBR_20250710_235959.tif
Barber,NV,2025-07-11,Barber-NV-dNBR_20250711_235959.tif,https://bin.ssec.wisc.edu/pub/realearth/brisk/2025/Barber-NV-dNBR_20250711_235959.tif
Bartlett,NV,2025-07-06,Bartlett-NV-dNBR_20250706_235959.tif,https://bin.ssec.wisc.edu/pub/realearth/brisk/2025/Bartlett-NV-dNBR_20250706_235959.tif
Bartlett,NV,2025-07-07,Bartlett-NV-dNBR_20250707_235959.tif,https://bin.ssec.wisc.edu/pub/realearth/brisk/2025/Bartlett-NV-dNBR_20250707_235959.tif
Bartlett,NV,2025-07-08,Bartlett-NV-dNBR_20250708_235959.tif,https://bin.ssec.wisc.edu/pub/realearth/brisk/2025/Bartlett-NV-dNBR_20250708_235959.tif
Basin,AZ,2025-06-10,Basin-AZ-dNBR_20250610_235959.tif,https://bin.ssec.wisc.edu/pub/realearth/brisk/2025/Basin-AZ-dNBR_20250610_235959.tif
Basin,AZ,2025-06-11,Basin-AZ-dNBR_20250611_235959.tif,https://bin.ssec.wisc.edu/pub/realearth/brisk/2025/Basin-AZ-dNBR_20250611_235959.tif
Basin,AZ,2025-06-15,Basin-AZ-dNBR_20250615_235959.tif,https://bin.ssec.wisc.edu/pub/realearth/brisk/2025/Basin-AZ-dNBR_20250615_235959.tif
Basin,AZ,2025-06-16,Basin-AZ-dNBR_20250616_235959.tif,https://bin.ssec.wisc.edu/pub/realearth/brisk/2025/Basin-AZ-dNBR_20250616_235959.tif
Basin,AZ,2025-06-17,Basin-AZ-dNBR_20250617_235959.tif,https://bin.ssec.wisc.edu/pub/realearth/brisk/2025/Basin-AZ-dNBR_20250617_235959.tif
Basin,AZ,2025-06-18,Basin-AZ-dNBR_20250618_235959.tif,https://bin.ssec.wisc.edu/pub/realearth/brisk/2025/Basin-AZ-dNBR_20250618_235959.tif
Basin,AZ,2025-06-19,Basin-AZ-dNBR_20250619_235959.tif,https://bin.ssec.wisc.edu/pub/realearth/brisk/2025/Basin-AZ-dNBR_20250619_235959.tif
Basin,AZ,2025-06-20,Basin-AZ-dNBR_20250620_235959.tif,https://bin.ssec.wisc.edu/pub/realearth/brisk/2025/Basin-AZ-dNBR_20250620_235959.tif
Basin,AZ,2025-06-21,Basin-AZ-dNBR_20250621_235959.tif,https://bin.ssec.wisc.edu/pub/realearth/brisk/2025/Basin-AZ-dNBR_20250621_235959.tif
Basin,AZ,2025-06-22,Basin-AZ-dNBR_20250622_235959.tif,https://bin.ssec.wisc.edu/pub/realearth/brisk/2025/Basin-AZ-dNBR_20250622_235959.tif
Basin,AZ,2025-06-23,Basin-AZ-dNBR_20250623_235959.tif,https://bin.ssec.wisc.edu/pub/realearth/brisk/2025/Basin-AZ-dNBR_20250623_235959.tif
Basin,AZ,2025-06-24,Basin-AZ-dNBR_20250624_235959.tif,https://bin.ssec.wisc.edu/pub/realearth/brisk/2025/Basin-AZ-dNBR_20250624_235959.tif
Basin,AZ,2025-06-25,Basin-AZ-dNBR_20250625_235959.tif,https://bin.ssec.wisc.edu/pub/realearth/brisk/2025/Basin-AZ-dNBR_20250625_235959.tif
Basin,AZ,2025-06-26,Basin-AZ-dNBR_20250626_235959.tif,https://bin.ssec.wisc.edu/pub/realearth/brisk/2025/Basin-AZ-dNBR_20250626_235959.tif
Basin,AZ,2025-06-27,Basin-AZ-dNBR_20250627_235959.tif,https://bin.ssec.wisc.edu/pub/realearth/brisk/2025/Basin-AZ-dNBR_20250627_235959.tif
Basin,AZ,2025-06-28,Basin-AZ-dNBR_20250628_235959.tif,https://bin.ssec.wisc.edu/pub/realearth/brisk/2025/Basin-AZ-dNBR_20250628_235959.tif
Basin,AZ,2025-06-29,Basin-AZ-dNBR_20250629_235959.tif,https://bin.ssec.wisc.edu/pub/realearth/brisk/2025/Basin-AZ-dNBR_20250629_235959.tif
Basin,AZ,2025-06-30,Basin-AZ-dNBR_20250630_235959.tif,https://bin.ssec.wisc.edu/pub/realearth/brisk/2025/Basin-AZ-dNBR_20250630_235959.tif
Basin,AZ,2025-07-01,Basin-AZ-dNBR_20250701_235959.tif,https://bin.ssec.wisc.edu/pub/realearth/brisk/2025/Basin-AZ-dNBR_20250701_235959.tif
Basin,AZ,2025-07-02,Basin-AZ-dNBR_20250702_235959.tif,https://bin.ssec.wisc.edu/pub/realearth/brisk/2025/Basin-AZ-dNBR_20250702_235959.tif
Basin,AZ,2025-07-03,Basin-AZ-dNBR_20250703_235959.tif,https://bin.ssec.wisc.edu/pub/realearth/brisk/2025/Basin-AZ-dNBR_20250703_235959.tif
Basin,AZ,2025-07-04,Basin-AZ-dNBR_20250704_235959.tif,https://bin.ssec.wisc.edu/pub/realearth/brisk/2025/Basin-AZ-dNBR_20250704_235959.tif
Basin,AZ,2025-07-05,Basin-AZ-dNBR_20250705_235959.tif,https://bin.ssec.wisc.edu/pub/realearth/brisk/2025/Basin-AZ-dNBR_20250705_235959.tif
Basin,AZ,2025-07-06,Basin-AZ-dNBR_20250706_235959.tif,https://bin.ssec.wisc.edu/pub/realearth/brisk/2025/Basin-AZ-dNBR_20250706_235959.tif
Basin,AZ,2025-07-07,Basin-AZ-dNBR_20250707_235959.tif,https://bin.ssec.wisc.edu/pub/realearth/brisk/2025/Basin-AZ-dNBR_20250707_235959.tif
Basin,AZ,2025-07-08,Basin-AZ-dNBR_20250708_235959.tif,https://bin.ssec.wisc.edu/pub/realearth/brisk/2025/Basin-AZ-dNBR_20250708_235959.tif
Bear-Gulch,WA,2025-08-06,Bear-Gulch-WA-dNBR_20250806_235959.tif,https://bin.ssec.wisc.edu/pub/realearth/brisk/2025/Bear-Gulch-WA-dNBR_20250806_235959.tif
Bear-Gulch,WA,2025-08-07,Bear-Gulch-WA-dNBR_20250807_235959.tif,https://bin.ssec.wisc.edu/pub/realearth/brisk/2025/Bear-Gulch-WA-dNBR_20250807_235959.tif
Bear-Gulch,WA,2025-08-08,Bear-Gulch-WA-dNBR_20250808_235959.tif,https://bin.ssec.wisc.edu/pub/realearth/brisk/2025/Bear-Gulch-WA-dNBR_20250808_235959.tif
Bear-Gulch,WA,2025-08-09,Bear-Gulch-WA-dNBR_20250809_235959.tif,https://bin.ssec.wisc.edu/pub/realearth/brisk/2025/Bear-Gulch-WA-dNBR_20250809_235959.tif
Bear-Gulch,WA,2025-08-10,Bear-Gulch-WA-dNBR_20250810_235959.tif,https://bin.ssec.wisc.edu/pub/realearth/brisk/2025/Bear-Gulch-WA-dNBR_20250810_235959.tif
Bear-Gulch,WA,2025-08-11,Bear-Gulch-WA-dNBR_20250811_235959.tif,https://bin.ssec.wisc.edu/pub/realearth/brisk/2025/Bear-Gulch-WA-dNBR_20250811_235959.tif
Bear-Gulch,WA,2025-08-12,Bear-Gulch-WA-dNBR_20250812_235959.tif,https://bin.ssec.wisc.edu/pub/realearth/brisk/2025/Bear-Gulch-WA-dNBR_20250812_235959.tif
Bear-Gulch,WA,2025-08-13,Bear-Gulch-WA-dNBR_20250813_235959.tif,https://bin.ssec.wisc.edu/pub/realearth/brisk/2025/Bear-Gulch-WA-dNBR_20250813_235959.tif
Bear-Gulch,WA,2025-08-14,Bear-Gulch-WA-dNBR_20250814_235959.tif,https://bin.ssec.wisc.edu/pub/realearth/brisk/2025/Bear-Gulch-WA-dNBR_20250814_235959.tif
Bear-Gulch,WA,2025-08-15,Bear-Gulch-WA-dNBR_20250815_235959.tif,https://bin.ssec.wisc.edu/pub/realearth/brisk/2025/Bear-Gulch-WA-dNBR_20250815_235959.tif
Bear-Gulch,WA,2025-08-16,Bear-Gulch-WA-dNBR_20250816_235959.tif,https://bin.ssec.wisc.edu/pub/realearth/brisk/2025/Bear-Gulch-WA-dNBR_20250816_235959.tif
Bear-Gulch,WA,2025-08-17,Bear-Gulch-WA-dNBR_20250817_235959.tif,https://bin.ssec.wisc.edu/pub/realearth/brisk/2025/Bear-Gulch-WA-dNBR_20250817_235959.tif
Bear-Gulch,WA,2025-08-18,Bear-Gulch-WA-dNBR_20250818_235959.tif,https://bin.ssec.wisc.edu/pub/realearth/brisk/2025/Bear-Gulch-WA-dNBR_20250818_235959.tif
Bear-Gulch,WA,2025-08-19,Bear-Gulch-WA-dNBR_20250819_235959.tif,https://bin.ssec.wisc.edu/pub/realearth/brisk/2025/Bear-Gulch-WA-dNBR_20250819_235959.tif
Bear-Gulch,WA,2025-08-20,Bear-Gulch-WA-dNBR_20250820_235959.tif,https://bin.ssec.wisc.edu/pub/realearth/brisk/2025/Bear-Gulch-WA-dNBR_20250820_235959.tif
Bear-Gulch,WA,2025-08-21,Bear-Gulch-WA-dNBR_20250821_235959.tif,https://bin.ssec.wisc.edu/pub/realearth/brisk/2025/Bear-Gulch-WA-dNBR_20250821_235959.tif
Bear-Gulch,WA,2025-08-22,Bear-Gulch-WA-dNBR_20250822_235959.tif,https://bin.ssec.wisc.edu/pub/realearth/brisk/2025/Bear-Gulch-WA-dNBR_20250822_235959.tif
Bear-Gulch,WA,2025-08-23,Bear-Gulch-WA-dNBR_20250823_235959.tif,https://bin.ssec.wisc.edu/pub/realearth/brisk/2025/Bear-Gulch-WA-dNBR_20250823_235959.tif
Bear-Gulch,WA,2025-08-24,Bear-Gulch-WA-dNBR_20250824_235959.tif,https://bin.ssec.wisc.edu/pub/realearth/brisk/2025/Bear-Gulch-WA-dNBR_20250824_235959.tif
Bear-Gulch,WA,2025-08-25,Bear-Gulch-WA-dNBR_20250825_235959.tif,https://bin.ssec.wisc.edu/pub/realearth/brisk/2025/Bear-Gulch-WA-dNBR_20250825_235959.tif
Bear-Gulch,WA,2025-08-26,Bear-Gulch-WA-dNBR_20250826_235959.tif,https://bin.ssec.wisc.edu/pub/realearth/brisk/2025/Bear-Gulch-WA-dNBR_20250826_235959.tif
Bear-Gulch,WA,2025-09-01,Bear-Gulch-WA-dNBR_20250901_235959.tif,https://bin.ssec.wisc.edu/pub/realearth/brisk/2025/Bear-Gulch-WA-dNBR_20250901_235959.tif
Bear-Gulch,WA,2025-09-02,Bear-Gulch-WA-dNBR_20250902_235959.tif,https://bin.ssec.wisc.edu/pub/realearth/brisk/2025/Bear-Gulch-WA-dNBR_20250902_235959.tif
Bear-Gulch,WA,2025-09-03,Bear-Gulch-WA-dNBR_20250903_235959.tif,https://bin.ssec.wisc.edu/pub/realearth/brisk/2025/Bear-Gulch-WA-dNBR_20250903_235959.tif
Bear-Gulch,WA,2025-09-04,Bear-Gulch-WA-dNBR_20250904_235959.tif,https://bin.ssec.wisc.edu/pub/realearth/brisk/2025/Bear-Gulch-WA-dNBR_20250904_235959.tif
Bear-Gulch,WA,2025-09-05,Bear-Gulch-WA-dNBR_20250905_235959.tif,https://bin.ssec.wisc.edu/pub/realearth/brisk/2025/Bear-Gulch-WA-dNBR_20250905_235959.tif
Bear-Gulch,WA,2025-09-06,Bear-Gulch-WA-dNBR_20250906_235959.tif,https://bin.ssec.wisc.edu/pub/realearth/brisk/2025/Bear-Gulch-WA-dNBR_20250906_235959.tif
Bear-Gulch,WA,2025-09-07,Bear-Gulch-WA-dNBR_20250907_235959.tif,https://bin.ssec.wisc.edu/pub/realearth/brisk/2025/Bear-Gulch-WA-dNBR_20250907_235959.tif
Bear-Gulch,WA,2025-09-08,Bear-Gulch-WA-dNBR_20250908_235959.tif,https://bin.ssec.wisc.edu/pub/realearth/brisk/2025/Bear-Gulch-WA-dNBR_20250908_235959.tif
Bear-Gulch,WA,2025-09-09,Bear-Gulch-WA-dNBR_20250909_235959.tif,https://bin.ssec.wisc.edu/pub/realearth/brisk/2025/Bear-Gulch-WA-dNBR_20250909_235959.tif
Bear-Gulch,WA,2025-09-10,Bear-Gulch-WA-dNBR_20250910_235959.tif,https://bin.ssec.wisc.edu/pub/realearth/brisk/2025/Bear-Gulch-WA-dNBR_20250910_235959.tif
Bear-Gulch,WA,2025-09-11,Bear-Gulch-WA-dNBR_20250911_235959.tif,https://bin.ssec.wisc.edu/pub/realearth/brisk/2025/Bear-Gulch-WA-dNBR_20250911_235959.tif
Bear-Gulch,WA,2025-09-12,Bear-Gulch-WA-dNBR_20250912_235959.tif,https://bin.ssec.wisc.edu/pub/realearth/brisk/2025/Bear-Gulch-WA-dNBR_20250912_235959.tif
Bear-Gulch,WA,2025-09-13,Bear-Gulch-WA-dNBR_20250913_235959.tif,https://bin.ssec.wisc.edu/pub/realearth/brisk/2025/Bear-Gulch-WA-dNBR_20250913_235959.tif
Bear-Gulch,WA,2025-09-14,Bear-Gulch-WA-dNBR_20250914_235959.tif,https://bin.ssec.wisc.edu/pub/realearth/brisk/2025/Bear-Gulch-WA-dNBR_20250914_235959.tif
Bear-Gulch,WA,2025-09-15,Bear-Gulch-WA-dNBR_20250915_235959.tif,https://bin.ssec.wisc.edu/pub/realearth/brisk/2025/Bear-Gulch-WA-dNBR_20250915_235959.tif
Bear-Gulch,WA,2025-09-16,Bear-Gulch-WA-dNBR_20250916_235959.tif,https://bin.ssec.wisc.edu/pub/realearth/brisk/2025/Bear-Gulch-WA-dNBR_20250916_235959.tif
Bear-Gulch,WA,2025-09-17,Bear-Gulch-WA-dNBR_20250917_235959.tif,https://bin.ssec.wisc.edu/pub/realearth/brisk/2025/Bear-Gulch-WA-dNBR_20250917_235959.tif
Bear-Gulch,WA,2025-09-18,Bear-Gulch-WA-dNBR_20250918_235959.tif,https://bin.ssec.wisc.edu/pub/realearth/brisk/2025/Bear-Gulch-WA-dNBR_20250918_235959.tif
Bear-Gulch,WA,2025-09-19,Bear-Gulch-WA-dNBR_20250919_235959.tif,https://bin.ssec.wisc.edu/pub/realearth/brisk/2025/Bear-Gulch-WA-dNBR_20250919_235959.tif
Bear-Gulch,WA,2025-09-20,Bear-Gulch-WA-dNBR_20250920_235959.tif,https://bin.ssec.wisc.edu/pub/realearth/brisk/2025/Bear-Gulch-WA-dNBR_20250920_235959.tif
Bear-Gulch,WA,2025-09-21,Bear-Gulch-WA-dNBR_20250921_235959.tif,https://bin.ssec.wisc.edu/pub/realearth/brisk/2025/Bear-Gulch-WA-dNBR_20250921_235959.tif
Bear-Gulch,WA,2025-09-22,Bear-Gulch-WA-dNBR_20250922_235959.tif,https://bin.ssec.wisc.edu/pub/realearth/brisk/2025/Bear-Gulch-WA-dNBR_20250922_235959.tif
Bear-Gulch,WA,2025-09-24,Bear-Gulch-WA-dNBR_20250924_235959.tif,https://bin.ssec.wisc.edu/pub/realearth/brisk/2025/Bear-Gulch-WA-dNBR_20250924_235959.tif
Bear-Gulch,WA,2025-09-25,Bear-Gulch-WA-dNBR_20250925_235959.tif,https://bin.ssec.wisc.edu/pub/realearth/brisk/2025/Bear-Gulch-WA-dNBR_20250925_235959.tif
Bear-Gulch,WA,2025-09-26,Bear-Gulch-WA-dNBR_20250926_235959.tif,https://bin.ssec.wisc.edu/pub/realearth/brisk/2025/Bear-Gulch-WA-dNBR_20250926_235959.tif
Bear-Gulch,WA,2025-09-27,Bear-Gulch-WA-dNBR_20250927_235959.tif,https://bin.ssec.wisc.edu/pub/realearth/brisk/2025/Bear-Gulch-WA-dNBR_20250927_235959.tif
Bear-Gulch,WA,2025-09-28,Bear-Gulch-WA-dNBR_20250928_235959.tif,https://bin.ssec.wisc.edu/pub/realearth/brisk/2025/Bear-Gulch-WA-dNBR_20250928_235959.tif
Bear-Gulch,WA,2025-09-29,Bear-Gulch-WA-dNBR_20250929_235959.tif,https://bin.ssec.wisc.edu/pub/realearth/brisk/2025/Bear-Gulch-WA-dNBR_20250929_235959.tif
Bear-Gulch,WA,2025-09-30,Bear-Gulch-WA-dNBR_20250930_235959.tif,https://bin.ssec.wisc.edu/pub/realearth/brisk/2025/Bear-Gulch-WA-dNBR_20250930_235959.tif
Bear-Gulch,WA,2025-10-01,Bear-Gulch-WA-dNBR_20251001_235959.tif,https://bin.ssec.wisc.edu/pub/realearth/brisk/2025/Bear-Gulch-WA-dNBR_20251001_235959.tif
Bear-Gulch,WA,2025-10-02,Bear-Gulch-WA-dNBR_20251002_235959.tif,https://bin.ssec.wisc.edu/pub/realearth/brisk/2025/Bear-Gulch-WA-dNBR_20251002_235959.tif
Bear-Gulch,WA,2025-10-06,Bear-Gulch-WA-dNBR_20251006_235959.tif,https://bin.ssec.wisc.edu/pub/realearth/brisk/2025/Bear-Gulch-WA-dNBR_20251006_235959.tif
Bear-Gulch,WA,2025-10-07,Bear-Gulch-WA-dNBR_20251007_235959.tif,https://bin.ssec.wisc.edu/pub/realearth/brisk/2025/Bear-Gulch-WA-dNBR_20251007_235959.tif
Bear-Gulch,WA,2025-10-08,Bear-Gulch-WA-dNBR_20251008_235959.tif,https://bin.ssec.wisc.edu/pub/realearth/brisk/2025/Bear-Gulch-WA-dNBR_20251008_235959.tif
Bear-Gulch,WA,2025-10-09,Bear-Gulch-WA-dNBR_20251009_235959.tif,https://bin.ssec.wisc.edu/pub/realearth/brisk/2025/Bear-Gulch-WA-dNBR_20251009_235959.tif
Bear-Gulch,WA,2025-10-10,Bear-Gulch-WA-dNBR_20251010_235959.tif,https://bin.ssec.wisc.edu/pub/realearth/brisk/2025/Bear-Gulch-WA-dNBR_20251010_235959.tif
Bear-Gulch,WA,2025-10-11,Bear-Gulch-WA-dNBR_20251011_235959.tif,https://bin.ssec.wisc.edu/pub/realearth/brisk/2025/Bear-Gulch-WA-dNBR_20251011_235959.tif
Bear-Gulch,WA,2025-10-12,Bear-Gulch-WA-dNBR_20251012_235959.tif,https://bin.ssec.wisc.edu/pub/realearth/brisk/2025/Bear-Gulch-WA-dNBR_20251012_235959.tif
Bear-Gulch,WA,2025-10-13,Bear-Gulch-WA-dNBR_20251013_235959.tif,https://bin.ssec.wisc.edu/pub/realearth/brisk/2025/Bear-Gulch-WA-dNBR_20251013_235959.tif
Bear-Gulch,WA,2025-10-14,Bear-Gulch-WA-dNBR_20251014_235959.tif,https://bin.ssec.wisc.edu/pub/realearth/brisk/2025/Bear-Gulch-WA-dNBR_20251014_235959.tif
Bear-Gulch,WA,2025-10-15,Bear-Gulch-WA-dNBR_20251015_235959.tif,https://bin.ssec.wisc.edu/pub/realearth/brisk/2025/Bear-Gulch-WA-dNBR_20251015_235959.tif
Bear-Gulch,WA,2025-10-16,Bear-Gulch-WA-dNBR_20251016_235959.tif,https://bin.ssec.wisc.edu/pub/realearth/brisk/2025/Bear-Gulch-WA-dNBR_20251016_235959.tif
Bear-Gulch,WA,2025-10-18,Bear-Gulch-WA-dNBR_20251018_235959.tif,https://bin.ssec.wisc.edu/pub/realearth/brisk/2025/Bear-Gulch-WA-dNBR_20251018_235959.tif
Bear-Gulch,WA,2025-10-19,Bear-Gulch-WA-dNBR_20251019_235959.tif,https://bin.ssec.wisc.edu/pub/realearth/brisk/2025/Bear-Gulch-WA-dNBR_20251019_235959.tif
Bear-Gulch,WA,2025-10-30,Bear-Gulch-WA-dNBR_20251030_235959.tif,https://bin.ssec.wisc.edu/pub/realearth/brisk/2025/Bear-Gulch-WA-dNBR_20251030_235959.tif
Bear-Gulch,WA,2025-10-31,Bear-Gulch-WA-dNBR_20251031_235959.tif,https://bin.ssec.wisc.edu/pub/realearth/brisk/2025/Bear-Gulch-WA-dNBR_20251031_235959.tif
Bear-Gulch,WA,2025-11-01,Bear-Gulch-WA-dNBR_20251101_235959.tif,https://bin.ssec.wisc.edu/pub/realearth/brisk/2025/Bear-Gulch-WA-dNBR_20251101_235959.tif
Beulah,UT,2025-08-20,Beulah-UT-dNBR_20250820_235959.tif,https://bin.ssec.wisc.edu/pub/realearth/brisk/2025/Beulah-UT-dNBR_20250820_235959.tif
Beulah,UT,2025-08-21,Beulah-UT-dNBR_20250821_235959.tif,https://bin.ssec.wisc.edu/pub/realearth/brisk/2025/Beulah-UT-dNBR_20250821_235959.tif
Beulah,UT,2025-08-22,Beulah-UT-dNBR_20250822_235959.tif,https://bin.ssec.wisc.edu/pub/realearth/brisk/2025/Beulah-UT-dNBR_20250822_235959.tif
Beulah,UT,2025-08-23,Beulah-UT-dNBR_20250823_235959.tif,https://bin.ssec.wisc.edu/pub/realearth/brisk/2025/Beulah-UT-dNBR_20250823_235959.tif
Beulah,UT,2025-08-25,Beulah-UT-dNBR_20250825_235959.tif,https://bin.ssec.wisc.edu/pub/realearth/brisk/2025/Beulah-UT-dNBR_20250825_235959.tif
Beulah,UT,2025-08-26,Beulah-UT-dNBR_20250826_235959.tif,https://bin.ssec.wisc.edu/pub/realearth/brisk/2025/Beulah-UT-dNBR_20250826_235959.tif
Beulah,UT,2025-09-01,Beulah-UT-dNBR_20250901_235959.tif,https://bin.ssec.wisc.edu/pub/realearth/brisk/2025/Beulah-UT-dNBR_20250901_235959.tif
Beulah,UT,2025-09-02,Beulah-UT-dNBR_20250902_235959.tif,https://bin.ssec.wisc.edu/pub/realearth/brisk/2025/Beulah-UT-dNBR_20250902_235959.tif
Beulah,UT,2025-09-03,Beulah-UT-dNBR_20250903_235959.tif,https://bin.ssec.wisc.edu/pub/realearth/brisk/2025/Beulah-UT-dNBR_20250903_235959.tif
Beulah,UT,2025-09-04,Beulah-UT-dNBR_20250904_235959.tif,https://bin.ssec.wisc.edu/pub/realearth/brisk/2025/Beulah-UT-dNBR_20250904_235959.tif
Beulah,UT,2025-09-05,Beulah-UT-dNBR_20250905_235959.tif,https://bin.ssec.wisc.edu/pub/realearth/brisk/2025/Beulah-UT-dNBR_20250905_235959.tif
Beulah,UT,2025-09-06,Beulah-UT-dNBR_20250906_235959.tif,https://bin.ssec.wisc.edu/pub/realearth/brisk/2025/Beulah-UT-dNBR_20250906_235959.tif
Beulah,UT,2025-09-07,Beulah-UT-dNBR_20250907_235959.tif,https://bin.ssec.wisc.edu/pub/realearth/brisk/2025/Beulah-UT-dNBR_20250907_235959.tif
Beulah,UT,2025-09-08,Beulah-UT-dNBR_20250908_235959.tif,https://bin.ssec.wisc.edu/pub/realearth/brisk/2025/Beulah-UT-dNBR_20250908_235959.tif
Beulah,UT,2025-09-09,Beulah-UT-dNBR_20250909_235959.tif,https://bin.ssec.wisc.edu/pub/realearth/brisk/2025/Beulah-UT-dNBR_20250909_235959.tif
Beulah,UT,2025-09-10,Beulah-UT-dNBR_20250910_235959.tif,https://bin.ssec.wisc.edu/pub/realearth/brisk/2025/Beulah-UT-dNBR_20250910_235959.tif
Beulah,UT,2025-09-11,Beulah-UT-dNBR_20250911_235959.tif,https://bin.ssec.wisc.edu/pub/realearth/brisk/2025/Beulah-UT-dNBR_20250911_235959.tif
Beulah,UT,2025-09-12,Beulah-UT-dNBR_20250912_235959.tif,https://bin.ssec.wisc.edu/pub/realearth/brisk/2025/Beulah-UT-dNBR_20250912_235959.tif
Beulah,UT,2025-09-13,Beulah-UT-dNBR_20250913_235959.tif,https://bin.ssec.wisc.edu/pub/realearth/brisk/2025/Beulah-UT-dNBR_20250913_235959.tif
Beulah,UT,2025-09-14,Beulah-UT-dNBR_20250914_235959.tif,https://bin.ssec.wisc.edu/pub/realearth/brisk/2025/Beulah-UT-dNBR_20250914_235959.tif
Beulah,UT,2025-09-15,Beulah-UT-dNBR_20250915_235959.tif,https://bin.ssec.wisc.edu/pub/realearth/brisk/2025/Beulah-UT-dNBR_20250915_235959.tif
Beulah,UT,2025-09-16,Beulah-UT-dNBR_20250916_235959.tif,https://bin.ssec.wisc.edu/pub/realearth/brisk/2025/Beulah-UT-dNBR_20250916_235959.tif
Beulah,UT,2025-09-17,Beulah-UT-dNBR_20250917_235959.tif,https://bin.ssec.wisc.edu/pub/realearth/brisk/2025/Beulah-UT-dNBR_20250917_235959.tif
Beulah,UT,2025-09-18,Beulah-UT-dNBR_20250918_235959.tif,https://bin.ssec.wisc.edu/pub/realearth/brisk/2025/Beulah-UT-dNBR_20250918_235959.tif
Beulah,UT,2025-09-19,Beulah-UT-dNBR_20250919_235959.tif,https://bin.ssec.wisc.edu/pub/realearth/brisk/2025/Beulah-UT-dNBR_20250919_235959.tif
Beulah,UT,2025-09-20,Beulah-UT-dNBR_20250920_235959.tif,https://bin.ssec.wisc.edu/pub/realearth/brisk/2025/Beulah-UT-dNBR_20250920_235959.tif
Beulah,UT,2025-09-21,Beulah-UT-dNBR_20250921_235959.tif,https://bin.ssec.wisc.edu/pub/realearth/brisk/2025/Beulah-UT-dNBR_20250921_235959.tif
Beulah,UT,2025-09-22,Beulah-UT-dNBR_20250922_235959.tif,https://bin.ssec.wisc.edu/pub/realearth/brisk/2025/Beulah-UT-dNBR_20250922_235959.tif
Beulah,UT,2025-09-24,Beulah-UT-dNBR_20250924_235959.tif,https://bin.ssec.wisc.edu/pub/realearth/brisk/2025/Beulah-UT-dNBR_20250924_235959.tif
Beulah,UT,2025-09-25,Beulah-UT-dNBR_20250925_235959.tif,https://bin.ssec.wisc.edu/pub/realearth/brisk/2025/Beulah-UT-dNBR_20250925_235959.tif
Beulah,UT,2025-09-26,Beulah-UT-dNBR_20250926_235959.tif,https://bin.ssec.wisc.edu/pub/realearth/brisk/2025/Beulah-UT-dNBR_20250926_235959.tif
Beulah,UT,2025-09-27,Beulah-UT-dNBR_20250927_235959.tif,https://bin.ssec.wisc.edu/pub/realearth/brisk/2025/Beulah-UT-dNBR_20250927_235959.tif
Beulah,UT,2025-09-28,Beulah-UT-dNBR_20250928_235959.tif,https://bin.ssec.wisc.edu/pub/realearth/brisk/2025/Beulah-UT-dNBR_20250928_235959.tif
Beulah,UT,2025-09-29,Beulah-UT-dNBR_20250929_235959.tif,https://bin.ssec.wisc.edu/pub/realearth/brisk/2025/Beulah-UT-dNBR_20250929_235959.tif
Beulah,UT,2025-09-30,Beulah-UT-dNBR_20250930_235959.tif,https://bin.ssec.wisc.edu/pub/realearth/brisk/2025/Beulah-UT-dNBR_20250930_235959.tif
Beulah,UT,2025-10-01,Beulah-UT-dNBR_20251001_235959.tif,https://bin.ssec.wisc.edu/pub/realearth/brisk/2025/Beulah-UT-dNBR_20251001_235959.tif
Big-Bear,ID,2025-07-19,Big-Bear-ID-dNBR_20250719_235959.tif,https://bin.ssec.wisc.edu/pub/realearth/brisk/2025/Big-Bear-ID-dNBR_20250719_235959.tif
Big-Bear,ID,2025-07-20,Big-Bear-ID-dNBR_20250720_235959.tif,https://bin.ssec.wisc.edu/pub/realearth/brisk/2025/Big-Bear-ID-dNBR_20250720_235959.tif
Big-Bear,ID,2025-07-21,Big-Bear-ID-dNBR_20250721_235959.tif,https://bin.ssec.wisc.edu/pub/realearth/brisk/2025/Big-Bear-ID-dNBR_20250721_235959.tif
Big-Bear,ID,2025-07-22,Big-Bear-ID-dNBR_20250722_235959.tif,https://bin.ssec.wisc.edu/pub/realearth/brisk/2025/Big-Bear-ID-dNBR_20250722_235959.tif
Big-Bear,ID,2025-07-23,Big-Bear-ID-dNBR_20250723_235959.tif,https://bin.ssec.wisc.edu/pub/realearth/brisk/2025/Big-Bear-ID-dNBR_20250723_235959.tif
Big-Bear,ID,2025-07-24,Big-Bear-ID-dNBR_20250724_235959.tif,https://bin.ssec.wisc.edu/pub/realearth/brisk/2025/Big-Bear-ID-dNBR_20250724_235959.tif
Big-Bear,ID,2025-07-25,Big-Bear-ID-dNBR_20250725_235959.tif,https://bin.ssec.wisc.edu/pub/realearth/brisk/2025/Big-Bear-ID-dNBR_20250725_235959.tif
Big-Bear,ID,2025-07-26,Big-Bear-ID-dNBR_20250726_235959.tif,https://bin.ssec.wisc.edu/pub/realearth/brisk/2025/Big-Bear-ID-dNBR_20250726_235959.tif
Big-Bear,ID,2025-07-27,Big-Bear-ID-dNBR_20250727_235959.tif,https://bin.ssec.wisc.edu/pub/realearth/brisk/2025/Big-Bear-ID-dNBR_20250727_235959.tif
Big-Bear,ID,2025-07-28,Big-Bear-ID-dNBR_20250728_235959.tif,https://bin.ssec.wisc.edu/pub/realearth/brisk/2025/Big-Bear-ID-dNBR_20250728_235959.tif
Big-Bear,ID,2025-07-29,Big-Bear-ID-dNBR_20250729_235959.tif,https://bin.ssec.wisc.edu/pub/realearth/brisk/2025/Big-Bear-ID-dNBR_20250729_235959.tif
Big-Bear,ID,2025-07-30,Big-Bear-ID-dNBR_20250730_235959.tif,https://bin.ssec.wisc.edu/pub/realearth/brisk/2025/Big-Bear-ID-dNBR_20250730_235959.tif
Big-Bear,ID,2025-07-31,Big-Bear-ID-dNBR_20250731_235959.tif,https://bin.ssec.wisc.edu/pub/realearth/brisk/2025/Big-Bear-ID-dNBR_20250731_235959.tif
Big-Bear,ID,2025-08-01,Big-Bear-ID-dNBR_20250801_235959.tif,https://bin.ssec.wisc.edu/pub/realearth/brisk/2025/Big-Bear-ID-dNBR_20250801_235959.tif
Big-Bear,ID,2025-08-02,Big-Bear-ID-dNBR_20250802_235959.tif,https://bin.ssec.wisc.edu/pub/realearth/brisk/2025/Big-Bear-ID-dNBR_20250802_235959.tif
Big-Bear,ID,2025-08-03,Big-Bear-ID-dNBR_20250803_235959.tif,https://bin.ssec.wisc.edu/pub/realearth/brisk/2025/Big-Bear-ID-dNBR_20250803_235959.tif
Big-Bear,ID,2025-08-04,Big-Bear-ID-dNBR_20250804_235959.tif,https://bin.ssec.wisc.edu/pub/realearth/brisk/2025/Big-Bear-ID-dNBR_20250804_235959.tif
Big-Bear,ID,2025-08-05,Big-Bear-ID-dNBR_20250805_235959.tif,https://bin.ssec.wisc.edu/pub/realearth/brisk/2025/Big-Bear-ID-dNBR_20250805_235959.tif
Big-Bear,ID,2025-08-06,Big-Bear-ID-dNBR_20250806_235959.tif,https://bin.ssec.wisc.edu/pub/realearth/brisk/2025/Big-Bear-ID-dNBR_20250806_235959.tif
Big-Bear,ID,2025-08-07,Big-Bear-ID-dNBR_20250807_235959.tif,https://bin.ssec.wisc.edu/pub/realearth/brisk/2025/Big-Bear-ID-dNBR_20250807_235959.tif
Big-Bear,ID,2025-08-08,Big-Bear-ID-dNBR_20250808_235959.tif,https://bin.ssec.wisc.edu/pub/realearth/brisk/2025/Big-Bear-ID-dNBR_20250808_235959.tif
Big-Bear,ID,2025-08-09,Big-Bear-ID-dNBR_20250809_235959.tif,https://bin.ssec.wisc.edu/pub/realearth/brisk/2025/Big-Bear-ID-dNBR_20250809_235959.tif
Big-Bear,ID,2025-08-10,Big-Bear-ID-dNBR_20250810_235959.tif,https://bin.ssec.wisc.edu/pub/realearth/brisk/2025/Big-Bear-ID-dNBR_20250810_235959.tif
Big-Bear,ID,2025-08-11,Big-Bear-ID-dNBR_20250811_235959.tif,https://bin.ssec.wisc.edu/pub/realearth/brisk/2025/Big-Bear-ID-dNBR_20250811_235959.tif
Big-Bear,ID,2025-08-12,Big-Bear-ID-dNBR_20250812_235959.tif,https://bin.ssec.wisc.edu/pub/realearth/brisk/2025/Big-Bear-ID-dNBR_20250812_235959.tif
Big-Bear,ID,2025-08-13,Big-Bear-ID-dNBR_20250813_235959.tif,https://bin.ssec.wisc.edu/pub/realearth/brisk/2025/Big-Bear-ID-dNBR_20250813_235959.tif
Big-Bear,ID,2025-08-14,Big-Bear-ID-dNBR_20250814_235959.tif,https://bin.ssec.wisc.edu/pub/realearth/brisk/2025/Big-Bear-ID-dNBR_20250814_235959.tif
Big-Bear,ID,2025-08-15,Big-Bear-ID-dNBR_20250815_235959.tif,https://bin.ssec.wisc.edu/pub/realearth/brisk/2025/Big-Bear-ID-dNBR_20250815_235959.tif
Big-Bear,ID,2025-08-16,Big-Bear-ID-dNBR_20250816_235959.tif,https://bin.ssec.wisc.edu/pub/realearth/brisk/2025/Big-Bear-ID-dNBR_20250816_235959.tif
Big-Bear,ID,2025-08-17,Big-Bear-ID-dNBR_20250817_235959.tif,https://bin.ssec.wisc.edu/pub/realearth/brisk/2025/Big-Bear-ID-dNBR_20250817_235959.tif
Big-Bear,ID,2025-08-18,Big-Bear-ID-dNBR_20250818_235959.tif,https://bin.ssec.wisc.edu/pub/realearth/brisk/2025/Big-Bear-ID-dNBR_20250818_235959.tif
Big-Bear,ID,2025-08-19,Big-Bear-ID-dNBR_20250819_235959.tif,https://bin.ssec.wisc.edu/pub/realearth/brisk/2025/Big-Bear-ID-dNBR_20250819_235959.tif
Big-Bear,ID,2025-08-20,Big-Bear-ID-dNBR_20250820_235959.tif,https://bin.ssec.wisc.edu/pub/realearth/brisk/2025/Big-Bear-ID-dNBR_20250820_235959.tif
Big-Bear,ID,2025-08-21,Big-Bear-ID-dNBR_20250821_235959.tif,https://bin.ssec.wisc.edu/pub/realearth/brisk/2025/Big-Bear-ID-dNBR_20250821_235959.tif
Big-Bear,ID,2025-08-22,Big-Bear-ID-dNBR_20250822_235959.tif,https://bin.ssec.wisc.edu/pub/realearth/brisk/2025/Big-Bear-ID-dNBR_20250822_235959.tif
Big-Bear,ID,2025-08-23,Big-Bear-ID-dNBR_20250823_235959.tif,https://bin.ssec.wisc.edu/pub/realearth/brisk/2025/Big-Bear-ID-dNBR_20250823_235959.tif
Big-Bear,ID,2025-08-24,Big-Bear-ID-dNBR_20250824_235959.tif,https://bin.ssec.wisc.edu/pub/realearth/brisk/2025/Big-Bear-ID-dNBR_20250824_235959.tif
Big-Bear,ID,2025-08-25,Big-Bear-ID-dNBR_20250825_235959.tif,https://bin.ssec.wisc.edu/pub/realearth/brisk/2025/Big-Bear-ID-dNBR_20250825_235959.tif
Big-Bear,ID,2025-08-26,Big-Bear-ID-dNBR_20250826_235959.tif,https://bin.ssec.wisc.edu/pub/realearth/brisk/2025/Big-Bear-ID-dNBR_20250826_235959.tif
Big-Bear,ID,2025-09-01,Big-Bear-ID-dNBR_20250901_235959.tif,https://bin.ssec.wisc.edu/pub/realearth/brisk/2025/Big-Bear-ID-dNBR_20250901_235959.tif
Big-Bear,ID,2025-09-02,Big-Bear-ID-dNBR_20250902_235959.tif,https://bin.ssec.wisc.edu/pub/realearth/brisk/2025/Big-Bear-ID-dNBR_20250902_235959.tif
Big-Bear,ID,2025-09-03,Big-Bear-ID-dNBR_20250903_235959.tif,https://bin.ssec.wisc.edu/pub/realearth/brisk/2025/Big-Bear-ID-dNBR_20250903_235959.tif
Big-Bear,ID,2025-09-04,Big-Bear-ID-dNBR_20250904_235959.tif,https://bin.ssec.wisc.edu/pub/realearth/brisk/2025/Big-Bear-ID-dNBR_20250904_235959.tif
Big-Bear,ID,2025-09-05,Big-Bear-ID-dNBR_20250905_235959.tif,https://bin.ssec.wisc.edu/pub/realearth/brisk/2025/Big-Bear-ID-dNBR_20250905_235959.tif
Big-Bear,ID,2025-09-06,Big-Bear-ID-dNBR_20250906_235959.tif,https://bin.ssec.wisc.edu/pub/realearth/brisk/2025/Big-Bear-ID-dNBR_20250906_235959.tif
Big-Bear,ID,2025-09-07,Big-Bear-ID-dNBR_20250907_235959.tif,https://bin.ssec.wisc.edu/pub/realearth/brisk/2025/Big-Bear-ID-dNBR_20250907_235959.tif
Big-Bear,ID,2025-09-08,Big-Bear-ID-dNBR_20250908_235959.tif,https://bin.ssec.wisc.edu/pub/realearth/brisk/2025/Big-Bear-ID-dNBR_20250908_235959.tif
Big-Bear,ID,2025-09-09,Big-Bear-ID-dNBR_20250909_235959.tif,https://bin.ssec.wisc.edu/pub/realearth/brisk/2025/Big-Bear-ID-dNBR_20250909_235959.tif
Big-Bear,ID,2025-09-10,Big-Bear-ID-dNBR_20250910_235959.tif,https://bin.ssec.wisc.edu/pub/realearth/brisk/2025/Big-Bear-ID-dNBR_20250910_235959.tif
Big-Bear,ID,2025-09-11,Big-Bear-ID-dNBR_20250911_235959.tif,https://bin.ssec.wisc.edu/pub/realearth/brisk/2025/Big-Bear-ID-dNBR_20250911_235959.tif
Big-Bear,ID,2025-09-12,Big-Bear-ID-dNBR_20250912_235959.tif,https://bin.ssec.wisc.edu/pub/realearth/brisk/2025/Big-Bear-ID-dNBR_20250912_235959.tif
Big-Bear,ID,2025-09-13,Big-Bear-ID-dNBR_20250913_235959.tif,https://bin.ssec.wisc.edu/pub/realearth/brisk/2025/Big-Bear-ID-dNBR_20250913_235959.tif
Big-Bear,ID,2025-09-14,Big-Bear-ID-dNBR_20250914_235959.tif,https://bin.ssec.wisc.edu/pub/realearth/brisk/2025/Big-Bear-ID-dNBR_20250914_235959.tif
Big-Bear,ID,2025-09-15,Big-Bear-ID-dNBR_20250915_235959.tif,https://bin.ssec.wisc.edu/pub/realearth/brisk/2025/Big-Bear-ID-dNBR_20250915_235959.tif
Big-Bear,ID,2025-09-16,Big-Bear-ID-dNBR_20250916_235959.tif,https://bin.ssec.wisc.edu/pub/realearth/brisk/2025/Big-Bear-ID-dNBR_20250916_235959.tif
Big-Bear,ID,2025-09-17,Big-Bear-ID-dNBR_20250917_235959.tif,https://bin.ssec.wisc.edu/pub/realearth/brisk/2025/Big-Bear-ID-dNBR_20250917_235959.tif
Big-Bear,ID,2025-09-18,Big-Bear-ID-dNBR_20250918_235959.tif,https://bin.ssec.wisc.edu/pub/realearth/brisk/2025/Big-Bear-ID-dNBR_20250918_235959.tif
Big-Bear,ID,2025-09-19,Big-Bear-ID-dNBR_20250919_235959.tif,https://bin.ssec.wisc.edu/pub/realearth/brisk/2025/Big-Bear-ID-dNBR_20250919_235959.tif
Big-Bear,ID,2025-09-20,Big-Bear-ID-dNBR_20250920_235959.tif,https://bin.ssec.wisc.edu/pub/realearth/brisk/2025/Big-Bear-ID-dNBR_20250920_235959.tif
Big-Bear,ID,2025-09-21,Big-Bear-ID-dNBR_20250921_235959.tif,https://bin.ssec.wisc.edu/pub/realearth/brisk/2025/Big-Bear-ID-dNBR_20250921_235959.tif
Big-Bear,ID,2025-09-22,Big-Bear-ID-dNBR_20250922_235959.tif,https://bin.ssec.wisc.edu/pub/realearth/brisk/2025/Big-Bear-ID-dNBR_20250922_235959.tif
Big-Bear,ID,2025-09-24,Big-Bear-ID-dNBR_20250924_235959.tif,https://bin.ssec.wisc.edu/pub/realearth/brisk/2025/Big-Bear-ID-dNBR_20250924_235959.tif
Big-Bear,ID,2025-09-25,Big-Bear-ID-dNBR_20250925_235959.tif,https://bin.ssec.wisc.edu/pub/realearth/brisk/2025/Big-Bear-ID-dNBR_20250925_235959.tif
Big-Bear,ID,2025-09-26,Big-Bear-ID-dNBR_20250926_235959.tif,https://bin.ssec.wisc.edu/pub/realearth/brisk/2025/Big-Bear-ID-dNBR_20250926_235959.tif
Big-Bear,ID,2025-09-27,Big-Bear-ID-dNBR_20250927_235959.tif,https://bin.ssec.wisc.edu/pub/realearth/brisk/2025/Big-Bear-ID-dNBR_20250927_235959.tif
Big-Bear,ID,2025-09-28,Big-Bear-ID-dNBR_20250928_235959.tif,https://bin.ssec.wisc.edu/pub/realearth/brisk/2025/Big-Bear-ID-dNBR_20250928_235959.tif
Big-Bear,ID,2025-09-29,Big-Bear-ID-dNBR_20250929_235959.tif,https://bin.ssec.wisc.edu/pub/realearth/brisk/2025/Big-Bear-ID-dNBR_20250929_235959.tif
Big-Bear,ID,2025-09-30,Big-Bear-ID-dNBR_20250930_235959.tif,https://bin.ssec.wisc.edu/pub/realearth/brisk/2025/Big-Bear-ID-dNBR_20250930_235959.tif
Big-Bear,ID,2025-10-01,Big-Bear-ID-dNBR_20251001_235959.tif,https://bin.ssec.wisc.edu/pub/realearth/brisk/2025/Big-Bear-ID-dNBR_20251001_235959.tif
Big-Bear,ID,2025-10-02,Big-Bear-ID-dNBR_20251002_235959.tif,https://bin.ssec.wisc.edu/pub/realearth/brisk/2025/Big-Bear-ID-dNBR_20251002_235959.tif
Big-Bear,ID,2025-10-06,Big-Bear-ID-dNBR_20251006_235959.tif,https://bin.ssec.wisc.edu/pub/realearth/brisk/2025/Big-Bear-ID-dNBR_20251006_235959.tif
Billy,AZ,2025-08-07,Billy-AZ-dNBR_20250807_235959.tif,https://bin.ssec.wisc.edu/pub/realearth/brisk/2025/Billy-AZ-dNBR_20250807_235959.tif
Billy,AZ,2025-08-08,Billy-AZ-dNBR_20250808_235959.tif,https://bin.ssec.wisc.edu/pub/realearth/brisk/2025/Billy-AZ-dNBR_20250808_235959.tif
Billy,AZ,2025-08-09,Billy-AZ-dNBR_20250809_235959.tif,https://bin.ssec.wisc.edu/pub/realearth/brisk/2025/Billy-AZ-dNBR_20250809_235959.tif
Billy,AZ,2025-08-10,Billy-AZ-dNBR_20250810_235959.tif,https://bin.ssec.wisc.edu/pub/realearth/brisk/2025/Billy-AZ-dNBR_20250810_235959.tif
Billy,AZ,2025-08-11,Billy-AZ-dNBR_20250811_235959.tif,https://bin.ssec.wisc.edu/pub/realearth/brisk/2025/Billy-AZ-dNBR_20250811_235959.tif
Billy,AZ,2025-08-12,Billy-AZ-dNBR_20250812_235959.tif,https://bin.ssec.wisc.edu/pub/realearth/brisk/2025/Billy-AZ-dNBR_20250812_235959.tif
Billy,AZ,2025-08-13,Billy-AZ-dNBR_20250813_235959.tif,https://bin.ssec.wisc.edu/pub/realearth/brisk/2025/Billy-AZ-dNBR_20250813_235959.tif
Billy,AZ,2025-08-14,Billy-AZ-dNBR_20250814_235959.tif,https://bin.ssec.wisc.edu/pub/realearth/brisk/2025/Billy-AZ-dNBR_20250814_235959.tif
Billy,AZ,2025-08-15,Billy-AZ-dNBR_20250815_235959.tif,https://bin.ssec.wisc.edu/pub/realearth/brisk/2025/Billy-AZ-dNBR_20250815_235959.tif
Billy,AZ,2025-08-16,Billy-AZ-dNBR_20250816_235959.tif,https://bin.ssec.wisc.edu/pub/realearth/brisk/2025/Billy-AZ-dNBR_20250816_235959.tif
Billy,AZ,2025-08-17,Billy-AZ-dNBR_20250817_235959.tif,https://bin.ssec.wisc.edu/pub/realearth/brisk/2025/Billy-AZ-dNBR_20250817_235959.tif
Billy,AZ,2025-08-18,Billy-AZ-dNBR_20250818_235959.tif,https://bin.ssec.wisc.edu/pub/realearth/brisk/2025/Billy-AZ-dNBR_20250818_235959.tif
Billy,AZ,2025-08-19,Billy-AZ-dNBR_20250819_235959.tif,https://bin.ssec.wisc.edu/pub/realearth/brisk/2025/Billy-AZ-dNBR_20250819_235959.tif
Billy,AZ,2025-08-20,Billy-AZ-dNBR_20250820_235959.tif,https://bin.ssec.wisc.edu/pub/realearth/brisk/2025/Billy-AZ-dNBR_20250820_235959.tif
Billy,AZ,2025-08-21,Billy-AZ-dNBR_20250821_235959.tif,https://bin.ssec.wisc.edu/pub/realearth/brisk/2025/Billy-AZ-dNBR_20250821_235959.tif
Billy,AZ,2025-08-22,Billy-AZ-dNBR_20250822_235959.tif,https://bin.ssec.wisc.edu/pub/realearth/brisk/2025/Billy-AZ-dNBR_20250822_235959.tif
Billy,AZ,2025-08-23,Billy-AZ-dNBR_20250823_235959.tif,https://bin.ssec.wisc.edu/pub/realearth/brisk/2025/Billy-AZ-dNBR_20250823_235959.tif
Billy,AZ,2025-08-24,Billy-AZ-dNBR_20250824_235959.tif,https://bin.ssec.wisc.edu/pub/realearth/brisk/2025/Billy-AZ-dNBR_20250824_235959.tif
Billy,AZ,2025-08-25,Billy-AZ-dNBR_20250825_235959.tif,https://bin.ssec.wisc.edu/pub/realearth/brisk/2025/Billy-AZ-dNBR_20250825_235959.tif
Billy,AZ,2025-08-26,Billy-AZ-dNBR_20250826_235959.tif,https://bin.ssec.wisc.edu/pub/realearth/brisk/2025/Billy-AZ-dNBR_20250826_235959.tif
Billy,AZ,2025-09-01,Billy-AZ-dNBR_20250901_235959.tif,https://bin.ssec.wisc.edu/pub/realearth/brisk/2025/Billy-AZ-dNBR_20250901_235959.tif
Billy,AZ,2025-09-02,Billy-AZ-dNBR_20250902_235959.tif,https://bin.ssec.wisc.edu/pub/realearth/brisk/2025/Billy-AZ-dNBR_20250902_235959.tif
Billy,AZ,2025-09-03,Billy-AZ-dNBR_20250903_235959.tif,https://bin.ssec.wisc.edu/pub/realearth/brisk/2025/Billy-AZ-dNBR_20250903_235959.tif
Billy,AZ,2025-09-04,Billy-AZ-dNBR_20250904_235959.tif,https://bin.ssec.wisc.edu/pub/realearth/brisk/2025/Billy-AZ-dNBR_20250904_235959.tif
Billy,AZ,2025-09-05,Billy-AZ-dNBR_20250905_235959.tif,https://bin.ssec.wisc.edu/pub/realearth/brisk/2025/Billy-AZ-dNBR_20250905_235959.tif
Billy,AZ,2025-09-06,Billy-AZ-dNBR_20250906_235959.tif,https://bin.ssec.wisc.edu/pub/realearth/brisk/2025/Billy-AZ-dNBR_20250906_235959.tif
Billy,AZ,2025-09-07,Billy-AZ-dNBR_20250907_235959.tif,https://bin.ssec.wisc.edu/pub/realearth/brisk/2025/Billy-AZ-dNBR_20250907_235959.tif
Billy,AZ,2025-09-08,Billy-AZ-dNBR_20250908_235959.tif,https://bin.ssec.wisc.edu/pub/realearth/brisk/2025/Billy-AZ-dNBR_20250908_235959.tif
Billy,AZ,2025-09-09,Billy-AZ-dNBR_20250909_235959.tif,https://bin.ssec.wisc.edu/pub/realearth/brisk/2025/Billy-AZ-dNBR_20250909_235959.tif
Billy,AZ,2025-09-10,Billy-AZ-dNBR_20250910_235959.tif,https://bin.ssec.wisc.edu/pub/realearth/brisk/2025/Billy-AZ-dNBR_20250910_235959.tif
Billy,AZ,2025-09-11,Billy-AZ-dNBR_20250911_235959.tif,https://bin.ssec.wisc.edu/pub/realearth/brisk/2025/Billy-AZ-dNBR_20250911_235959.tif
Billy,AZ,2025-09-12,Billy-AZ-dNBR_20250912_235959.tif,https://bin.ssec.wisc.edu/pub/realearth/brisk/2025/Billy-AZ-dNBR_20250912_235959.tif
Billy,AZ,2025-09-13,Billy-AZ-dNBR_20250913_235959.tif,https://bin.ssec.wisc.edu/pub/realearth/brisk/2025/Billy-AZ-dNBR_20250913_235959.tif
Billy,AZ,2025-09-14,Billy-AZ-dNBR_20250914_235959.tif,https://bin.ssec.wisc.edu/pub/realearth/brisk/2025/Billy-AZ-dNBR_20250914_235959.tif
Billy,AZ,2025-09-15,Billy-AZ-dNBR_20250915_235959.tif,https://bin.ssec.wisc.edu/pub/realearth/brisk/2025/Billy-AZ-dNBR_20250915_235959.tif
Billy,AZ,2025-09-16,Billy-AZ-dNBR_20250916_235959.tif,https://bin.ssec.wisc.edu/pub/realearth/brisk/2025/Billy-AZ-dNBR_20250916_235959.tif
Billy,AZ,2025-09-17,Billy-AZ-dNBR_20250917_235959.tif,https://bin.ssec.wisc.edu/pub/realearth/brisk/2025/Billy-AZ-dNBR_20250917_235959.tif
Billy,AZ,2025-09-18,Billy-AZ-dNBR_20250918_235959.tif,https://bin.ssec.wisc.edu/pub/realearth/brisk/2025/Billy-AZ-dNBR_20250918_235959.tif
Billy,AZ,2025-09-19,Billy-AZ-dNBR_20250919_235959.tif,https://bin.ssec.wisc.edu/pub/realearth/brisk/2025/Billy-AZ-dNBR_20250919_235959.tif
Billy,AZ,2025-09-20,Billy-AZ-dNBR_20250920_235959.tif,https://bin.ssec.wisc.edu/pub/realearth/brisk/2025/Billy-AZ-dNBR_20250920_235959.tif
Billy,AZ,2025-09-21,Billy-AZ-dNBR_20250921_235959.tif,https://bin.ssec.wisc.edu/pub/realearth/brisk/2025/Billy-AZ-dNBR_20250921_235959.tif
Billy,AZ,2025-09-22,Billy-AZ-dNBR_20250922_235959.tif,https://bin.ssec.wisc.edu/pub/realearth/brisk/2025/Billy-AZ-dNBR_20250922_235959.tif
Billy,AZ,2025-09-24,Billy-AZ-dNBR_20250924_235959.tif,https://bin.ssec.wisc.edu/pub/realearth/brisk/2025/Billy-AZ-dNBR_20250924_235959.tif
Billy,AZ,2025-09-25,Billy-AZ-dNBR_20250925_235959.tif,https://bin.ssec.wisc.edu/pub/realearth/brisk/2025/Billy-AZ-dNBR_20250925_235959.tif
Billy,AZ,2025-09-26,Billy-AZ-dNBR_20250926_235959.tif,https://bin.ssec.wisc.edu/pub/realearth/brisk/2025/Billy-AZ-dNBR_20250926_235959.tif
Billy,AZ,2025-09-27,Billy-AZ-dNBR_20250927_235959.tif,https://bin.ssec.wisc.edu/pub/realearth/brisk/2025/Billy-AZ-dNBR_20250927_235959.tif
Billy,AZ,2025-09-28,Billy-AZ-dNBR_20250928_235959.tif,https://bin.ssec.wisc.edu/pub/realearth/brisk/2025/Billy-AZ-dNBR_20250928_235959.tif
Blind,AZ,2025-05-16,Blind-AZ-dNBR_20250516_235959.tif,https://bin.ssec.wisc.edu/pub/realearth/brisk/2025/Blind-AZ-dNBR_20250516_235959.tif
Blind,AZ,2025-05-17,Blind-AZ-dNBR_20250517_235959.tif,https://bin.ssec.wisc.edu/pub/realearth/brisk/2025/Blind-AZ-dNBR_20250517_235959.tif
Blind,AZ,2025-05-18,Blind-AZ-dNBR_20250518_235959.tif,https://bin.ssec.wisc.edu/pub/realearth/brisk/2025/Blind-AZ-dNBR_20250518_235959.tif
Blind,AZ,2025-05-19,Blind-AZ-dNBR_20250519_235959.tif,https://bin.ssec.wisc.edu/pub/realearth/brisk/2025/Blind-AZ-dNBR_20250519_235959.tif
Blind,AZ,2025-05-20,Blind-AZ-dNBR_20250520_235959.tif,https://bin.ssec.wisc.edu/pub/realearth/brisk/2025/Blind-AZ-dNBR_20250520_235959.tif
Blind,AZ,2025-05-21,Blind-AZ-dNBR_20250521_235959.tif,https://bin.ssec.wisc.edu/pub/realearth/brisk/2025/Blind-AZ-dNBR_20250521_235959.tif
Blind,AZ,2025-05-22,Blind-AZ-dNBR_20250522_235959.tif,https://bin.ssec.wisc.edu/pub/realearth/brisk/2025/Blind-AZ-dNBR_20250522_235959.tif
Blind,AZ,2025-05-23,Blind-AZ-dNBR_20250523_235959.tif,https://bin.ssec.wisc.edu/pub/realearth/brisk/2025/Blind-AZ-dNBR_20250523_235959.tif
Blind,AZ,2025-05-24,Blind-AZ-dNBR_20250524_235959.tif,https://bin.ssec.wisc.edu/pub/realearth/brisk/2025/Blind-AZ-dNBR_20250524_235959.tif
Blind,AZ,2025-05-25,Blind-AZ-dNBR_20250525_235959.tif,https://bin.ssec.wisc.edu/pub/realearth/brisk/2025/Blind-AZ-dNBR_20250525_235959.tif
Bronco,AZ,2025-08-07,Bronco-AZ-dNBR_20250807_235959.tif,https://bin.ssec.wisc.edu/pub/realearth/brisk/2025/Bronco-AZ-dNBR_20250807_235959.tif
Bronco,AZ,2025-08-08,Bronco-AZ-dNBR_20250808_235959.tif,https://bin.ssec.wisc.edu/pub/realearth/brisk/2025/Bronco-AZ-dNBR_20250808_235959.tif
Bronco,AZ,2025-08-09,Bronco-AZ-dNBR_20250809_235959.tif,https://bin.ssec.wisc.edu/pub/realearth/brisk/2025/Bronco-AZ-dNBR_20250809_235959.tif
Bronco,AZ,2025-08-10,Bronco-AZ-dNBR_20250810_235959.tif,https://bin.ssec.wisc.edu/pub/realearth/brisk/2025/Bronco-AZ-dNBR_20250810_235959.tif
Bronco,AZ,2025-08-11,Bronco-AZ-dNBR_20250811_235959.tif,https://bin.ssec.wisc.edu/pub/realearth/brisk/2025/Bronco-AZ-dNBR_20250811_235959.tif
Bronco,AZ,2025-08-12,Bronco-AZ-dNBR_20250812_235959.tif,https://bin.ssec.wisc.edu/pub/realearth/brisk/2025/Bronco-AZ-dNBR_20250812_235959.tif
Bronco,AZ,2025-08-13,Bronco-AZ-dNBR_20250813_235959.tif,https://bin.ssec.wisc.edu/pub/realearth/brisk/2025/Bronco-AZ-dNBR_20250813_235959.tif
Bronco,AZ,2025-08-14,Bronco-AZ-dNBR_20250814_235959.tif,https://bin.ssec.wisc.edu/pub/realearth/brisk/2025/Bronco-AZ-dNBR_20250814_235959.tif
Bronco,AZ,2025-08-15,Bronco-AZ-dNBR_20250815_235959.tif,https://bin.ssec.wisc.edu/pub/realearth/brisk/2025/Bronco-AZ-dNBR_20250815_235959.tif
Bronco,AZ,2025-08-16,Bronco-AZ-dNBR_20250816_235959.tif,https://bin.ssec.wisc.edu/pub/realearth/brisk/2025/Bronco-AZ-dNBR_20250816_235959.tif
Bronco,AZ,2025-08-17,Bronco-AZ-dNBR_20250817_235959.tif,https://bin.ssec.wisc.edu/pub/realearth/brisk/2025/Bronco-AZ-dNBR_20250817_235959.tif
Bronco,AZ,2025-08-18,Bronco-AZ-dNBR_20250818_235959.tif,https://bin.ssec.wisc.edu/pub/realearth/brisk/2025/Bronco-AZ-dNBR_20250818_235959.tif
Bronco,AZ,2025-08-19,Bronco-AZ-dNBR_20250819_235959.tif,https://bin.ssec.wisc.edu/pub/realearth/brisk/2025/Bronco-AZ-dNBR_20250819_235959.tif
Bronco,AZ,2025-08-20,Bronco-AZ-dNBR_20250820_235959.tif,https://bin.ssec.wisc.edu/pub/realearth/brisk/2025/Bronco-AZ-dNBR_20250820_235959.tif
Bronco,AZ,2025-08-21,Bronco-AZ-dNBR_20250821_235959.tif,https://bin.ssec.wisc.edu/pub/realearth/brisk/2025/Bronco-AZ-dNBR_20250821_235959.tif
Bronco,AZ,2025-08-22,Bronco-AZ-dNBR_20250822_235959.tif,https://bin.ssec.wisc.edu/pub/realearth/brisk/2025/Bronco-AZ-dNBR_20250822_235959.tif
Bronco,AZ,2025-08-23,Bronco-AZ-dNBR_20250823_235959.tif,https://bin.ssec.wisc.edu/pub/realearth/brisk/2025/Bronco-AZ-dNBR_20250823_235959.tif
Bronco,AZ,2025-08-24,Bronco-AZ-dNBR_20250824_235959.tif,https://bin.ssec.wisc.edu/pub/realearth/brisk/2025/Bronco-AZ-dNBR_20250824_235959.tif
Bronco,AZ,2025-08-25,Bronco-AZ-dNBR_20250825_235959.tif,https://bin.ssec.wisc.edu/pub/realearth/brisk/2025/Bronco-AZ-dNBR_20250825_235959.tif
Bronco,AZ,2025-08-26,Bronco-AZ-dNBR_20250826_235959.tif,https://bin.ssec.wisc.edu/pub/realearth/brisk/2025/Bronco-AZ-dNBR_20250826_235959.tif
Bronco,AZ,2025-09-01,Bronco-AZ-dNBR_20250901_235959.tif,https://bin.ssec.wisc.edu/pub/realearth/brisk/2025/Bronco-AZ-dNBR_20250901_235959.tif
Bronco,AZ,2025-09-02,Bronco-AZ-dNBR_20250902_235959.tif,https://bin.ssec.wisc.edu/pub/realearth/brisk/2025/Bronco-AZ-dNBR_20250902_235959.tif
Bronco,AZ,2025-09-03,Bronco-AZ-dNBR_20250903_235959.tif,https://bin.ssec.wisc.edu/pub/realearth/brisk/2025/Bronco-AZ-dNBR_20250903_235959.tif
Bronco,AZ,2025-09-04,Bronco-AZ-dNBR_20250904_235959.tif,https://bin.ssec.wisc.edu/pub/realearth/brisk/2025/Bronco-AZ-dNBR_20250904_235959.tif
Bronco,AZ,2025-09-05,Bronco-AZ-dNBR_20250905_235959.tif,https://bin.ssec.wisc.edu/pub/realearth/brisk/2025/Bronco-AZ-dNBR_20250905_235959.tif
Bronco,AZ,2025-09-06,Bronco-AZ-dNBR_20250906_235959.tif,https://bin.ssec.wisc.edu/pub/realearth/brisk/2025/Bronco-AZ-dNBR_20250906_235959.tif
Bronco,AZ,2025-09-07,Bronco-AZ-dNBR_20250907_235959.tif,https://bin.ssec.wisc.edu/pub/realearth/brisk/2025/Bronco-AZ-dNBR_20250907_235959.tif
Bronco,AZ,2025-09-28,Bronco-AZ-dNBR_20250928_235959.tif,https://bin.ssec.wisc.edu/pub/realearth/brisk/2025/Bronco-AZ-dNBR_20250928_235959.tif
Bronco,AZ,2025-09-30,Bronco-AZ-dNBR_20250930_235959.tif,https://bin.ssec.wisc.edu/pub/realearth/brisk/2025/Bronco-AZ-dNBR_20250930_235959.tif
Bronco,AZ,2025-10-06,Bronco-AZ-dNBR_20251006_235959.tif,https://bin.ssec.wisc.edu/pub/realearth/brisk/2025/Bronco-AZ-dNBR_20251006_235959.tif
Bronco,AZ,2025-10-07,Bronco-AZ-dNBR_20251007_235959.tif,https://bin.ssec.wisc.edu/pub/realearth/brisk/2025/Bronco-AZ-dNBR_20251007_235959.tif
Bronco,AZ,2025-10-08,Bronco-AZ-dNBR_20251008_235959.tif,https://bin.ssec.wisc.edu/pub/realearth/brisk/2025/Bronco-AZ-dNBR_20251008_235959.tif
Bronco,AZ,2025-10-09,Bronco-AZ-dNBR_20251009_235959.tif,https://bin.ssec.wisc.edu/pub/realearth/brisk/2025/Bronco-AZ-dNBR_20251009_235959.tif
Buck,NM,2025-06-15,Buck-NM-dNBR_20250615_235959.tif,https://bin.ssec.wisc.edu/pub/realearth/brisk/2025/Buck-NM-dNBR_20250615_235959.tif
Buck,NM,2025-06-16,Buck-NM-dNBR_20250616_235959.tif,https://bin.ssec.wisc.edu/pub/realearth/brisk/2025/Buck-NM-dNBR_20250616_235959.tif
Buck,NM,2025-06-17,Buck-NM-dNBR_20250617_235959.tif,https://bin.ssec.wisc.edu/pub/realearth/brisk/2025/Buck-NM-dNBR_20250617_235959.tif
Buck,NM,2025-06-18,Buck-NM-dNBR_20250618_235959.tif,https://bin.ssec.wisc.edu/pub/realearth/brisk/2025/Buck-NM-dNBR_20250618_235959.tif
Buck,NM,2025-06-19,Buck-NM-dNBR_20250619_235959.tif,https://bin.ssec.wisc.edu/pub/realearth/brisk/2025/Buck-NM-dNBR_20250619_235959.tif
Buck,NM,2025-06-20,Buck-NM-dNBR_20250620_235959.tif,https://bin.ssec.wisc.edu/pub/realearth/brisk/2025/Buck-NM-dNBR_20250620_235959.tif
Buck,NM,2025-06-21,Buck-NM-dNBR_20250621_235959.tif,https://bin.ssec.wisc.edu/pub/realearth/brisk/2025/Buck-NM-dNBR_20250621_235959.tif
Buck,NM,2025-06-22,Buck-NM-dNBR_20250622_235959.tif,https://bin.ssec.wisc.edu/pub/realearth/brisk/2025/Buck-NM-dNBR_20250622_235959.tif
Buck,NM,2025-06-23,Buck-NM-dNBR_20250623_235959.tif,https://bin.ssec.wisc.edu/pub/realearth/brisk/2025/Buck-NM-dNBR_20250623_235959.tif
Buck,NM,2025-06-24,Buck-NM-dNBR_20250624_235959.tif,https://bin.ssec.wisc.edu/pub/realearth/brisk/2025/Buck-NM-dNBR_20250624_235959.tif
Buck,NM,2025-06-25,Buck-NM-dNBR_20250625_235959.tif,https://bin.ssec.wisc.edu/pub/realearth/brisk/2025/Buck-NM-dNBR_20250625_235959.tif
Buck,NM,2025-06-26,Buck-NM-dNBR_20250626_235959.tif,https://bin.ssec.wisc.edu/pub/realearth/brisk/2025/Buck-NM-dNBR_20250626_235959.tif
Buck,NM,2025-06-27,Buck-NM-dNBR_20250627_235959.tif,https://bin.ssec.wisc.edu/pub/realearth/brisk/2025/Buck-NM-dNBR_20250627_235959.tif
Buck,NM,2025-06-28,Buck-NM-dNBR_20250628_235959.tif,https://bin.ssec.wisc.edu/pub/realearth/brisk/2025/Buck-NM-dNBR_20250628_235959.tif
Buck,NM,2025-06-29,Buck-NM-dNBR_20250629_235959.tif,https://bin.ssec.wisc.edu/pub/realearth/brisk/2025/Buck-NM-dNBR_20250629_235959.tif
Buck,NM,2025-06-30,Buck-NM-dNBR_20250630_235959.tif,https://bin.ssec.wisc.edu/pub/realearth/brisk/2025/Buck-NM-dNBR_20250630_235959.tif
Buck,NM,2025-07-01,Buck-NM-dNBR_20250701_235959.tif,https://bin.ssec.wisc.edu/pub/realearth/brisk/2025/Buck-NM-dNBR_20250701_235959.tif
Buck,NM,2025-07-02,Buck-NM-dNBR_20250702_235959.tif,https://bin.ssec.wisc.edu/pub/realearth/brisk/2025/Buck-NM-dNBR_20250702_235959.tif
Buck,NM,2025-07-03,Buck-NM-dNBR_20250703_235959.tif,https://bin.ssec.wisc.edu/pub/realearth/brisk/2025/Buck-NM-dNBR_20250703_235959.tif
Buck,NM,2025-07-04,Buck-NM-dNBR_20250704_235959.tif,https://bin.ssec.wisc.edu/pub/realearth/brisk/2025/Buck-NM-dNBR_20250704_235959.tif
Buck,NM,2025-07-05,Buck-NM-dNBR_20250705_235959.tif,https://bin.ssec.wisc.edu/pub/realearth/brisk/2025/Buck-NM-dNBR_20250705_235959.tif
Buck,NM,2025-07-06,Buck-NM-dNBR_20250706_235959.tif,https://bin.ssec.wisc.edu/pub/realearth/brisk/2025/Buck-NM-dNBR_20250706_235959.tif
Buck,NM,2025-07-07,Buck-NM-dNBR_20250707_235959.tif,https://bin.ssec.wisc.edu/pub/realearth/brisk/2025/Buck-NM-dNBR_20250707_235959.tif
Buck,NM,2025-07-08,Buck-NM-dNBR_20250708_235959.tif,https://bin.ssec.wisc.edu/pub/realearth/brisk/2025/Buck-NM-dNBR_20250708_235959.tif
Buck,NM,2025-07-09,Buck-NM-dNBR_20250709_235959.tif,https://bin.ssec.wisc.edu/pub/realearth/brisk/2025/Buck-NM-dNBR_20250709_235959.tif
Buck,NM,2025-07-10,Buck-NM-dNBR_20250710_235959.tif,https://bin.ssec.wisc.edu/pub/realearth/brisk/2025/Buck-NM-dNBR_20250710_235959.tif
Buck,NM,2025-07-11,Buck-NM-dNBR_20250711_235959.tif,https://bin.ssec.wisc.edu/pub/realearth/brisk/2025/Buck-NM-dNBR_20250711_235959.tif
Buck,NM,2025-07-12,Buck-NM-dNBR_20250712_235959.tif,https://bin.ssec.wisc.edu/pub/realearth/brisk/2025/Buck-NM-dNBR_20250712_235959.tif
Buck,NM,2025-07-13,Buck-NM-dNBR_20250713_235959.tif,https://bin.ssec.wisc.edu/pub/realearth/brisk/2025/Buck-NM-dNBR_20250713_235959.tif
Buck,NM,2025-07-14,Buck-NM-dNBR_20250714_235959.tif,https://bin.ssec.wisc.edu/pub/realearth/brisk/2025/Buck-NM-dNBR_20250714_235959.tif
Buck,NM,2025-07-15,Buck-NM-dNBR_20250715_235959.tif,https://bin.ssec.wisc.edu/pub/realearth/brisk/2025/Buck-NM-dNBR_20250715_235959.tif
Buck,NM,2025-07-16,Buck-NM-dNBR_20250716_235959.tif,https://bin.ssec.wisc.edu/pub/realearth/brisk/2025/Buck-NM-dNBR_20250716_235959.tif
Buck,NM,2025-07-17,Buck-NM-dNBR_20250717_235959.tif,https://bin.ssec.wisc.edu/pub/realearth/brisk/2025/Buck-NM-dNBR_20250717_235959.tif
Buck,NM,2025-07-18,Buck-NM-dNBR_20250718_235959.tif,https://bin.ssec.wisc.edu/pub/realearth/brisk/2025/Buck-NM-dNBR_20250718_235959.tif
Buck,NM,2025-07-19,Buck-NM-dNBR_20250719_235959.tif,https://bin.ssec.wisc.edu/pub/realearth/brisk/2025/Buck-NM-dNBR_20250719_235959.tif
Buck,NM,2025-07-20,Buck-NM-dNBR_20250720_235959.tif,https://bin.ssec.wisc.edu/pub/realearth/brisk/2025/Buck-NM-dNBR_20250720_235959.tif
Buck,NM,2025-07-21,Buck-NM-dNBR_20250721_235959.tif,https://bin.ssec.wisc.edu/pub/realearth/brisk/2025/Buck-NM-dNBR_20250721_235959.tif
Buck,NM,2025-07-30,Buck-NM-dNBR_20250730_235959.tif,https://bin.ssec.wisc.edu/pub/realearth/brisk/2025/Buck-NM-dNBR_20250730_235959.tif
Buck,NM,2025-07-31,Buck-NM-dNBR_20250731_235959.tif,https://bin.ssec.wisc.edu/pub/realearth/brisk/2025/Buck-NM-dNBR_20250731_235959.tif
Buck,NM,2025-08-01,Buck-NM-dNBR_20250801_235959.tif,https://bin.ssec.wisc.edu/pub/realearth/brisk/2025/Buck-NM-dNBR_20250801_235959.tif
Buck,NM,2025-08-02,Buck-NM-dNBR_20250802_235959.tif,https://bin.ssec.wisc.edu/pub/realearth/brisk/2025/Buck-NM-dNBR_20250802_235959.tif
Buck,NM,2025-08-03,Buck-NM-dNBR_20250803_235959.tif,https://bin.ssec.wisc.edu/pub/realearth/brisk/2025/Buck-NM-dNBR_20250803_235959.tif
Buck,NM,2025-08-04,Buck-NM-dNBR_20250804_235959.tif,https://bin.ssec.wisc.edu/pub/realearth/brisk/2025/Buck-NM-dNBR_20250804_235959.tif
Buck,NM,2025-08-05,Buck-NM-dNBR_20250805_235959.tif,https://bin.ssec.wisc.edu/pub/realearth/brisk/2025/Buck-NM-dNBR_20250805_235959.tif
Buck,NM,2025-08-06,Buck-NM-dNBR_20250806_235959.tif,https://bin.ssec.wisc.edu/pub/realearth/brisk/2025/Buck-NM-dNBR_20250806_235959.tif
Buck,NM,2025-08-07,Buck-NM-dNBR_20250807_235959.tif,https://bin.ssec.wisc.edu/pub/realearth/brisk/2025/Buck-NM-dNBR_20250807_235959.tif
Buck,NM,2025-08-08,Buck-NM-dNBR_20250808_235959.tif,https://bin.ssec.wisc.edu/pub/realearth/brisk/2025/Buck-NM-dNBR_20250808_235959.tif
Buck,NM,2025-08-09,Buck-NM-dNBR_20250809_235959.tif,https://bin.ssec.wisc.edu/pub/realearth/brisk/2025/Buck-NM-dNBR_20250809_235959.tif
Buck,NM,2025-08-10,Buck-NM-dNBR_20250810_235959.tif,https://bin.ssec.wisc.edu/pub/realearth/brisk/2025/Buck-NM-dNBR_20250810_235959.tif
Buck,NM,2025-08-11,Buck-NM-dNBR_20250811_235959.tif,https://bin.ssec.wisc.edu/pub/realearth/brisk/2025/Buck-NM-dNBR_20250811_235959.tif
Buck,NM,2025-08-12,Buck-NM-dNBR_20250812_235959.tif,https://bin.ssec.wisc.edu/pub/realearth/brisk/2025/Buck-NM-dNBR_20250812_235959.tif
Buck,NM,2025-08-13,Buck-NM-dNBR_20250813_235959.tif,https://bin.ssec.wisc.edu/pub/realearth/brisk/2025/Buck-NM-dNBR_20250813_235959.tif
Buck,NM,2025-08-14,Buck-NM-dNBR_20250814_235959.tif,https://bin.ssec.wisc.edu/pub/realearth/brisk/2025/Buck-NM-dNBR_20250814_235959.tif
Buck,NM,2025-08-15,Buck-NM-dNBR_20250815_235959.tif,https://bin.ssec.wisc.edu/pub/realearth/brisk/2025/Buck-NM-dNBR_20250815_235959.tif
Buck,NM,2025-08-16,Buck-NM-dNBR_20250816_235959.tif,https://bin.ssec.wisc.edu/pub/realearth/brisk/2025/Buck-NM-dNBR_20250816_235959.tif
Buck,NM,2025-08-17,Buck-NM-dNBR_20250817_235959.tif,https://bin.ssec.wisc.edu/pub/realearth/brisk/2025/Buck-NM-dNBR_20250817_235959.tif
Buck,NM,2025-08-18,Buck-NM-dNBR_20250818_235959.tif,https://bin.ssec.wisc.edu/pub/realearth/brisk/2025/Buck-NM-dNBR_20250818_235959.tif
Buck,NM,2025-08-19,Buck-NM-dNBR_20250819_235959.tif,https://bin.ssec.wisc.edu/pub/realearth/brisk/2025/Buck-NM-dNBR_20250819_235959.tif
Burdoin,WA,2025-07-20,Burdoin-WA-dNBR_20250720_235959.tif,https://bin.ssec.wisc.edu/pub/realearth/brisk/2025/Burdoin-WA-dNBR_20250720_235959.tif
Burdoin,WA,2025-07-21,Burdoin-WA-dNBR_20250721_235959.tif,https://bin.ssec.wisc.edu/pub/realearth/brisk/2025/Burdoin-WA-dNBR_20250721_235959.tif
Burdoin,WA,2025-07-22,Burdoin-WA-dNBR_20250722_235959.tif,https://bin.ssec.wisc.edu/pub/realearth/brisk/2025/Burdoin-WA-dNBR_20250722_235959.tif
Burdoin,WA,2025-07-23,Burdoin-WA-dNBR_20250723_235959.tif,https://bin.ssec.wisc.edu/pub/realearth/brisk/2025/Burdoin-WA-dNBR_20250723_235959.tif
Burdoin,WA,2025-07-24,Burdoin-WA-dNBR_20250724_235959.tif,https://bin.ssec.wisc.edu/pub/realearth/brisk/2025/Burdoin-WA-dNBR_20250724_235959.tif
Burdoin,WA,2025-07-25,Burdoin-WA-dNBR_20250725_235959.tif,https://bin.ssec.wisc.edu/pub/realearth/brisk/2025/Burdoin-WA-dNBR_20250725_235959.tif
Burdoin,WA,2025-07-26,Burdoin-WA-dNBR_20250726_235959.tif,https://bin.ssec.wisc.edu/pub/realearth/brisk/2025/Burdoin-WA-dNBR_20250726_235959.tif
Burdoin,WA,2025-07-27,Burdoin-WA-dNBR_20250727_235959.tif,https://bin.ssec.wisc.edu/pub/realearth/brisk/2025/Burdoin-WA-dNBR_20250727_235959.tif
Burdoin,WA,2025-07-28,Burdoin-WA-dNBR_20250728_235959.tif,https://bin.ssec.wisc.edu/pub/realearth/brisk/2025/Burdoin-WA-dNBR_20250728_235959.tif
Burdoin,WA,2025-07-29,Burdoin-WA-dNBR_20250729_235959.tif,https://bin.ssec.wisc.edu/pub/realearth/brisk/2025/Burdoin-WA-dNBR_20250729_235959.tif
Burdoin,WA,2025-07-30,Burdoin-WA-dNBR_20250730_235959.tif,https://bin.ssec.wisc.edu/pub/realearth/brisk/2025/Burdoin-WA-dNBR_20250730_235959.tif
Burdoin,WA,2025-07-31,Burdoin-WA-dNBR_20250731_235959.tif,https://bin.ssec.wisc.edu/pub/realearth/brisk/2025/Burdoin-WA-dNBR_20250731_235959.tif
Burdoin,WA,2025-08-01,Burdoin-WA-dNBR_20250801_235959.tif,https://bin.ssec.wisc.edu/pub/realearth/brisk/2025/Burdoin-WA-dNBR_20250801_235959.tif
Burdoin,WA,2025-08-02,Burdoin-WA-dNBR_20250802_235959.tif,https://bin.ssec.wisc.edu/pub/realearth/brisk/2025/Burdoin-WA-dNBR_20250802_235959.tif
Burdoin,WA,2025-08-03,Burdoin-WA-dNBR_20250803_235959.tif,https://bin.ssec.wisc.edu/pub/realearth/brisk/2025/Burdoin-WA-dNBR_20250803_235959.tif
Burdoin,WA,2025-08-04,Burdoin-WA-dNBR_20250804_235959.tif,https://bin.ssec.wisc.edu/pub/realearth/brisk/2025/Burdoin-WA-dNBR_20250804_235959.tif
Burdoin,WA,2025-08-05,Burdoin-WA-dNBR_20250805_235959.tif,https://bin.ssec.wisc.edu/pub/realearth/brisk/2025/Burdoin-WA-dNBR_20250805_235959.tif
Burdoin,WA,2025-08-06,Burdoin-WA-dNBR_20250806_235959.tif,https://bin.ssec.wisc.edu/pub/realearth/brisk/2025/Burdoin-WA-dNBR_20250806_235959.tif
Burdoin,WA,2025-08-07,Burdoin-WA-dNBR_20250807_235959.tif,https://bin.ssec.wisc.edu/pub/realearth/brisk/2025/Burdoin-WA-dNBR_20250807_235959.tif
Burdoin,WA,2025-08-08,Burdoin-WA-dNBR_20250808_235959.tif,https://bin.ssec.wisc.edu/pub/realearth/brisk/2025/Burdoin-WA-dNBR_20250808_235959.tif
Burdoin,WA,2025-08-09,Burdoin-WA-dNBR_20250809_235959.tif,https://bin.ssec.wisc.edu/pub/realearth/brisk/2025/Burdoin-WA-dNBR_20250809_235959.tif
Burdoin,WA,2025-08-10,Burdoin-WA-dNBR_20250810_235959.tif,https://bin.ssec.wisc.edu/pub/realearth/brisk/2025/Burdoin-WA-dNBR_20250810_235959.tif
Burdoin,WA,2025-08-11,Burdoin-WA-dNBR_20250811_235959.tif,https://bin.ssec.wisc.edu/pub/realearth/brisk/2025/Burdoin-WA-dNBR_20250811_235959.tif
Burdoin,WA,2025-08-12,Burdoin-WA-dNBR_20250812_235959.tif,https://bin.ssec.wisc.edu/pub/realearth/brisk/2025/Burdoin-WA-dNBR_20250812_235959.tif
Burdoin,WA,2025-08-13,Burdoin-WA-dNBR_20250813_235959.tif,https://bin.ssec.wisc.edu/pub/realearth/brisk/2025/Burdoin-WA-dNBR_20250813_235959.tif
Burdoin,WA,2025-08-14,Burdoin-WA-dNBR_20250814_235959.tif,https://bin.ssec.wisc.edu/pub/realearth/brisk/2025/Burdoin-WA-dNBR_20250814_235959.tif
Burdoin,WA,2025-08-15,Burdoin-WA-dNBR_20250815_235959.tif,https://bin.ssec.wisc.edu/pub/realearth/brisk/2025/Burdoin-WA-dNBR_20250815_235959.tif
Burdoin,WA,2025-08-16,Burdoin-WA-dNBR_20250816_235959.tif,https://bin.ssec.wisc.edu/pub/realearth/brisk/2025/Burdoin-WA-dNBR_20250816_235959.tif
Burdoin,WA,2025-08-17,Burdoin-WA-dNBR_20250817_235959.tif,https://bin.ssec.wisc.edu/pub/realearth/brisk/2025/Burdoin-WA-dNBR_20250817_235959.tif
Burdoin,WA,2025-08-18,Burdoin-WA-dNBR_20250818_235959.tif,https://bin.ssec.wisc.edu/pub/realearth/brisk/2025/Burdoin-WA-dNBR_20250818_235959.tif
Burdoin,WA,2025-08-19,Burdoin-WA-dNBR_20250819_235959.tif,https://bin.ssec.wisc.edu/pub/realearth/brisk/2025/Burdoin-WA-dNBR_20250819_235959.tif
Burdoin,WA,2025-08-25,Burdoin-WA-dNBR_20250825_235959.tif,https://bin.ssec.wisc.edu/pub/realearth/brisk/2025/Burdoin-WA-dNBR_20250825_235959.tif
Burdoin,WA,2025-08-26,Burdoin-WA-dNBR_20250826_235959.tif,https://bin.ssec.wisc.edu/pub/realearth/brisk/2025/Burdoin-WA-dNBR_20250826_235959.tif
Burdoin,WA,2025-09-01,Burdoin-WA-dNBR_20250901_235959.tif,https://bin.ssec.wisc.edu/pub/realearth/brisk/2025/Burdoin-WA-dNBR_20250901_235959.tif
Burdoin,WA,2025-09-02,Burdoin-WA-dNBR_20250902_235959.tif,https://bin.ssec.wisc.edu/pub/realearth/brisk/2025/Burdoin-WA-dNBR_20250902_235959.tif
Burdoin,WA,2025-09-03,Burdoin-WA-dNBR_20250903_235959.tif,https://bin.ssec.wisc.edu/pub/realearth/brisk/2025/Burdoin-WA-dNBR_20250903_235959.tif
Burdoin,WA,2025-09-04,Burdoin-WA-dNBR_20250904_235959.tif,https://bin.ssec.wisc.edu/pub/realearth/brisk/2025/Burdoin-WA-dNBR_20250904_235959.tif
Burdoin,WA,2025-09-05,Burdoin-WA-dNBR_20250905_235959.tif,https://bin.ssec.wisc.edu/pub/realearth/brisk/2025/Burdoin-WA-dNBR_20250905_235959.tif
Burdoin,WA,2025-09-06,Burdoin-WA-dNBR_20250906_235959.tif,https://bin.ssec.wisc.edu/pub/realearth/brisk/2025/Burdoin-WA-dNBR_20250906_235959.tif
Burdoin,WA,2025-09-07,Burdoin-WA-dNBR_20250907_235959.tif,https://bin.ssec.wisc.edu/pub/realearth/brisk/2025/Burdoin-WA-dNBR_20250907_235959.tif
Burdoin,WA,2025-09-11,Burdoin-WA-dNBR_20250911_235959.tif,https://bin.ssec.wisc.edu/pub/realearth/brisk/2025/Burdoin-WA-dNBR_20250911_235959.tif
Burdoin,WA,2025-09-12,Burdoin-WA-dNBR_20250912_235959.tif,https://bin.ssec.wisc.edu/pub/realearth/brisk/2025/Burdoin-WA-dNBR_20250912_235959.tif
Burdoin,WA,2025-09-13,Burdoin-WA-dNBR_20250913_235959.tif,https://bin.ssec.wisc.edu/pub/realearth/brisk/2025/Burdoin-WA-dNBR_20250913_235959.tif
Burdoin,WA,2025-09-14,Burdoin-WA-dNBR_20250914_235959.tif,https://bin.ssec.wisc.edu/pub/realearth/brisk/2025/Burdoin-WA-dNBR_20250914_235959.tif
Burdoin,WA,2025-09-15,Burdoin-WA-dNBR_20250915_235959.tif,https://bin.ssec.wisc.edu/pub/realearth/brisk/2025/Burdoin-WA-dNBR_20250915_235959.tif
Burdoin,WA,2025-09-16,Burdoin-WA-dNBR_20250916_235959.tif,https://bin.ssec.wisc.edu/pub/realearth/brisk/2025/Burdoin-WA-dNBR_20250916_235959.tif
Burdoin,WA,2025-09-17,Burdoin-WA-dNBR_20250917_235959.tif,https://bin.ssec.wisc.edu/pub/realearth/brisk/2025/Burdoin-WA-dNBR_20250917_235959.tif
Burdoin,WA,2025-09-18,Burdoin-WA-dNBR_20250918_235959.tif,https://bin.ssec.wisc.edu/pub/realearth/brisk/2025/Burdoin-WA-dNBR_20250918_235959.tif
Burdoin,WA,2025-09-19,Burdoin-WA-dNBR_20250919_235959.tif,https://bin.ssec.wisc.edu/pub/realearth/brisk/2025/Burdoin-WA-dNBR_20250919_235959.tif
Burdoin,WA,2025-09-20,Burdoin-WA-dNBR_20250920_235959.tif,https://bin.ssec.wisc.edu/pub/realearth/brisk/2025/Burdoin-WA-dNBR_20250920_235959.tif
Burdoin,WA,2025-09-21,Burdoin-WA-dNBR_20250921_235959.tif,https://bin.ssec.wisc.edu/pub/realearth/brisk/2025/Burdoin-WA-dNBR_20250921_235959.tif
Burdoin,WA,2025-09-22,Burdoin-WA-dNBR_20250922_235959.tif,https://bin.ssec.wisc.edu/pub/realearth/brisk/2025/Burdoin-WA-dNBR_20250922_235959.tif
Burdoin,WA,2025-09-24,Burdoin-WA-dNBR_20250924_235959.tif,https://bin.ssec.wisc.edu/pub/realearth/brisk/2025/Burdoin-WA-dNBR_20250924_235959.tif
Burdoin,WA,2025-10-17,Burdoin-WA-dNBR_20251017_235959.tif,https://bin.ssec.wisc.edu/pub/realearth/brisk/2025/Burdoin-WA-dNBR_20251017_235959.tif
Burdoin,WA,2025-10-18,Burdoin-WA-dNBR_20251018_235959.tif,https://bin.ssec.wisc.edu/pub/realearth/brisk/2025/Burdoin-WA-dNBR_20251018_235959.tif
Burdoin,WA,2025-10-19,Burdoin-WA-dNBR_20251019_235959.tif,https://bin.ssec.wisc.edu/pub/realearth/brisk/2025/Burdoin-WA-dNBR_20251019_235959.tif
Burdoin,WA,2025-10-29,Burdoin-WA-dNBR_20251029_235959.tif,https://bin.ssec.wisc.edu/pub/realearth/brisk/2025/Burdoin-WA-dNBR_20251029_235959.tif
Burdoin,WA,2025-10-30,Burdoin-WA-dNBR_20251030_235959.tif,https://bin.ssec.wisc.edu/pub/realearth/brisk/2025/Burdoin-WA-dNBR_20251030_235959.tif
Burdoin,WA,2025-11-06,Burdoin-WA-dNBR_20251106_235959.tif,https://bin.ssec.wisc.edu/pub/realearth/brisk/2025/Burdoin-WA-dNBR_20251106_235959.tif
Burdoin,WA,2025-11-07,Burdoin-WA-dNBR_20251107_235959.tif,https://bin.ssec.wisc.edu/pub/realearth/brisk/2025/Burdoin-WA-dNBR_20251107_235959.tif
Burdoin,WA,2025-11-08,Burdoin-WA-dNBR_20251108_235959.tif,https://bin.ssec.wisc.edu/pub/realearth/brisk/2025/Burdoin-WA-dNBR_20251108_235959.tif
Burdoin,WA,2025-11-09,Burdoin-WA-dNBR_20251109_235959.tif,https://bin.ssec.wisc.edu/pub/realearth/brisk/2025/Burdoin-WA-dNBR_20251109_235959.tif
Burdoin,WA,2025-11-10,Burdoin-WA-dNBR_20251110_235959.tif,https://bin.ssec.wisc.edu/pub/realearth/brisk/2025/Burdoin-WA-dNBR_20251110_235959.tif
Burdoin,WA,2025-11-11,Burdoin-WA-dNBR_20251111_235959.tif,https://bin.ssec.wisc.edu/pub/realearth/brisk/2025/Burdoin-WA-dNBR_20251111_235959.tif
Burdoin,WA,2025-11-12,Burdoin-WA-dNBR_20251112_235959.tif,https://bin.ssec.wisc.edu/pub/realearth/brisk/2025/Burdoin-WA-dNBR_20251112_235959.tif
Burdoin,WA,2025-11-13,Burdoin-WA-dNBR_20251113_235959.tif,https://bin.ssec.wisc.edu/pub/realearth/brisk/2025/Burdoin-WA-dNBR_20251113_235959.tif
Butler,CA,2025-07-12,Butler-CA-dNBR_20250712_235959.tif,https://bin.ssec.wisc.edu/pub/realearth/brisk/2025/Butler-CA-dNBR_20250712_235959.tif
Butler,CA,2025-07-13,Butler-CA-dNBR_20250713_235959.tif,https://bin.ssec.wisc.edu/pub/realearth/brisk/2025/Butler-CA-dNBR_20250713_235959.tif
Butler,CA,2025-07-14,Butler-CA-dNBR_20250714_235959.tif,https://bin.ssec.wisc.edu/pub/realearth/brisk/2025/Butler-CA-dNBR_20250714_235959.tif
Butler,CA,2025-07-15,Butler-CA-dNBR_20250715_235959.tif,https://bin.ssec.wisc.edu/pub/realearth/brisk/2025/Butler-CA-dNBR_20250715_235959.tif
Butler,CA,2025-07-16,Butler-CA-dNBR_20250716_235959.tif,https://bin.ssec.wisc.edu/pub/realearth/brisk/2025/Butler-CA-dNBR_20250716_235959.tif
Butler,CA,2025-07-17,Butler-CA-dNBR_20250717_235959.tif,https://bin.ssec.wisc.edu/pub/realearth/brisk/2025/Butler-CA-dNBR_20250717_235959.tif
Butler,CA,2025-07-18,Butler-CA-dNBR_20250718_235959.tif,https://bin.ssec.wisc.edu/pub/realearth/brisk/2025/Butler-CA-dNBR_20250718_235959.tif
Butler,CA,2025-07-19,Butler-CA-dNBR_20250719_235959.tif,https://bin.ssec.wisc.edu/pub/realearth/brisk/2025/Butler-CA-dNBR_20250719_235959.tif
Butler,CA,2025-07-20,Butler-CA-dNBR_20250720_235959.tif,https://bin.ssec.wisc.edu/pub/realearth/brisk/2025/Butler-CA-dNBR_20250720_235959.tif
Butler,CA,2025-07-21,Butler-CA-dNBR_20250721_235959.tif,https://bin.ssec.wisc.edu/pub/realearth/brisk/2025/Butler-CA-dNBR_20250721_235959.tif
Butler,CA,2025-07-22,Butler-CA-dNBR_20250722_235959.tif,https://bin.ssec.wisc.edu/pub/realearth/brisk/2025/Butler-CA-dNBR_20250722_235959.tif
Butler,CA,2025-07-23,Butler-CA-dNBR_20250723_235959.tif,https://bin.ssec.wisc.edu/pub/realearth/brisk/2025/Butler-CA-dNBR_20250723_235959.tif
Butler,CA,2025-07-25,Butler-CA-dNBR_20250725_235959.tif,https://bin.ssec.wisc.edu/pub/realearth/brisk/2025/Butler-CA-dNBR_20250725_235959.tif
Butler,CA,2025-07-26,Butler-CA-dNBR_20250726_235959.tif,https://bin.ssec.wisc.edu/pub/realearth/brisk/2025/Butler-CA-dNBR_20250726_235959.tif
Butler,CA,2025-07-27,Butler-CA-dNBR_20250727_235959.tif,https://bin.ssec.wisc.edu/pub/realearth/brisk/2025/Butler-CA-dNBR_20250727_235959.tif
Butler,CA,2025-07-30,Butler-CA-dNBR_20250730_235959.tif,https://bin.ssec.wisc.edu/pub/realearth/brisk/2025/Butler-CA-dNBR_20250730_235959.tif
Butler,CA,2025-07-31,Butler-CA-dNBR_20250731_235959.tif,https://bin.ssec.wisc.edu/pub/realearth/brisk/2025/Butler-CA-dNBR_20250731_235959.tif
Butler,CA,2025-08-01,Butler-CA-dNBR_20250801_235959.tif,https://bin.ssec.wisc.edu/pub/realearth/brisk/2025/Butler-CA-dNBR_20250801_235959.tif
Butler,CA,2025-08-02,Butler-CA-dNBR_20250802_235959.tif,https://bin.ssec.wisc.edu/pub/realearth/brisk/2025/Butler-CA-dNBR_20250802_235959.tif
Butler,CA,2025-08-03,Butler-CA-dNBR_20250803_235959.tif,https://bin.ssec.wisc.edu/pub/realearth/brisk/2025/Butler-CA-dNBR_20250803_235959.tif
Butler,CA,2025-08-04,Butler-CA-dNBR_20250804_235959.tif,https://bin.ssec.wisc.edu/pub/realearth/brisk/2025/Butler-CA-dNBR_20250804_235959.tif
Butler,CA,2025-08-05,Butler-CA-dNBR_20250805_235959.tif,https://bin.ssec.wisc.edu/pub/realearth/brisk/2025/Butler-CA-dNBR_20250805_235959.tif
CANYON,CA,2025-08-08,CANYON-CA-dNBR_20250808_235959.tif,https://bin.ssec.wisc.edu/pub/realearth/brisk/2025/CANYON-CA-dNBR_20250808_235959.tif
CANYON,CA,2025-08-09,CANYON-CA-dNBR_20250809_235959.tif,https://bin.ssec.wisc.edu/pub/realearth/brisk/2025/CANYON-CA-dNBR_20250809_235959.tif
CANYON,CA,2025-08-10,CANYON-CA-dNBR_20250810_235959.tif,https://bin.ssec.wisc.edu/pub/realearth/brisk/2025/CANYON-CA-dNBR_20250810_235959.tif
CANYON,CA,2025-08-11,CANYON-CA-dNBR_20250811_235959.tif,https://bin.ssec.wisc.edu/pub/realearth/brisk/2025/CANYON-CA-dNBR_20250811_235959.tif
CANYON,CA,2025-08-12,CANYON-CA-dNBR_20250812_235959.tif,https://bin.ssec.wisc.edu/pub/realearth/brisk/2025/CANYON-CA-dNBR_20250812_235959.tif
CANYON,CA,2025-08-13,CANYON-CA-dNBR_20250813_235959.tif,https://bin.ssec.wisc.edu/pub/realearth/brisk/2025/CANYON-CA-dNBR_20250813_235959.tif
CANYON,CA,2025-08-14,CANYON-CA-dNBR_20250814_235959.tif,https://bin.ssec.wisc.edu/pub/realearth/brisk/2025/CANYON-CA-dNBR_20250814_235959.tif
CANYON,CA,2025-08-15,CANYON-CA-dNBR_20250815_235959.tif,https://bin.ssec.wisc.edu/pub/realearth/brisk/2025/CANYON-CA-dNBR_20250815_235959.tif
CANYON,CA,2025-08-16,CANYON-CA-dNBR_20250816_235959.tif,https://bin.ssec.wisc.edu/pub/realearth/brisk/2025/CANYON-CA-dNBR_20250816_235959.tif
CANYON,CA,2025-08-17,CANYON-CA-dNBR_20250817_235959.tif,https://bin.ssec.wisc.edu/pub/realearth/brisk/2025/CANYON-CA-dNBR_20250817_235959.tif
CANYON,CA,2025-08-18,CANYON-CA-dNBR_20250818_235959.tif,https://bin.ssec.wisc.edu/pub/realearth/brisk/2025/CANYON-CA-dNBR_20250818_235959.tif
CANYON,CA,2025-08-19,CANYON-CA-dNBR_20250819_235959.tif,https://bin.ssec.wisc.edu/pub/realearth/brisk/2025/CANYON-CA-dNBR_20250819_235959.tif
CANYON,CA,2025-08-20,CANYON-CA-dNBR_20250820_235959.tif,https://bin.ssec.wisc.edu/pub/realearth/brisk/2025/CANYON-CA-dNBR_20250820_235959.tif
CANYON,CA,2025-08-21,CANYON-CA-dNBR_20250821_235959.tif,https://bin.ssec.wisc.edu/pub/realearth/brisk/2025/CANYON-CA-dNBR_20250821_235959.tif
CANYON,CA,2025-08-22,CANYON-CA-dNBR_20250822_235959.tif,https://bin.ssec.wisc.edu/pub/realearth/brisk/2025/CANYON-CA-dNBR_20250822_235959.tif
CANYON,CA,2025-08-23,CANYON-CA-dNBR_20250823_235959.tif,https://bin.ssec.wisc.edu/pub/realearth/brisk/2025/CANYON-CA-dNBR_20250823_235959.tif
CANYON,CA,2025-08-24,CANYON-CA-dNBR_20250824_235959.tif,https://bin.ssec.wisc.edu/pub/realearth/brisk/2025/CANYON-CA-dNBR_20250824_235959.tif
CANYON,CA,2025-08-25,CANYON-CA-dNBR_20250825_235959.tif,https://bin.ssec.wisc.edu/pub/realearth/brisk/2025/CANYON-CA-dNBR_20250825_235959.tif
CANYON,CA,2025-08-26,CANYON-CA-dNBR_20250826_235959.tif,https://bin.ssec.wisc.edu/pub/realearth/brisk/2025/CANYON-CA-dNBR_20250826_235959.tif
CANYON,CA,2025-11-16,CANYON-CA-dNBR_20251116_235959.tif,https://bin.ssec.wisc.edu/pub/realearth/brisk/2025/CANYON-CA-dNBR_20251116_235959.tif
Camp-House,MN,2025-05-11,Camp-House-MN-dNBR_20250511_235959.tif,https://bin.ssec.wisc.edu/pub/realearth/brisk/2025/Camp-House-MN-dNBR_20250511_235959.tif
Camp-House,MN,2025-05-13,Camp-House-MN-dNBR_20250513_235959.tif,https://bin.ssec.wisc.edu/pub/realearth/brisk/2025/Camp-House-MN-dNBR_20250513_235959.tif
Camp-House,MN,2025-05-14,Camp-House-MN-dNBR_20250514_235959.tif,https://bin.ssec.wisc.edu/pub/realearth/brisk/2025/Camp-House-MN-dNBR_20250514_235959.tif
Camp-House,MN,2025-05-15,Camp-House-MN-dNBR_20250515_235959.tif,https://bin.ssec.wisc.edu/pub/realearth/brisk/2025/Camp-House-MN-dNBR_20250515_235959.tif
Camp-House,MN,2025-05-16,Camp-House-MN-dNBR_20250516_235959.tif,https://bin.ssec.wisc.edu/pub/realearth/brisk/2025/Camp-House-MN-dNBR_20250516_235959.tif
Camp-House,MN,2025-05-17,Camp-House-MN-dNBR_20250517_235959.tif,https://bin.ssec.wisc.edu/pub/realearth/brisk/2025/Camp-House-MN-dNBR_20250517_235959.tif
Camp-House,MN,2025-05-18,Camp-House-MN-dNBR_20250518_235959.tif,https://bin.ssec.wisc.edu/pub/realearth/brisk/2025/Camp-House-MN-dNBR_20250518_235959.tif
Camp-House,MN,2025-05-19,Camp-House-MN-dNBR_20250519_235959.tif,https://bin.ssec.wisc.edu/pub/realearth/brisk/2025/Camp-House-MN-dNBR_20250519_235959.tif
Camp-House,MN,2025-05-20,Camp-House-MN-dNBR_20250520_235959.tif,https://bin.ssec.wisc.edu/pub/realearth/brisk/2025/Camp-House-MN-dNBR_20250520_235959.tif
Camp-House,MN,2025-05-21,Camp-House-MN-dNBR_20250521_235959.tif,https://bin.ssec.wisc.edu/pub/realearth/brisk/2025/Camp-House-MN-dNBR_20250521_235959.tif
Camp-House,MN,2025-05-22,Camp-House-MN-dNBR_20250522_235959.tif,https://bin.ssec.wisc.edu/pub/realearth/brisk/2025/Camp-House-MN-dNBR_20250522_235959.tif
Camp-House,MN,2025-05-23,Camp-House-MN-dNBR_20250523_235959.tif,https://bin.ssec.wisc.edu/pub/realearth/brisk/2025/Camp-House-MN-dNBR_20250523_235959.tif
Camp-House,MN,2025-05-24,Camp-House-MN-dNBR_20250524_235959.tif,https://bin.ssec.wisc.edu/pub/realearth/brisk/2025/Camp-House-MN-dNBR_20250524_235959.tif
Camp-House,MN,2025-05-25,Camp-House-MN-dNBR_20250525_235959.tif,https://bin.ssec.wisc.edu/pub/realearth/brisk/2025/Camp-House-MN-dNBR_20250525_235959.tif
Camp-House,MN,2025-05-26,Camp-House-MN-dNBR_20250526_235959.tif,https://bin.ssec.wisc.edu/pub/realearth/brisk/2025/Camp-House-MN-dNBR_20250526_235959.tif
Camp-House,MN,2025-05-27,Camp-House-MN-dNBR_20250527_235959.tif,https://bin.ssec.wisc.edu/pub/realearth/brisk/2025/Camp-House-MN-dNBR_20250527_235959.tif
Camp-House,MN,2025-05-28,Camp-House-MN-dNBR_20250528_235959.tif,https://bin.ssec.wisc.edu/pub/realearth/brisk/2025/Camp-House-MN-dNBR_20250528_235959.tif
Camp-House,MN,2025-05-29,Camp-House-MN-dNBR_20250529_235959.tif,https://bin.ssec.wisc.edu/pub/realearth/brisk/2025/Camp-House-MN-dNBR_20250529_235959.tif
Camp-House,MN,2025-05-30,Camp-House-MN-dNBR_20250530_235959.tif,https://bin.ssec.wisc.edu/pub/realearth/brisk/2025/Camp-House-MN-dNBR_20250530_235959.tif
Camp-House,MN,2025-05-31,Camp-House-MN-dNBR_20250531_235959.tif,https://bin.ssec.wisc.edu/pub/realearth/brisk/2025/Camp-House-MN-dNBR_20250531_235959.tif
Camp-House,MN,2025-06-01,Camp-House-MN-dNBR_20250601_235959.tif,https://bin.ssec.wisc.edu/pub/realearth/brisk/2025/Camp-House-MN-dNBR_20250601_235959.tif
Camp-House,MN,2025-06-02,Camp-House-MN-dNBR_20250602_235959.tif,https://bin.ssec.wisc.edu/pub/realearth/brisk/2025/Camp-House-MN-dNBR_20250602_235959.tif
Camp-House,MN,2025-06-03,Camp-House-MN-dNBR_20250603_235959.tif,https://bin.ssec.wisc.edu/pub/realearth/brisk/2025/Camp-House-MN-dNBR_20250603_235959.tif
Camp-House,MN,2025-06-04,Camp-House-MN-dNBR_20250604_235959.tif,https://bin.ssec.wisc.edu/pub/realearth/brisk/2025/Camp-House-MN-dNBR_20250604_235959.tif
Camp-House,MN,2025-06-05,Camp-House-MN-dNBR_20250605_235959.tif,https://bin.ssec.wisc.edu/pub/realearth/brisk/2025/Camp-House-MN-dNBR_20250605_235959.tif
Camp-House,MN,2025-06-06,Camp-House-MN-dNBR_20250606_235959.tif,https://bin.ssec.wisc.edu/pub/realearth/brisk/2025/Camp-House-MN-dNBR_20250606_235959.tif
Camp-House,MN,2025-06-07,Camp-House-MN-dNBR_20250607_235959.tif,https://bin.ssec.wisc.edu/pub/realearth/brisk/2025/Camp-House-MN-dNBR_20250607_235959.tif
Camp-House,MN,2025-06-08,Camp-House-MN-dNBR_20250608_235959.tif,https://bin.ssec.wisc.edu/pub/realearth/brisk/2025/Camp-House-MN-dNBR_20250608_235959.tif
Camp-House,MN,2025-06-09,Camp-House-MN-dNBR_20250609_235959.tif,https://bin.ssec.wisc.edu/pub/realearth/brisk/2025/Camp-House-MN-dNBR_20250609_235959.tif
Camp-House,MN,2025-06-10,Camp-House-MN-dNBR_20250610_235959.tif,https://bin.ssec.wisc.edu/pub/realearth/brisk/2025/Camp-House-MN-dNBR_20250610_235959.tif
Camp-House,MN,2025-06-11,Camp-House-MN-dNBR_20250611_235959.tif,https://bin.ssec.wisc.edu/pub/realearth/brisk/2025/Camp-House-MN-dNBR_20250611_235959.tif
Camp-House,MN,2025-06-12,Camp-House-MN-dNBR_20250612_235959.tif,https://bin.ssec.wisc.edu/pub/realearth/brisk/2025/Camp-House-MN-dNBR_20250612_235959.tif
Cat-Canyon,NV,2025-07-22,Cat-Canyon-NV-dNBR_20250722_235959.tif,https://bin.ssec.wisc.edu/pub/realearth/brisk/2025/Cat-Canyon-NV-dNBR_20250722_235959.tif
Cat-Canyon,NV,2025-07-23,Cat-Canyon-NV-dNBR_20250723_235959.tif,https://bin.ssec.wisc.edu/pub/realearth/brisk/2025/Cat-Canyon-NV-dNBR_20250723_235959.tif
Cat-Canyon,NV,2025-07-24,Cat-Canyon-NV-dNBR_20250724_235959.tif,https://bin.ssec.wisc.edu/pub/realearth/brisk/2025/Cat-Canyon-NV-dNBR_20250724_235959.tif
Cat-Canyon,NV,2025-07-25,Cat-Canyon-NV-dNBR_20250725_235959.tif,https://bin.ssec.wisc.edu/pub/realearth/brisk/2025/Cat-Canyon-NV-dNBR_20250725_235959.tif
Cat-Canyon,NV,2025-07-26,Cat-Canyon-NV-dNBR_20250726_235959.tif,https://bin.ssec.wisc.edu/pub/realearth/brisk/2025/Cat-Canyon-NV-dNBR_20250726_235959.tif
Cat-Canyon,NV,2025-07-27,Cat-Canyon-NV-dNBR_20250727_235959.tif,https://bin.ssec.wisc.edu/pub/realearth/brisk/2025/Cat-Canyon-NV-dNBR_20250727_235959.tif
Cat-Canyon,NV,2025-07-28,Cat-Canyon-NV-dNBR_20250728_235959.tif,https://bin.ssec.wisc.edu/pub/realearth/brisk/2025/Cat-Canyon-NV-dNBR_20250728_235959.tif
Cat-Canyon,NV,2025-07-29,Cat-Canyon-NV-dNBR_20250729_235959.tif,https://bin.ssec.wisc.edu/pub/realearth/brisk/2025/Cat-Canyon-NV-dNBR_20250729_235959.tif
Cat-Canyon,NV,2025-07-30,Cat-Canyon-NV-dNBR_20250730_235959.tif,https://bin.ssec.wisc.edu/pub/realearth/brisk/2025/Cat-Canyon-NV-dNBR_20250730_235959.tif
Cat-Canyon,NV,2025-07-31,Cat-Canyon-NV-dNBR_20250731_235959.tif,https://bin.ssec.wisc.edu/pub/realearth/brisk/2025/Cat-Canyon-NV-dNBR_20250731_235959.tif
Cat-Canyon,NV,2025-08-01,Cat-Canyon-NV-dNBR_20250801_235959.tif,https://bin.ssec.wisc.edu/pub/realearth/brisk/2025/Cat-Canyon-NV-dNBR_20250801_235959.tif
Cat-Canyon,NV,2025-08-02,Cat-Canyon-NV-dNBR_20250802_235959.tif,https://bin.ssec.wisc.edu/pub/realearth/brisk/2025/Cat-Canyon-NV-dNBR_20250802_235959.tif
Cat-Canyon,NV,2025-08-03,Cat-Canyon-NV-dNBR_20250803_235959.tif,https://bin.ssec.wisc.edu/pub/realearth/brisk/2025/Cat-Canyon-NV-dNBR_20250803_235959.tif
Cat-Canyon,NV,2025-08-04,Cat-Canyon-NV-dNBR_20250804_235959.tif,https://bin.ssec.wisc.edu/pub/realearth/brisk/2025/Cat-Canyon-NV-dNBR_20250804_235959.tif
Cat-Canyon,NV,2025-08-05,Cat-Canyon-NV-dNBR_20250805_235959.tif,https://bin.ssec.wisc.edu/pub/realearth/brisk/2025/Cat-Canyon-NV-dNBR_20250805_235959.tif
Cat-Canyon,NV,2025-08-06,Cat-Canyon-NV-dNBR_20250806_235959.tif,https://bin.ssec.wisc.edu/pub/realearth/brisk/2025/Cat-Canyon-NV-dNBR_20250806_235959.tif
Cat-Canyon,NV,2025-08-07,Cat-Canyon-NV-dNBR_20250807_235959.tif,https://bin.ssec.wisc.edu/pub/realearth/brisk/2025/Cat-Canyon-NV-dNBR_20250807_235959.tif
Cat-Canyon,NV,2025-08-08,Cat-Canyon-NV-dNBR_20250808_235959.tif,https://bin.ssec.wisc.edu/pub/realearth/brisk/2025/Cat-Canyon-NV-dNBR_20250808_235959.tif
Cat-Canyon,NV,2025-08-09,Cat-Canyon-NV-dNBR_20250809_235959.tif,https://bin.ssec.wisc.edu/pub/realearth/brisk/2025/Cat-Canyon-NV-dNBR_20250809_235959.tif
Cat-Canyon,NV,2025-08-10,Cat-Canyon-NV-dNBR_20250810_235959.tif,https://bin.ssec.wisc.edu/pub/realearth/brisk/2025/Cat-Canyon-NV-dNBR_20250810_235959.tif
Cat-Canyon,NV,2025-08-11,Cat-Canyon-NV-dNBR_20250811_235959.tif,https://bin.ssec.wisc.edu/pub/realearth/brisk/2025/Cat-Canyon-NV-dNBR_20250811_235959.tif
Cat-Canyon,NV,2025-08-12,Cat-Canyon-NV-dNBR_20250812_235959.tif,https://bin.ssec.wisc.edu/pub/realearth/brisk/2025/Cat-Canyon-NV-dNBR_20250812_235959.tif
Cat-Canyon,NV,2025-08-13,Cat-Canyon-NV-dNBR_20250813_235959.tif,https://bin.ssec.wisc.edu/pub/realearth/brisk/2025/Cat-Canyon-NV-dNBR_20250813_235959.tif
Cat-Canyon,NV,2025-08-14,Cat-Canyon-NV-dNBR_20250814_235959.tif,https://bin.ssec.wisc.edu/pub/realearth/brisk/2025/Cat-Canyon-NV-dNBR_20250814_235959.tif
Cat-Canyon,NV,2025-08-15,Cat-Canyon-NV-dNBR_20250815_235959.tif,https://bin.ssec.wisc.edu/pub/realearth/brisk/2025/Cat-Canyon-NV-dNBR_20250815_235959.tif
Cat-Canyon,NV,2025-08-16,Cat-Canyon-NV-dNBR_20250816_235959.tif,https://bin.ssec.wisc.edu/pub/realearth/brisk/2025/Cat-Canyon-NV-dNBR_20250816_235959.tif
Cat-Canyon,NV,2025-08-17,Cat-Canyon-NV-dNBR_20250817_235959.tif,https://bin.ssec.wisc.edu/pub/realearth/brisk/2025/Cat-Canyon-NV-dNBR_20250817_235959.tif
Cat-Canyon,NV,2025-08-18,Cat-Canyon-NV-dNBR_20250818_235959.tif,https://bin.ssec.wisc.edu/pub/realearth/brisk/2025/Cat-Canyon-NV-dNBR_20250818_235959.tif
Cat-Canyon,NV,2025-08-19,Cat-Canyon-NV-dNBR_20250819_235959.tif,https://bin.ssec.wisc.edu/pub/realearth/brisk/2025/Cat-Canyon-NV-dNBR_20250819_235959.tif
Cat-Canyon,NV,2025-08-20,Cat-Canyon-NV-dNBR_20250820_235959.tif,https://bin.ssec.wisc.edu/pub/realearth/brisk/2025/Cat-Canyon-NV-dNBR_20250820_235959.tif
Cat-Canyon,NV,2025-08-21,Cat-Canyon-NV-dNBR_20250821_235959.tif,https://bin.ssec.wisc.edu/pub/realearth/brisk/2025/Cat-Canyon-NV-dNBR_20250821_235959.tif
Cat-Canyon,NV,2025-08-22,Cat-Canyon-NV-dNBR_20250822_235959.tif,https://bin.ssec.wisc.edu/pub/realearth/brisk/2025/Cat-Canyon-NV-dNBR_20250822_235959.tif
Cat-Canyon,NV,2025-08-23,Cat-Canyon-NV-dNBR_20250823_235959.tif,https://bin.ssec.wisc.edu/pub/realearth/brisk/2025/Cat-Canyon-NV-dNBR_20250823_235959.tif
Cat-Canyon,NV,2025-08-24,Cat-Canyon-NV-dNBR_20250824_235959.tif,https://bin.ssec.wisc.edu/pub/realearth/brisk/2025/Cat-Canyon-NV-dNBR_20250824_235959.tif
Cat-Canyon,NV,2025-08-25,Cat-Canyon-NV-dNBR_20250825_235959.tif,https://bin.ssec.wisc.edu/pub/realearth/brisk/2025/Cat-Canyon-NV-dNBR_20250825_235959.tif
Cat-Canyon,NV,2025-08-26,Cat-Canyon-NV-dNBR_20250826_235959.tif,https://bin.ssec.wisc.edu/pub/realearth/brisk/2025/Cat-Canyon-NV-dNBR_20250826_235959.tif
Cat-Canyon,NV,2025-09-01,Cat-Canyon-NV-dNBR_20250901_235959.tif,https://bin.ssec.wisc.edu/pub/realearth/brisk/2025/Cat-Canyon-NV-dNBR_20250901_235959.tif
Cat-Canyon,NV,2025-09-02,Cat-Canyon-NV-dNBR_20250902_235959.tif,https://bin.ssec.wisc.edu/pub/realearth/brisk/2025/Cat-Canyon-NV-dNBR_20250902_235959.tif
Cat-Canyon,NV,2025-09-03,Cat-Canyon-NV-dNBR_20250903_235959.tif,https://bin.ssec.wisc.edu/pub/realearth/brisk/2025/Cat-Canyon-NV-dNBR_20250903_235959.tif
Cat-Canyon,NV,2025-09-04,Cat-Canyon-NV-dNBR_20250904_235959.tif,https://bin.ssec.wisc.edu/pub/realearth/brisk/2025/Cat-Canyon-NV-dNBR_20250904_235959.tif
Cat-Canyon,NV,2025-10-06,Cat-Canyon-NV-dNBR_20251006_235959.tif,https://bin.ssec.wisc.edu/pub/realearth/brisk/2025/Cat-Canyon-NV-dNBR_20251006_235959.tif
Cat-Canyon,NV,2025-10-07,Cat-Canyon-NV-dNBR_20251007_235959.tif,https://bin.ssec.wisc.edu/pub/realearth/brisk/2025/Cat-Canyon-NV-dNBR_20251007_235959.tif
Cat-Canyon,NV,2025-10-08,Cat-Canyon-NV-dNBR_20251008_235959.tif,https://bin.ssec.wisc.edu/pub/realearth/brisk/2025/Cat-Canyon-NV-dNBR_20251008_235959.tif
Cat-Canyon,NV,2025-10-09,Cat-Canyon-NV-dNBR_20251009_235959.tif,https://bin.ssec.wisc.edu/pub/realearth/brisk/2025/Cat-Canyon-NV-dNBR_20251009_235959.tif
Cat-Canyon,NV,2025-10-10,Cat-Canyon-NV-dNBR_20251010_235959.tif,https://bin.ssec.wisc.edu/pub/realearth/brisk/2025/Cat-Canyon-NV-dNBR_20251010_235959.tif
Cat-Canyon,NV,2025-10-12,Cat-Canyon-NV-dNBR_20251012_235959.tif,https://bin.ssec.wisc.edu/pub/realearth/brisk/2025/Cat-Canyon-NV-dNBR_20251012_235959.tif
Cat-Canyon,NV,2025-10-13,Cat-Canyon-NV-dNBR_20251013_235959.tif,https://bin.ssec.wisc.edu/pub/realearth/brisk/2025/Cat-Canyon-NV-dNBR_20251013_235959.tif
Cat-Canyon,NV,2025-10-14,Cat-Canyon-NV-dNBR_20251014_235959.tif,https://bin.ssec.wisc.edu/pub/realearth/brisk/2025/Cat-Canyon-NV-dNBR_20251014_235959.tif
Cat-Canyon,NV,2025-10-15,Cat-Canyon-NV-dNBR_20251015_235959.tif,https://bin.ssec.wisc.edu/pub/realearth/brisk/2025/Cat-Canyon-NV-dNBR_20251015_235959.tif
Cat-Canyon,NV,2025-10-16,Cat-Canyon-NV-dNBR_20251016_235959.tif,https://bin.ssec.wisc.edu/pub/realearth/brisk/2025/Cat-Canyon-NV-dNBR_20251016_235959.tif
Central-Ferry,WA,2025-08-14,Central-Ferry-WA-dNBR_20250814_235959.tif,https://bin.ssec.wisc.edu/pub/realearth/brisk/2025/Central-Ferry-WA-dNBR_20250814_235959.tif
Central-Ferry,WA,2025-08-15,Central-Ferry-WA-dNBR_20250815_235959.tif,https://bin.ssec.wisc.edu/pub/realearth/brisk/2025/Central-Ferry-WA-dNBR_20250815_235959.tif
Central-Ferry,WA,2025-08-16,Central-Ferry-WA-dNBR_20250816_235959.tif,https://bin.ssec.wisc.edu/pub/realearth/brisk/2025/Central-Ferry-WA-dNBR_20250816_235959.tif
Conner,NV,2025-06-21,Conner-NV-dNBR_20250621_235959.tif,https://bin.ssec.wisc.edu/pub/realearth/brisk/2025/Conner-NV-dNBR_20250621_235959.tif
Conner,NV,2025-06-22,Conner-NV-dNBR_20250622_235959.tif,https://bin.ssec.wisc.edu/pub/realearth/brisk/2025/Conner-NV-dNBR_20250622_235959.tif
Conner,NV,2025-06-23,Conner-NV-dNBR_20250623_235959.tif,https://bin.ssec.wisc.edu/pub/realearth/brisk/2025/Conner-NV-dNBR_20250623_235959.tif
Conner,NV,2025-06-24,Conner-NV-dNBR_20250624_235959.tif,https://bin.ssec.wisc.edu/pub/realearth/brisk/2025/Conner-NV-dNBR_20250624_235959.tif
Conner,NV,2025-06-25,Conner-NV-dNBR_20250625_235959.tif,https://bin.ssec.wisc.edu/pub/realearth/brisk/2025/Conner-NV-dNBR_20250625_235959.tif
Conner,NV,2025-06-26,Conner-NV-dNBR_20250626_235959.tif,https://bin.ssec.wisc.edu/pub/realearth/brisk/2025/Conner-NV-dNBR_20250626_235959.tif
Conner,NV,2025-06-27,Conner-NV-dNBR_20250627_235959.tif,https://bin.ssec.wisc.edu/pub/realearth/brisk/2025/Conner-NV-dNBR_20250627_235959.tif
Conner,NV,2025-06-28,Conner-NV-dNBR_20250628_235959.tif,https://bin.ssec.wisc.edu/pub/realearth/brisk/2025/Conner-NV-dNBR_20250628_235959.tif
Conner,NV,2025-06-29,Conner-NV-dNBR_20250629_235959.tif,https://bin.ssec.wisc.edu/pub/realearth/brisk/2025/Conner-NV-dNBR_20250629_235959.tif
Cottonwood-Peak,NV,2025-08-17,Cottonwood-Peak-NV-dNBR_20250817_235959.tif,https://bin.ssec.wisc.edu/pub/realearth/brisk/2025/Cottonwood-Peak-NV-dNBR_20250817_235959.tif
Cottonwood-Peak,NV,2025-08-18,Cottonwood-Peak-NV-dNBR_20250818_235959.tif,https://bin.ssec.wisc.edu/pub/realearth/brisk/2025/Cottonwood-Peak-NV-dNBR_20250818_235959.tif
Cottonwood-Peak,NV,2025-08-19,Cottonwood-Peak-NV-dNBR_20250819_235959.tif,https://bin.ssec.wisc.edu/pub/realearth/brisk/2025/Cottonwood-Peak-NV-dNBR_20250819_235959.tif
Cottonwood-Peak,NV,2025-08-20,Cottonwood-Peak-NV-dNBR_20250820_235959.tif,https://bin.ssec.wisc.edu/pub/realearth/brisk/2025/Cottonwood-Peak-NV-dNBR_20250820_235959.tif
Cottonwood-Peak,NV,2025-08-21,Cottonwood-Peak-NV-dNBR_20250821_235959.tif,https://bin.ssec.wisc.edu/pub/realearth/brisk/2025/Cottonwood-Peak-NV-dNBR_20250821_235959.tif
Cottonwood-Peak,NV,2025-08-22,Cottonwood-Peak-NV-dNBR_20250822_235959.tif,https://bin.ssec.wisc.edu/pub/realearth/brisk/2025/Cottonwood-Peak-NV-dNBR_20250822_235959.tif
Cottonwood-Peak,NV,2025-08-23,Cottonwood-Peak-NV-dNBR_20250823_235959.tif,https://bin.ssec.wisc.edu/pub/realearth/brisk/2025/Cottonwood-Peak-NV-dNBR_20250823_235959.tif
Cottonwood-Peak,NV,2025-08-24,Cottonwood-Peak-NV-dNBR_20250824_235959.tif,https://bin.ssec.wisc.edu/pub/realearth/brisk/2025/Cottonwood-Peak-NV-dNBR_20250824_235959.tif
Cottonwood-Peak,NV,2025-08-25,Cottonwood-Peak-NV-dNBR_20250825_235959.tif,https://bin.ssec.wisc.edu/pub/realearth/brisk/2025/Cottonwood-Peak-NV-dNBR_20250825_235959.tif
Cottonwood-Peak,NV,2025-08-26,Cottonwood-Peak-NV-dNBR_20250826_235959.tif,https://bin.ssec.wisc.edu/pub/realearth/brisk/2025/Cottonwood-Peak-NV-dNBR_20250826_235959.tif
Cottonwood-Peak,NV,2025-09-01,Cottonwood-Peak-NV-dNBR_20250901_235959.tif,https://bin.ssec.wisc.edu/pub/realearth/brisk/2025/Cottonwood-Peak-NV-dNBR_20250901_235959.tif
Cottonwood-Peak,NV,2025-09-02,Cottonwood-Peak-NV-dNBR_20250902_235959.tif,https://bin.ssec.wisc.edu/pub/realearth/brisk/2025/Cottonwood-Peak-NV-dNBR_20250902_235959.tif
Cottonwood-Peak,NV,2025-09-03,Cottonwood-Peak-NV-dNBR_20250903_235959.tif,https://bin.ssec.wisc.edu/pub/realearth/brisk/2025/Cottonwood-Peak-NV-dNBR_20250903_235959.tif
Cottonwood-Peak,NV,2025-09-04,Cottonwood-Peak-NV-dNBR_20250904_235959.tif,https://bin.ssec.wisc.edu/pub/realearth/brisk/2025/Cottonwood-Peak-NV-dNBR_20250904_235959.tif
Cottonwood-Peak,NV,2025-09-05,Cottonwood-Peak-NV-dNBR_20250905_235959.tif,https://bin.ssec.wisc.edu/pub/realearth/brisk/2025/Cottonwood-Peak-NV-dNBR_20250905_235959.tif
Cottonwood-Peak,NV,2025-09-06,Cottonwood-Peak-NV-dNBR_20250906_235959.tif,https://bin.ssec.wisc.edu/pub/realearth/brisk/2025/Cottonwood-Peak-NV-dNBR_20250906_235959.tif
Cottonwood-Peak,NV,2025-09-07,Cottonwood-Peak-NV-dNBR_20250907_235959.tif,https://bin.ssec.wisc.edu/pub/realearth/brisk/2025/Cottonwood-Peak-NV-dNBR_20250907_235959.tif
Cottonwood-Peak,NV,2025-09-08,Cottonwood-Peak-NV-dNBR_20250908_235959.tif,https://bin.ssec.wisc.edu/pub/realearth/brisk/2025/Cottonwood-Peak-NV-dNBR_20250908_235959.tif
Cottonwood-Peak,NV,2025-09-09,Cottonwood-Peak-NV-dNBR_20250909_235959.tif,https://bin.ssec.wisc.edu/pub/realearth/brisk/2025/Cottonwood-Peak-NV-dNBR_20250909_235959.tif
Cottonwood-Peak,NV,2025-09-10,Cottonwood-Peak-NV-dNBR_20250910_235959.tif,https://bin.ssec.wisc.edu/pub/realearth/brisk/2025/Cottonwood-Peak-NV-dNBR_20250910_235959.tif
Cottonwood-Peak,NV,2025-09-11,Cottonwood-Peak-NV-dNBR_20250911_235959.tif,https://bin.ssec.wisc.edu/pub/realearth/brisk/2025/Cottonwood-Peak-NV-dNBR_20250911_235959.tif
Cottonwood-Peak,NV,2025-09-12,Cottonwood-Peak-NV-dNBR_20250912_235959.tif,https://bin.ssec.wisc.edu/pub/realearth/brisk/2025/Cottonwood-Peak-NV-dNBR_20250912_235959.tif
Cottonwood-Peak,NV,2025-09-13,Cottonwood-Peak-NV-dNBR_20250913_235959.tif,https://bin.ssec.wisc.edu/pub/realearth/brisk/2025/Cottonwood-Peak-NV-dNBR_20250913_235959.tif
Cottonwood-Peak,NV,2025-09-14,Cottonwood-Peak-NV-dNBR_20250914_235959.tif,https://bin.ssec.wisc.edu/pub/realearth/brisk/2025/Cottonwood-Peak-NV-dNBR_20250914_235959.tif
Cottonwood-Peak,NV,2025-09-15,Cottonwood-Peak-NV-dNBR_20250915_235959.tif,https://bin.ssec.wisc.edu/pub/realearth/brisk/2025/Cottonwood-Peak-NV-dNBR_20250915_235959.tif
Cottonwood-Peak,NV,2025-09-16,Cottonwood-Peak-NV-dNBR_20250916_235959.tif,https://bin.ssec.wisc.edu/pub/realearth/brisk/2025/Cottonwood-Peak-NV-dNBR_20250916_235959.tif
Cottonwood-Peak,NV,2025-09-17,Cottonwood-Peak-NV-dNBR_20250917_235959.tif,https://bin.ssec.wisc.edu/pub/realearth/brisk/2025/Cottonwood-Peak-NV-dNBR_20250917_235959.tif
Cottonwood-Peak,NV,2025-09-18,Cottonwood-Peak-NV-dNBR_20250918_235959.tif,https://bin.ssec.wisc.edu/pub/realearth/brisk/2025/Cottonwood-Peak-NV-dNBR_20250918_235959.tif
Cottonwood-Peak,NV,2025-09-19,Cottonwood-Peak-NV-dNBR_20250919_235959.tif,https://bin.ssec.wisc.edu/pub/realearth/brisk/2025/Cottonwood-Peak-NV-dNBR_20250919_235959.tif
Cottonwood-Peak,NV,2025-09-20,Cottonwood-Peak-NV-dNBR_20250920_235959.tif,https://bin.ssec.wisc.edu/pub/realearth/brisk/2025/Cottonwood-Peak-NV-dNBR_20250920_235959.tif
Cottonwood-Peak,NV,2025-09-21,Cottonwood-Peak-NV-dNBR_20250921_235959.tif,https://bin.ssec.wisc.edu/pub/realearth/brisk/2025/Cottonwood-Peak-NV-dNBR_20250921_235959.tif
Cram,OR,2025-07-15,Cram-OR-dNBR_20250715_235959.tif,https://bin.ssec.wisc.edu/pub/realearth/brisk/2025/Cram-OR-dNBR_20250715_235959.tif
Cram,OR,2025-07-16,Cram-OR-dNBR_20250716_235959.tif,https://bin.ssec.wisc.edu/pub/realearth/brisk/2025/Cram-OR-dNBR_20250716_235959.tif
Cram,OR,2025-07-17,Cram-OR-dNBR_20250717_235959.tif,https://bin.ssec.wisc.edu/pub/realearth/brisk/2025/Cram-OR-dNBR_20250717_235959.tif
Cram,OR,2025-07-18,Cram-OR-dNBR_20250718_235959.tif,https://bin.ssec.wisc.edu/pub/realearth/brisk/2025/Cram-OR-dNBR_20250718_235959.tif
Cram,OR,2025-07-19,Cram-OR-dNBR_20250719_235959.tif,https://bin.ssec.wisc.edu/pub/realearth/brisk/2025/Cram-OR-dNBR_20250719_235959.tif
Cram,OR,2025-07-20,Cram-OR-dNBR_20250720_235959.tif,https://bin.ssec.wisc.edu/pub/realearth/brisk/2025/Cram-OR-dNBR_20250720_235959.tif
Cram,OR,2025-07-21,Cram-OR-dNBR_20250721_235959.tif,https://bin.ssec.wisc.edu/pub/realearth/brisk/2025/Cram-OR-dNBR_20250721_235959.tif
Cram,OR,2025-07-22,Cram-OR-dNBR_20250722_235959.tif,https://bin.ssec.wisc.edu/pub/realearth/brisk/2025/Cram-OR-dNBR_20250722_235959.tif
Cram,OR,2025-07-23,Cram-OR-dNBR_20250723_235959.tif,https://bin.ssec.wisc.edu/pub/realearth/brisk/2025/Cram-OR-dNBR_20250723_235959.tif
Cram,OR,2025-07-24,Cram-OR-dNBR_20250724_235959.tif,https://bin.ssec.wisc.edu/pub/realearth/brisk/2025/Cram-OR-dNBR_20250724_235959.tif
Cram,OR,2025-07-25,Cram-OR-dNBR_20250725_235959.tif,https://bin.ssec.wisc.edu/pub/realearth/brisk/2025/Cram-OR-dNBR_20250725_235959.tif
Cram,OR,2025-07-26,Cram-OR-dNBR_20250726_235959.tif,https://bin.ssec.wisc.edu/pub/realearth/brisk/2025/Cram-OR-dNBR_20250726_235959.tif
Cram,OR,2025-07-27,Cram-OR-dNBR_20250727_235959.tif,https://bin.ssec.wisc.edu/pub/realearth/brisk/2025/Cram-OR-dNBR_20250727_235959.tif
Cram,OR,2025-07-28,Cram-OR-dNBR_20250728_235959.tif,https://bin.ssec.wisc.edu/pub/realearth/brisk/2025/Cram-OR-dNBR_20250728_235959.tif
Cram,OR,2025-07-29,Cram-OR-dNBR_20250729_235959.tif,https://bin.ssec.wisc.edu/pub/realearth/brisk/2025/Cram-OR-dNBR_20250729_235959.tif
Cram,OR,2025-07-30,Cram-OR-dNBR_20250730_235959.tif,https://bin.ssec.wisc.edu/pub/realearth/brisk/2025/Cram-OR-dNBR_20250730_235959.tif
Cram,OR,2025-07-31,Cram-OR-dNBR_20250731_235959.tif,https://bin.ssec.wisc.edu/pub/realearth/brisk/2025/Cram-OR-dNBR_20250731_235959.tif
Cram,OR,2025-08-01,Cram-OR-dNBR_20250801_235959.tif,https://bin.ssec.wisc.edu/pub/realearth/brisk/2025/Cram-OR-dNBR_20250801_235959.tif
Cram,OR,2025-08-02,Cram-OR-dNBR_20250802_235959.tif,https://bin.ssec.wisc.edu/pub/realearth/brisk/2025/Cram-OR-dNBR_20250802_235959.tif
Cram,OR,2025-08-03,Cram-OR-dNBR_20250803_235959.tif,https://bin.ssec.wisc.edu/pub/realearth/brisk/2025/Cram-OR-dNBR_20250803_235959.tif
Cram,OR,2025-08-04,Cram-OR-dNBR_20250804_235959.tif,https://bin.ssec.wisc.edu/pub/realearth/brisk/2025/Cram-OR-dNBR_20250804_235959.tif
Cram,OR,2025-08-05,Cram-OR-dNBR_20250805_235959.tif,https://bin.ssec.wisc.edu/pub/realearth/brisk/2025/Cram-OR-dNBR_20250805_235959.tif
Cram,OR,2025-08-06,Cram-OR-dNBR_20250806_235959.tif,https://bin.ssec.wisc.edu/pub/realearth/brisk/2025/Cram-OR-dNBR_20250806_235959.tif
Cram,OR,2025-08-07,Cram-OR-dNBR_20250807_235959.tif,https://bin.ssec.wisc.edu/pub/realearth/brisk/2025/Cram-OR-dNBR_20250807_235959.tif
Cram,OR,2025-08-08,Cram-OR-dNBR_20250808_235959.tif,https://bin.ssec.wisc.edu/pub/realearth/brisk/2025/Cram-OR-dNBR_20250808_235959.tif
Cram,OR,2025-08-09,Cram-OR-dNBR_20250809_235959.tif,https://bin.ssec.wisc.edu/pub/realearth/brisk/2025/Cram-OR-dNBR_20250809_235959.tif
Cram,OR,2025-08-10,Cram-OR-dNBR_20250810_235959.tif,https://bin.ssec.wisc.edu/pub/realearth/brisk/2025/Cram-OR-dNBR_20250810_235959.tif
Cram,OR,2025-08-11,Cram-OR-dNBR_20250811_235959.tif,https://bin.ssec.wisc.edu/pub/realearth/brisk/2025/Cram-OR-dNBR_20250811_235959.tif
Cram,OR,2025-08-12,Cram-OR-dNBR_20250812_235959.tif,https://bin.ssec.wisc.edu/pub/realearth/brisk/2025/Cram-OR-dNBR_20250812_235959.tif
Cram,OR,2025-08-13,Cram-OR-dNBR_20250813_235959.tif,https://bin.ssec.wisc.edu/pub/realearth/brisk/2025/Cram-OR-dNBR_20250813_235959.tif
Cram,OR,2025-08-14,Cram-OR-dNBR_20250814_235959.tif,https://bin.ssec.wisc.edu/pub/realearth/brisk/2025/Cram-OR-dNBR_20250814_235959.tif
Cram,OR,2025-08-15,Cram-OR-dNBR_20250815_235959.tif,https://bin.ssec.wisc.edu/pub/realearth/brisk/2025/Cram-OR-dNBR_20250815_235959.tif
Cram,OR,2025-08-16,Cram-OR-dNBR_20250816_235959.tif,https://bin.ssec.wisc.edu/pub/realearth/brisk/2025/Cram-OR-dNBR_20250816_235959.tif
Cram,OR,2025-08-17,Cram-OR-dNBR_20250817_235959.tif,https://bin.ssec.wisc.edu/pub/realearth/brisk/2025/Cram-OR-dNBR_20250817_235959.tif
Cram,OR,2025-08-18,Cram-OR-dNBR_20250818_235959.tif,https://bin.ssec.wisc.edu/pub/realearth/brisk/2025/Cram-OR-dNBR_20250818_235959.tif
Cram,OR,2025-08-19,Cram-OR-dNBR_20250819_235959.tif,https://bin.ssec.wisc.edu/pub/realearth/brisk/2025/Cram-OR-dNBR_20250819_235959.tif
Cram,OR,2025-08-20,Cram-OR-dNBR_20250820_235959.tif,https://bin.ssec.wisc.edu/pub/realearth/brisk/2025/Cram-OR-dNBR_20250820_235959.tif
Cram,OR,2025-08-21,Cram-OR-dNBR_20250821_235959.tif,https://bin.ssec.wisc.edu/pub/realearth/brisk/2025/Cram-OR-dNBR_20250821_235959.tif
Cram,OR,2025-08-22,Cram-OR-dNBR_20250822_235959.tif,https://bin.ssec.wisc.edu/pub/realearth/brisk/2025/Cram-OR-dNBR_20250822_235959.tif
Cram,OR,2025-08-23,Cram-OR-dNBR_20250823_235959.tif,https://bin.ssec.wisc.edu/pub/realearth/brisk/2025/Cram-OR-dNBR_20250823_235959.tif
Cram,OR,2025-08-24,Cram-OR-dNBR_20250824_235959.tif,https://bin.ssec.wisc.edu/pub/realearth/brisk/2025/Cram-OR-dNBR_20250824_235959.tif
Cram,OR,2025-08-25,Cram-OR-dNBR_20250825_235959.tif,https://bin.ssec.wisc.edu/pub/realearth/brisk/2025/Cram-OR-dNBR_20250825_235959.tif
Cram,OR,2025-08-26,Cram-OR-dNBR_20250826_235959.tif,https://bin.ssec.wisc.edu/pub/realearth/brisk/2025/Cram-OR-dNBR_20250826_235959.tif
Crown-Creek,WA,2025-09-05,Crown-Creek-WA-dNBR_20250905_235959.tif,https://bin.ssec.wisc.edu/pub/realearth/brisk/2025/Crown-Creek-WA-dNBR_20250905_235959.tif
Crown-Creek,WA,2025-09-06,Crown-Creek-WA-dNBR_20250906_235959.tif,https://bin.ssec.wisc.edu/pub/realearth/brisk/2025/Crown-Creek-WA-dNBR_20250906_235959.tif
Crown-Creek,WA,2025-09-07,Crown-Creek-WA-dNBR_20250907_235959.tif,https://bin.ssec.wisc.edu/pub/realearth/brisk/2025/Crown-Creek-WA-dNBR_20250907_235959.tif
Crown-Creek,WA,2025-09-08,Crown-Creek-WA-dNBR_20250908_235959.tif,https://bin.ssec.wisc.edu/pub/realearth/brisk/2025/Crown-Creek-WA-dNBR_20250908_235959.tif
Crown-Creek,WA,2025-09-09,Crown-Creek-WA-dNBR_20250909_235959.tif,https://bin.ssec.wisc.edu/pub/realearth/brisk/2025/Crown-Creek-WA-dNBR_20250909_235959.tif
Crown-Creek,WA,2025-09-10,Crown-Creek-WA-dNBR_20250910_235959.tif,https://bin.ssec.wisc.edu/pub/realearth/brisk/2025/Crown-Creek-WA-dNBR_20250910_235959.tif
Crown-Creek,WA,2025-09-11,Crown-Creek-WA-dNBR_20250911_235959.tif,https://bin.ssec.wisc.edu/pub/realearth/brisk/2025/Crown-Creek-WA-dNBR_20250911_235959.tif
Crown-Creek,WA,2025-09-12,Crown-Creek-WA-dNBR_20250912_235959.tif,https://bin.ssec.wisc.edu/pub/realearth/brisk/2025/Crown-Creek-WA-dNBR_20250912_235959.tif
Crown-Creek,WA,2025-09-13,Crown-Creek-WA-dNBR_20250913_235959.tif,https://bin.ssec.wisc.edu/pub/realearth/brisk/2025/Crown-Creek-WA-dNBR_20250913_235959.tif
Crown-Creek,WA,2025-09-14,Crown-Creek-WA-dNBR_20250914_235959.tif,https://bin.ssec.wisc.edu/pub/realearth/brisk/2025/Crown-Creek-WA-dNBR_20250914_235959.tif
Crown-Creek,WA,2025-09-15,Crown-Creek-WA-dNBR_20250915_235959.tif,https://bin.ssec.wisc.edu/pub/realearth/brisk/2025/Crown-Creek-WA-dNBR_20250915_235959.tif
Crown-Creek,WA,2025-09-16,Crown-Creek-WA-dNBR_20250916_235959.tif,https://bin.ssec.wisc.edu/pub/realearth/brisk/2025/Crown-Creek-WA-dNBR_20250916_235959.tif
Crown-Creek,WA,2025-09-17,Crown-Creek-WA-dNBR_20250917_235959.tif,https://bin.ssec.wisc.edu/pub/realearth/brisk/2025/Crown-Creek-WA-dNBR_20250917_235959.tif
Crown-Creek,WA,2025-09-18,Crown-Creek-WA-dNBR_20250918_235959.tif,https://bin.ssec.wisc.edu/pub/realearth/brisk/2025/Crown-Creek-WA-dNBR_20250918_235959.tif
Crown-Creek,WA,2025-09-19,Crown-Creek-WA-dNBR_20250919_235959.tif,https://bin.ssec.wisc.edu/pub/realearth/brisk/2025/Crown-Creek-WA-dNBR_20250919_235959.tif
Crown-Creek,WA,2025-09-20,Crown-Creek-WA-dNBR_20250920_235959.tif,https://bin.ssec.wisc.edu/pub/realearth/brisk/2025/Crown-Creek-WA-dNBR_20250920_235959.tif
Crown-Creek,WA,2025-09-21,Crown-Creek-WA-dNBR_20250921_235959.tif,https://bin.ssec.wisc.edu/pub/realearth/brisk/2025/Crown-Creek-WA-dNBR_20250921_235959.tif
Crown-Creek,WA,2025-09-22,Crown-Creek-WA-dNBR_20250922_235959.tif,https://bin.ssec.wisc.edu/pub/realearth/brisk/2025/Crown-Creek-WA-dNBR_20250922_235959.tif
Crown-Creek,WA,2025-09-24,Crown-Creek-WA-dNBR_20250924_235959.tif,https://bin.ssec.wisc.edu/pub/realearth/brisk/2025/Crown-Creek-WA-dNBR_20250924_235959.tif
Crown-Creek,WA,2025-09-25,Crown-Creek-WA-dNBR_20250925_235959.tif,https://bin.ssec.wisc.edu/pub/realearth/brisk/2025/Crown-Creek-WA-dNBR_20250925_235959.tif
Crown-Creek,WA,2025-09-26,Crown-Creek-WA-dNBR_20250926_235959.tif,https://bin.ssec.wisc.edu/pub/realearth/brisk/2025/Crown-Creek-WA-dNBR_20250926_235959.tif
Crown-Creek,WA,2025-09-27,Crown-Creek-WA-dNBR_20250927_235959.tif,https://bin.ssec.wisc.edu/pub/realearth/brisk/2025/Crown-Creek-WA-dNBR_20250927_235959.tif
Crown-Creek,WA,2025-09-28,Crown-Creek-WA-dNBR_20250928_235959.tif,https://bin.ssec.wisc.edu/pub/realearth/brisk/2025/Crown-Creek-WA-dNBR_20250928_235959.tif
Crown-Creek,WA,2025-09-29,Crown-Creek-WA-dNBR_20250929_235959.tif,https://bin.ssec.wisc.edu/pub/realearth/brisk/2025/Crown-Creek-WA-dNBR_20250929_235959.tif
Crown-Creek,WA,2025-09-30,Crown-Creek-WA-dNBR_20250930_235959.tif,https://bin.ssec.wisc.edu/pub/realearth/brisk/2025/Crown-Creek-WA-dNBR_20250930_235959.tif
Crown-Creek,WA,2025-10-01,Crown-Creek-WA-dNBR_20251001_235959.tif,https://bin.ssec.wisc.edu/pub/realearth/brisk/2025/Crown-Creek-WA-dNBR_20251001_235959.tif
Crown-Creek,WA,2025-10-02,Crown-Creek-WA-dNBR_20251002_235959.tif,https://bin.ssec.wisc.edu/pub/realearth/brisk/2025/Crown-Creek-WA-dNBR_20251002_235959.tif
Crown-Creek,WA,2025-10-06,Crown-Creek-WA-dNBR_20251006_235959.tif,https://bin.ssec.wisc.edu/pub/realearth/brisk/2025/Crown-Creek-WA-dNBR_20251006_235959.tif
Crown-Creek,WA,2025-10-08,Crown-Creek-WA-dNBR_20251008_235959.tif,https://bin.ssec.wisc.edu/pub/realearth/brisk/2025/Crown-Creek-WA-dNBR_20251008_235959.tif
Crown-Creek,WA,2025-10-09,Crown-Creek-WA-dNBR_20251009_235959.tif,https://bin.ssec.wisc.edu/pub/realearth/brisk/2025/Crown-Creek-WA-dNBR_20251009_235959.tif
Crown-Creek,WA,2025-10-10,Crown-Creek-WA-dNBR_20251010_235959.tif,https://bin.ssec.wisc.edu/pub/realearth/brisk/2025/Crown-Creek-WA-dNBR_20251010_235959.tif
Crown-Creek,WA,2025-10-11,Crown-Creek-WA-dNBR_20251011_235959.tif,https://bin.ssec.wisc.edu/pub/realearth/brisk/2025/Crown-Creek-WA-dNBR_20251011_235959.tif
Crown-Creek,WA,2025-10-12,Crown-Creek-WA-dNBR_20251012_235959.tif,https://bin.ssec.wisc.edu/pub/realearth/brisk/2025/Crown-Creek-WA-dNBR_20251012_235959.tif
Crown-Creek,WA,2025-10-14,Crown-Creek-WA-dNBR_20251014_235959.tif,https://bin.ssec.wisc.edu/pub/realearth/brisk/2025/Crown-Creek-WA-dNBR_20251014_235959.tif
Crown-Creek,WA,2025-10-15,Crown-Creek-WA-dNBR_20251015_235959.tif,https://bin.ssec.wisc.edu/pub/realearth/brisk/2025/Crown-Creek-WA-dNBR_20251015_235959.tif
Crown-Creek,WA,2025-10-16,Crown-Creek-WA-dNBR_20251016_235959.tif,https://bin.ssec.wisc.edu/pub/realearth/brisk/2025/Crown-Creek-WA-dNBR_20251016_235959.tif
Crown-Creek,WA,2025-10-18,Crown-Creek-WA-dNBR_20251018_235959.tif,https://bin.ssec.wisc.edu/pub/realearth/brisk/2025/Crown-Creek-WA-dNBR_20251018_235959.tif
Crown-Creek,WA,2025-10-19,Crown-Creek-WA-dNBR_20251019_235959.tif,https://bin.ssec.wisc.edu/pub/realearth/brisk/2025/Crown-Creek-WA-dNBR_20251019_235959.tif
Crown-Creek,WA,2025-10-29,Crown-Creek-WA-dNBR_20251029_235959.tif,https://bin.ssec.wisc.edu/pub/realearth/brisk/2025/Crown-Creek-WA-dNBR_20251029_235959.tif
Crown-Creek,WA,2025-10-30,Crown-Creek-WA-dNBR_20251030_235959.tif,https://bin.ssec.wisc.edu/pub/realearth/brisk/2025/Crown-Creek-WA-dNBR_20251030_235959.tif
Crown-Creek,WA,2025-10-31,Crown-Creek-WA-dNBR_20251031_235959.tif,https://bin.ssec.wisc.edu/pub/realearth/brisk/2025/Crown-Creek-WA-dNBR_20251031_235959.tif
Crown-Creek,WA,2025-11-01,Crown-Creek-WA-dNBR_20251101_235959.tif,https://bin.ssec.wisc.edu/pub/realearth/brisk/2025/Crown-Creek-WA-dNBR_20251101_235959.tif
Crown-Creek,WA,2025-11-03,Crown-Creek-WA-dNBR_20251103_235959.tif,https://bin.ssec.wisc.edu/pub/realearth/brisk/2025/Crown-Creek-WA-dNBR_20251103_235959.tif
Crown-Creek,WA,2025-11-04,Crown-Creek-WA-dNBR_20251104_235959.tif,https://bin.ssec.wisc.edu/pub/realearth/brisk/2025/Crown-Creek-WA-dNBR_20251104_235959.tif
Crown-Creek,WA,2025-11-05,Crown-Creek-WA-dNBR_20251105_235959.tif,https://bin.ssec.wisc.edu/pub/realearth/brisk/2025/Crown-Creek-WA-dNBR_20251105_235959.tif
Crown-Creek,WA,2025-11-06,Crown-Creek-WA-dNBR_20251106_235959.tif,https://bin.ssec.wisc.edu/pub/realearth/brisk/2025/Crown-Creek-WA-dNBR_20251106_235959.tif
Crown-Creek,WA,2025-11-07,Crown-Creek-WA-dNBR_20251107_235959.tif,https://bin.ssec.wisc.edu/pub/realearth/brisk/2025/Crown-Creek-WA-dNBR_20251107_235959.tif
Deer-Creek,UT,2025-07-11,Deer-Creek-UT-dNBR_20250711_235959.tif,https://bin.ssec.wisc.edu/pub/realearth/brisk/2025/Deer-Creek-UT-dNBR_20250711_235959.tif
Deer-Creek,UT,2025-07-12,Deer-Creek-UT-dNBR_20250712_235959.tif,https://bin.ssec.wisc.edu/pub/realearth/brisk/2025/Deer-Creek-UT-dNBR_20250712_235959.tif
Deer-Creek,UT,2025-07-13,Deer-Creek-UT-dNBR_20250713_235959.tif,https://bin.ssec.wisc.edu/pub/realearth/brisk/2025/Deer-Creek-UT-dNBR_20250713_235959.tif
Deer-Creek,UT,2025-07-14,Deer-Creek-UT-dNBR_20250714_235959.tif,https://bin.ssec.wisc.edu/pub/realearth/brisk/2025/Deer-Creek-UT-dNBR_20250714_235959.tif
Deer-Creek,UT,2025-07-15,Deer-Creek-UT-dNBR_20250715_235959.tif,https://bin.ssec.wisc.edu/pub/realearth/brisk/2025/Deer-Creek-UT-dNBR_20250715_235959.tif
Deer-Creek,UT,2025-07-16,Deer-Creek-UT-dNBR_20250716_235959.tif,https://bin.ssec.wisc.edu/pub/realearth/brisk/2025/Deer-Creek-UT-dNBR_20250716_235959.tif
Deer-Creek,UT,2025-07-17,Deer-Creek-UT-dNBR_20250717_235959.tif,https://bin.ssec.wisc.edu/pub/realearth/brisk/2025/Deer-Creek-UT-dNBR_20250717_235959.tif
Deer-Creek,UT,2025-07-18,Deer-Creek-UT-dNBR_20250718_235959.tif,https://bin.ssec.wisc.edu/pub/realearth/brisk/2025/Deer-Creek-UT-dNBR_20250718_235959.tif
Deer-Creek,UT,2025-07-19,Deer-Creek-UT-dNBR_20250719_235959.tif,https://bin.ssec.wisc.edu/pub/realearth/brisk/2025/Deer-Creek-UT-dNBR_20250719_235959.tif
Deer-Creek,UT,2025-07-20,Deer-Creek-UT-dNBR_20250720_235959.tif,https://bin.ssec.wisc.edu/pub/realearth/brisk/2025/Deer-Creek-UT-dNBR_20250720_235959.tif
Deer-Creek,UT,2025-07-21,Deer-Creek-UT-dNBR_20250721_235959.tif,https://bin.ssec.wisc.edu/pub/realearth/brisk/2025/Deer-Creek-UT-dNBR_20250721_235959.tif
Deer-Creek,UT,2025-07-22,Deer-Creek-UT-dNBR_20250722_235959.tif,https://bin.ssec.wisc.edu/pub/realearth/brisk/2025/Deer-Creek-UT-dNBR_20250722_235959.tif
Deer-Creek,UT,2025-07-23,Deer-Creek-UT-dNBR_20250723_235959.tif,https://bin.ssec.wisc.edu/pub/realearth/brisk/2025/Deer-Creek-UT-dNBR_20250723_235959.tif
Deer-Creek,UT,2025-07-24,Deer-Creek-UT-dNBR_20250724_235959.tif,https://bin.ssec.wisc.edu/pub/realearth/brisk/2025/Deer-Creek-UT-dNBR_20250724_235959.tif
Deer-Creek,UT,2025-07-25,Deer-Creek-UT-dNBR_20250725_235959.tif,https://bin.ssec.wisc.edu/pub/realearth/brisk/2025/Deer-Creek-UT-dNBR_20250725_235959.tif
Deer-Creek,UT,2025-07-26,Deer-Creek-UT-dNBR_20250726_235959.tif,https://bin.ssec.wisc.edu/pub/realearth/brisk/2025/Deer-Creek-UT-dNBR_20250726_235959.tif
Deer-Creek,UT,2025-07-27,Deer-Creek-UT-dNBR_20250727_235959.tif,https://bin.ssec.wisc.edu/pub/realearth/brisk/2025/Deer-Creek-UT-dNBR_20250727_235959.tif
Deer-Creek,UT,2025-07-28,Deer-Creek-UT-dNBR_20250728_235959.tif,https://bin.ssec.wisc.edu/pub/realearth/brisk/2025/Deer-Creek-UT-dNBR_20250728_235959.tif
Deer-Creek,UT,2025-07-29,Deer-Creek-UT-dNBR_20250729_235959.tif,https://bin.ssec.wisc.edu/pub/realearth/brisk/2025/Deer-Creek-UT-dNBR_20250729_235959.tif
Deer-Creek,UT,2025-07-30,Deer-Creek-UT-dNBR_20250730_235959.tif,https://bin.ssec.wisc.edu/pub/realearth/brisk/2025/Deer-Creek-UT-dNBR_20250730_235959.tif
Deer-Creek,UT,2025-07-31,Deer-Creek-UT-dNBR_20250731_235959.tif,https://bin.ssec.wisc.edu/pub/realearth/brisk/2025/Deer-Creek-UT-dNBR_20250731_235959.tif
Deer-Creek,UT,2025-08-01,Deer-Creek-UT-dNBR_20250801_235959.tif,https://bin.ssec.wisc.edu/pub/realearth/brisk/2025/Deer-Creek-UT-dNBR_20250801_235959.tif
Deer-Creek,UT,2025-08-02,Deer-Creek-UT-dNBR_20250802_235959.tif,https://bin.ssec.wisc.edu/pub/realearth/brisk/2025/Deer-Creek-UT-dNBR_20250802_235959.tif
Deer-Creek,UT,2025-08-03,Deer-Creek-UT-dNBR_20250803_235959.tif,https://bin.ssec.wisc.edu/pub/realearth/brisk/2025/Deer-Creek-UT-dNBR_20250803_235959.tif
Deer-Creek,UT,2025-08-04,Deer-Creek-UT-dNBR_20250804_235959.tif,https://bin.ssec.wisc.edu/pub/realearth/brisk/2025/Deer-Creek-UT-dNBR_20250804_235959.tif
Deer-Creek,UT,2025-08-05,Deer-Creek-UT-dNBR_20250805_235959.tif,https://bin.ssec.wisc.edu/pub/realearth/brisk/2025/Deer-Creek-UT-dNBR_20250805_235959.tif
Deer-Creek,UT,2025-08-06,Deer-Creek-UT-dNBR_20250806_235959.tif,https://bin.ssec.wisc.edu/pub/realearth/brisk/2025/Deer-Creek-UT-dNBR_20250806_235959.tif
Deer-Creek,UT,2025-08-07,Deer-Creek-UT-dNBR_20250807_235959.tif,https://bin.ssec.wisc.edu/pub/realearth/brisk/2025/Deer-Creek-UT-dNBR_20250807_235959.tif
Deer-Creek,UT,2025-08-08,Deer-Creek-UT-dNBR_20250808_235959.tif,https://bin.ssec.wisc.edu/pub/realearth/brisk/2025/Deer-Creek-UT-dNBR_20250808_235959.tif
Deer-Creek,UT,2025-08-09,Deer-Creek-UT-dNBR_20250809_235959.tif,https://bin.ssec.wisc.edu/pub/realearth/brisk/2025/Deer-Creek-UT-dNBR_20250809_235959.tif
Deer-Creek,UT,2025-08-10,Deer-Creek-UT-dNBR_20250810_235959.tif,https://bin.ssec.wisc.edu/pub/realearth/brisk/2025/Deer-Creek-UT-dNBR_20250810_235959.tif
Deer-Creek,UT,2025-08-11,Deer-Creek-UT-dNBR_20250811_235959.tif,https://bin.ssec.wisc.edu/pub/realearth/brisk/2025/Deer-Creek-UT-dNBR_20250811_235959.tif
Deer-Creek,UT,2025-08-12,Deer-Creek-UT-dNBR_20250812_235959.tif,https://bin.ssec.wisc.edu/pub/realearth/brisk/2025/Deer-Creek-UT-dNBR_20250812_235959.tif
Deer-Creek,UT,2025-08-13,Deer-Creek-UT-dNBR_20250813_235959.tif,https://bin.ssec.wisc.edu/pub/realearth/brisk/2025/Deer-Creek-UT-dNBR_20250813_235959.tif
Deer-Creek,UT,2025-08-14,Deer-Creek-UT-dNBR_20250814_235959.tif,https://bin.ssec.wisc.edu/pub/realearth/brisk/2025/Deer-Creek-UT-dNBR_20250814_235959.tif
Deer-Creek,UT,2025-08-15,Deer-Creek-UT-dNBR_20250815_235959.tif,https://bin.ssec.wisc.edu/pub/realearth/brisk/2025/Deer-Creek-UT-dNBR_20250815_235959.tif
Deer-Creek,UT,2025-08-16,Deer-Creek-UT-dNBR_20250816_235959.tif,https://bin.ssec.wisc.edu/pub/realearth/brisk/2025/Deer-Creek-UT-dNBR_20250816_235959.tif
Deer-Creek,UT,2025-08-17,Deer-Creek-UT-dNBR_20250817_235959.tif,https://bin.ssec.wisc.edu/pub/realearth/brisk/2025/Deer-Creek-UT-dNBR_20250817_235959.tif
Deer-Creek,UT,2025-08-18,Deer-Creek-UT-dNBR_20250818_235959.tif,https://bin.ssec.wisc.edu/pub/realearth/brisk/2025/Deer-Creek-UT-dNBR_20250818_235959.tif
Deer-Creek,UT,2025-08-19,Deer-Creek-UT-dNBR_20250819_235959.tif,https://bin.ssec.wisc.edu/pub/realearth/brisk/2025/Deer-Creek-UT-dNBR_20250819_235959.tif
Deer-Creek,UT,2025-08-20,Deer-Creek-UT-dNBR_20250820_235959.tif,https://bin.ssec.wisc.edu/pub/realearth/brisk/2025/Deer-Creek-UT-dNBR_20250820_235959.tif
Deer-Creek,UT,2025-08-21,Deer-Creek-UT-dNBR_20250821_235959.tif,https://bin.ssec.wisc.edu/pub/realearth/brisk/2025/Deer-Creek-UT-dNBR_20250821_235959.tif
Deer-Creek,UT,2025-08-22,Deer-Creek-UT-dNBR_20250822_235959.tif,https://bin.ssec.wisc.edu/pub/realearth/brisk/2025/Deer-Creek-UT-dNBR_20250822_235959.tif
Deer-Creek,UT,2025-08-23,Deer-Creek-UT-dNBR_20250823_235959.tif,https://bin.ssec.wisc.edu/pub/realearth/brisk/2025/Deer-Creek-UT-dNBR_20250823_235959.tif
Deer-Creek,UT,2025-08-25,Deer-Creek-UT-dNBR_20250825_235959.tif,https://bin.ssec.wisc.edu/pub/realearth/brisk/2025/Deer-Creek-UT-dNBR_20250825_235959.tif
Deer-Creek,UT,2025-08-26,Deer-Creek-UT-dNBR_20250826_235959.tif,https://bin.ssec.wisc.edu/pub/realearth/brisk/2025/Deer-Creek-UT-dNBR_20250826_235959.tif
Deer-Creek,UT,2025-09-01,Deer-Creek-UT-dNBR_20250901_235959.tif,https://bin.ssec.wisc.edu/pub/realearth/brisk/2025/Deer-Creek-UT-dNBR_20250901_235959.tif
Deer-Creek,UT,2025-09-02,Deer-Creek-UT-dNBR_20250902_235959.tif,https://bin.ssec.wisc.edu/pub/realearth/brisk/2025/Deer-Creek-UT-dNBR_20250902_235959.tif
Deer-Creek,UT,2025-09-03,Deer-Creek-UT-dNBR_20250903_235959.tif,https://bin.ssec.wisc.edu/pub/realearth/brisk/2025/Deer-Creek-UT-dNBR_20250903_235959.tif
Deer-Creek,UT,2025-09-04,Deer-Creek-UT-dNBR_20250904_235959.tif,https://bin.ssec.wisc.edu/pub/realearth/brisk/2025/Deer-Creek-UT-dNBR_20250904_235959.tif
Deer-Creek,UT,2025-09-05,Deer-Creek-UT-dNBR_20250905_235959.tif,https://bin.ssec.wisc.edu/pub/realearth/brisk/2025/Deer-Creek-UT-dNBR_20250905_235959.tif
Deer-Creek,UT,2025-09-06,Deer-Creek-UT-dNBR_20250906_235959.tif,https://bin.ssec.wisc.edu/pub/realearth/brisk/2025/Deer-Creek-UT-dNBR_20250906_235959.tif
Deer-Creek,UT,2025-09-07,Deer-Creek-UT-dNBR_20250907_235959.tif,https://bin.ssec.wisc.edu/pub/realearth/brisk/2025/Deer-Creek-UT-dNBR_20250907_235959.tif
Deer-Creek,UT,2025-09-08,Deer-Creek-UT-dNBR_20250908_235959.tif,https://bin.ssec.wisc.edu/pub/realearth/brisk/2025/Deer-Creek-UT-dNBR_20250908_235959.tif
Deer-Creek,UT,2025-09-09,Deer-Creek-UT-dNBR_20250909_235959.tif,https://bin.ssec.wisc.edu/pub/realearth/brisk/2025/Deer-Creek-UT-dNBR_20250909_235959.tif
Deer-Creek,UT,2025-09-10,Deer-Creek-UT-dNBR_20250910_235959.tif,https://bin.ssec.wisc.edu/pub/realearth/brisk/2025/Deer-Creek-UT-dNBR_20250910_235959.tif
Derby,CO,2025-08-25,Derby-CO-dNBR_20250825_235959.tif,https://bin.ssec.wisc.edu/pub/realearth/brisk/2025/Derby-CO-dNBR_20250825_235959.tif
Derby,CO,2025-08-26,Derby-CO-dNBR_20250826_235959.tif,https://bin.ssec.wisc.edu/pub/realearth/brisk/2025/Derby-CO-dNBR_20250826_235959.tif
Derby,CO,2025-09-01,Derby-CO-dNBR_20250901_235959.tif,https://bin.ssec.wisc.edu/pub/realearth/brisk/2025/Derby-CO-dNBR_20250901_235959.tif
Derby,CO,2025-09-02,Derby-CO-dNBR_20250902_235959.tif,https://bin.ssec.wisc.edu/pub/realearth/brisk/2025/Derby-CO-dNBR_20250902_235959.tif
Derby,CO,2025-09-03,Derby-CO-dNBR_20250903_235959.tif,https://bin.ssec.wisc.edu/pub/realearth/brisk/2025/Derby-CO-dNBR_20250903_235959.tif
Derby,CO,2025-09-04,Derby-CO-dNBR_20250904_235959.tif,https://bin.ssec.wisc.edu/pub/realearth/brisk/2025/Derby-CO-dNBR_20250904_235959.tif
Derby,CO,2025-09-05,Derby-CO-dNBR_20250905_235959.tif,https://bin.ssec.wisc.edu/pub/realearth/brisk/2025/Derby-CO-dNBR_20250905_235959.tif
Derby,CO,2025-09-06,Derby-CO-dNBR_20250906_235959.tif,https://bin.ssec.wisc.edu/pub/realearth/brisk/2025/Derby-CO-dNBR_20250906_235959.tif
Derby,CO,2025-09-07,Derby-CO-dNBR_20250907_235959.tif,https://bin.ssec.wisc.edu/pub/realearth/brisk/2025/Derby-CO-dNBR_20250907_235959.tif
Derby,CO,2025-09-08,Derby-CO-dNBR_20250908_235959.tif,https://bin.ssec.wisc.edu/pub/realearth/brisk/2025/Derby-CO-dNBR_20250908_235959.tif
Derby,CO,2025-09-09,Derby-CO-dNBR_20250909_235959.tif,https://bin.ssec.wisc.edu/pub/realearth/brisk/2025/Derby-CO-dNBR_20250909_235959.tif
Derby,CO,2025-09-10,Derby-CO-dNBR_20250910_235959.tif,https://bin.ssec.wisc.edu/pub/realearth/brisk/2025/Derby-CO-dNBR_20250910_235959.tif
Derby,CO,2025-09-11,Derby-CO-dNBR_20250911_235959.tif,https://bin.ssec.wisc.edu/pub/realearth/brisk/2025/Derby-CO-dNBR_20250911_235959.tif
Derby,CO,2025-09-12,Derby-CO-dNBR_20250912_235959.tif,https://bin.ssec.wisc.edu/pub/realearth/brisk/2025/Derby-CO-dNBR_20250912_235959.tif
Derby,CO,2025-09-13,Derby-CO-dNBR_20250913_235959.tif,https://bin.ssec.wisc.edu/pub/realearth/brisk/2025/Derby-CO-dNBR_20250913_235959.tif
Derby,CO,2025-09-14,Derby-CO-dNBR_20250914_235959.tif,https://bin.ssec.wisc.edu/pub/realearth/brisk/2025/Derby-CO-dNBR_20250914_235959.tif
Derby,CO,2025-09-15,Derby-CO-dNBR_20250915_235959.tif,https://bin.ssec.wisc.edu/pub/realearth/brisk/2025/Derby-CO-dNBR_20250915_235959.tif
Derby,CO,2025-09-16,Derby-CO-dNBR_20250916_235959.tif,https://bin.ssec.wisc.edu/pub/realearth/brisk/2025/Derby-CO-dNBR_20250916_235959.tif
Derby,CO,2025-09-17,Derby-CO-dNBR_20250917_235959.tif,https://bin.ssec.wisc.edu/pub/realearth/brisk/2025/Derby-CO-dNBR_20250917_235959.tif
Derby,CO,2025-09-18,Derby-CO-dNBR_20250918_235959.tif,https://bin.ssec.wisc.edu/pub/realearth/brisk/2025/Derby-CO-dNBR_20250918_235959.tif
Derby,CO,2025-09-19,Derby-CO-dNBR_20250919_235959.tif,https://bin.ssec.wisc.edu/pub/realearth/brisk/2025/Derby-CO-dNBR_20250919_235959.tif
Derby,CO,2025-09-20,Derby-CO-dNBR_20250920_235959.tif,https://bin.ssec.wisc.edu/pub/realearth/brisk/2025/Derby-CO-dNBR_20250920_235959.tif
Derby,CO,2025-09-21,Derby-CO-dNBR_20250921_235959.tif,https://bin.ssec.wisc.edu/pub/realearth/brisk/2025/Derby-CO-dNBR_20250921_235959.tif
Derby,CO,2025-09-22,Derby-CO-dNBR_20250922_235959.tif,https://bin.ssec.wisc.edu/pub/realearth/brisk/2025/Derby-CO-dNBR_20250922_235959.tif
Derby,CO,2025-09-24,Derby-CO-dNBR_20250924_235959.tif,https://bin.ssec.wisc.edu/pub/realearth/brisk/2025/Derby-CO-dNBR_20250924_235959.tif
Derby,CO,2025-09-25,Derby-CO-dNBR_20250925_235959.tif,https://bin.ssec.wisc.edu/pub/realearth/brisk/2025/Derby-CO-dNBR_20250925_235959.tif
Derby,CO,2025-09-26,Derby-CO-dNBR_20250926_235959.tif,https://bin.ssec.wisc.edu/pub/realearth/brisk/2025/Derby-CO-dNBR_20250926_235959.tif
Derby,CO,2025-09-27,Derby-CO-dNBR_20250927_235959.tif,https://bin.ssec.wisc.edu/pub/realearth/brisk/2025/Derby-CO-dNBR_20250927_235959.tif
Derby,CO,2025-09-28,Derby-CO-dNBR_20250928_235959.tif,https://bin.ssec.wisc.edu/pub/realearth/brisk/2025/Derby-CO-dNBR_20250928_235959.tif
Derby,CO,2025-09-29,Derby-CO-dNBR_20250929_235959.tif,https://bin.ssec.wisc.edu/pub/realearth/brisk/2025/Derby-CO-dNBR_20250929_235959.tif
Derby,CO,2025-09-30,Derby-CO-dNBR_20250930_235959.tif,https://bin.ssec.wisc.edu/pub/realearth/brisk/2025/Derby-CO-dNBR_20250930_235959.tif
Derby,CO,2025-10-01,Derby-CO-dNBR_20251001_235959.tif,https://bin.ssec.wisc.edu/pub/realearth/brisk/2025/Derby-CO-dNBR_20251001_235959.tif
Derby,CO,2025-10-06,Derby-CO-dNBR_20251006_235959.tif,https://bin.ssec.wisc.edu/pub/realearth/brisk/2025/Derby-CO-dNBR_20251006_235959.tif
Derby,CO,2025-10-07,Derby-CO-dNBR_20251007_235959.tif,https://bin.ssec.wisc.edu/pub/realearth/brisk/2025/Derby-CO-dNBR_20251007_235959.tif
Derby,CO,2025-10-08,Derby-CO-dNBR_20251008_235959.tif,https://bin.ssec.wisc.edu/pub/realearth/brisk/2025/Derby-CO-dNBR_20251008_235959.tif
Derby,CO,2025-10-09,Derby-CO-dNBR_20251009_235959.tif,https://bin.ssec.wisc.edu/pub/realearth/brisk/2025/Derby-CO-dNBR_20251009_235959.tif
Derby,CO,2025-10-11,Derby-CO-dNBR_20251011_235959.tif,https://bin.ssec.wisc.edu/pub/realearth/brisk/2025/Derby-CO-dNBR_20251011_235959.tif
Derby,CO,2025-10-12,Derby-CO-dNBR_20251012_235959.tif,https://bin.ssec.wisc.edu/pub/realearth/brisk/2025/Derby-CO-dNBR_20251012_235959.tif
Derby,CO,2025-10-14,Derby-CO-dNBR_20251014_235959.tif,https://bin.ssec.wisc.edu/pub/realearth/brisk/2025/Derby-CO-dNBR_20251014_235959.tif
Derby,CO,2025-10-16,Derby-CO-dNBR_20251016_235959.tif,https://bin.ssec.wisc.edu/pub/realearth/brisk/2025/Derby-CO-dNBR_20251016_235959.tif
Derby,CO,2025-10-18,Derby-CO-dNBR_20251018_235959.tif,https://bin.ssec.wisc.edu/pub/realearth/brisk/2025/Derby-CO-dNBR_20251018_235959.tif
Derby,CO,2025-10-29,Derby-CO-dNBR_20251029_235959.tif,https://bin.ssec.wisc.edu/pub/realearth/brisk/2025/Derby-CO-dNBR_20251029_235959.tif
Derby,CO,2025-10-30,Derby-CO-dNBR_20251030_235959.tif,https://bin.ssec.wisc.edu/pub/realearth/brisk/2025/Derby-CO-dNBR_20251030_235959.tif
Derby,CO,2025-10-31,Derby-CO-dNBR_20251031_235959.tif,https://bin.ssec.wisc.edu/pub/realearth/brisk/2025/Derby-CO-dNBR_20251031_235959.tif
Derby,CO,2025-11-01,Derby-CO-dNBR_20251101_235959.tif,https://bin.ssec.wisc.edu/pub/realearth/brisk/2025/Derby-CO-dNBR_20251101_235959.tif
Derby,CO,2025-11-02,Derby-CO-dNBR_20251102_235959.tif,https://bin.ssec.wisc.edu/pub/realearth/brisk/2025/Derby-CO-dNBR_20251102_235959.tif
Derby,CO,2025-11-04,Derby-CO-dNBR_20251104_235959.tif,https://bin.ssec.wisc.edu/pub/realearth/brisk/2025/Derby-CO-dNBR_20251104_235959.tif
Derby,CO,2025-11-05,Derby-CO-dNBR_20251105_235959.tif,https://bin.ssec.wisc.edu/pub/realearth/brisk/2025/Derby-CO-dNBR_20251105_235959.tif
Derby,CO,2025-11-06,Derby-CO-dNBR_20251106_235959.tif,https://bin.ssec.wisc.edu/pub/realearth/brisk/2025/Derby-CO-dNBR_20251106_235959.tif
Derby,CO,2025-11-08,Derby-CO-dNBR_20251108_235959.tif,https://bin.ssec.wisc.edu/pub/realearth/brisk/2025/Derby-CO-dNBR_20251108_235959.tif
Derby,CO,2025-11-09,Derby-CO-dNBR_20251109_235959.tif,https://bin.ssec.wisc.edu/pub/realearth/brisk/2025/Derby-CO-dNBR_20251109_235959.tif
Derby,CO,2025-11-10,Derby-CO-dNBR_20251110_235959.tif,https://bin.ssec.wisc.edu/pub/realearth/brisk/2025/Derby-CO-dNBR_20251110_235959.tif
Derby,CO,2025-11-11,Derby-CO-dNBR_20251111_235959.tif,https://bin.ssec.wisc.edu/pub/realearth/brisk/2025/Derby-CO-dNBR_20251111_235959.tif
Derby,CO,2025-11-12,Derby-CO-dNBR_20251112_235959.tif,https://bin.ssec.wisc.edu/pub/realearth/brisk/2025/Derby-CO-dNBR_20251112_235959.tif
Derby,CO,2025-11-13,Derby-CO-dNBR_20251113_235959.tif,https://bin.ssec.wisc.edu/pub/realearth/brisk/2025/Derby-CO-dNBR_20251113_235959.tif
Derby,CO,2025-11-14,Derby-CO-dNBR_20251114_235959.tif,https://bin.ssec.wisc.edu/pub/realearth/brisk/2025/Derby-CO-dNBR_20251114_235959.tif
Derby,CO,2025-11-15,Derby-CO-dNBR_20251115_235959.tif,https://bin.ssec.wisc.edu/pub/realearth/brisk/2025/Derby-CO-dNBR_20251115_235959.tif
Derby,CO,2025-11-16,Derby-CO-dNBR_20251116_235959.tif,https://bin.ssec.wisc.edu/pub/realearth/brisk/2025/Derby-CO-dNBR_20251116_235959.tif
Derby,CO,2025-11-17,Derby-CO-dNBR_20251117_235959.tif,https://bin.ssec.wisc.edu/pub/realearth/brisk/2025/Derby-CO-dNBR_20251117_235959.tif
Derby,CO,2025-11-19,Derby-CO-dNBR_20251119_235959.tif,https://bin.ssec.wisc.edu/pub/realearth/brisk/2025/Derby-CO-dNBR_20251119_235959.tif
Derby,CO,2025-11-20,Derby-CO-dNBR_20251120_235959.tif,https://bin.ssec.wisc.edu/pub/realearth/brisk/2025/Derby-CO-dNBR_20251120_235959.tif
Derby,CO,2025-11-21,Derby-CO-dNBR_20251121_235959.tif,https://bin.ssec.wisc.edu/pub/realearth/brisk/2025/Derby-CO-dNBR_20251121_235959.tif
Derby,CO,2025-11-22,Derby-CO-dNBR_20251122_235959.tif,https://bin.ssec.wisc.edu/pub/realearth/brisk/2025/Derby-CO-dNBR_20251122_235959.tif
Derby,CO,2025-11-23,Derby-CO-dNBR_20251123_235959.tif,https://bin.ssec.wisc.edu/pub/realearth/brisk/2025/Derby-CO-dNBR_20251123_235959.tif
Derby,CO,2025-11-24,Derby-CO-dNBR_20251124_235959.tif,https://bin.ssec.wisc.edu/pub/realearth/brisk/2025/Derby-CO-dNBR_20251124_235959.tif
Derby,CO,2025-11-26,Derby-CO-dNBR_20251126_235959.tif,https://bin.ssec.wisc.edu/pub/realearth/brisk/2025/Derby-CO-dNBR_20251126_235959.tif
Derby,CO,2025-11-27,Derby-CO-dNBR_20251127_235959.tif,https://bin.ssec.wisc.edu/pub/realearth/brisk/2025/Derby-CO-dNBR_20251127_235959.tif
Derby,CO,2025-11-28,Derby-CO-dNBR_20251128_235959.tif,https://bin.ssec.wisc.edu/pub/realearth/brisk/2025/Derby-CO-dNBR_20251128_235959.tif
Derby,CO,2025-11-29,Derby-CO-dNBR_20251129_235959.tif,https://bin.ssec.wisc.edu/pub/realearth/brisk/2025/Derby-CO-dNBR_20251129_235959.tif
Derby,CO,2025-11-30,Derby-CO-dNBR_20251130_235959.tif,https://bin.ssec.wisc.edu/pub/realearth/brisk/2025/Derby-CO-dNBR_20251130_235959.tif
Derby,CO,2025-12-01,Derby-CO-dNBR_20251201_235959.tif,https://bin.ssec.wisc.edu/pub/realearth/brisk/2025/Derby-CO-dNBR_20251201_235959.tif
Derby,CO,2025-12-04,Derby-CO-dNBR_20251204_235959.tif,https://bin.ssec.wisc.edu/pub/realearth/brisk/2025/Derby-CO-dNBR_20251204_235959.tif
Derby,CO,2025-12-05,Derby-CO-dNBR_20251205_235959.tif,https://bin.ssec.wisc.edu/pub/realearth/brisk/2025/Derby-CO-dNBR_20251205_235959.tif
Derby,CO,2025-12-06,Derby-CO-dNBR_20251206_235959.tif,https://bin.ssec.wisc.edu/pub/realearth/brisk/2025/Derby-CO-dNBR_20251206_235959.tif
Derby,CO,2025-12-07,Derby-CO-dNBR_20251207_235959.tif,https://bin.ssec.wisc.edu/pub/realearth/brisk/2025/Derby-CO-dNBR_20251207_235959.tif
Derby,CO,2025-12-08,Derby-CO-dNBR_20251208_235959.tif,https://bin.ssec.wisc.edu/pub/realearth/brisk/2025/Derby-CO-dNBR_20251208_235959.tif
Derby,CO,2025-12-09,Derby-CO-dNBR_20251209_235959.tif,https://bin.ssec.wisc.edu/pub/realearth/brisk/2025/Derby-CO-dNBR_20251209_235959.tif
Derby,CO,2025-12-10,Derby-CO-dNBR_20251210_235959.tif,https://bin.ssec.wisc.edu/pub/realearth/brisk/2025/Derby-CO-dNBR_20251210_235959.tif
Derby,CO,2025-12-11,Derby-CO-dNBR_20251211_235959.tif,https://bin.ssec.wisc.edu/pub/realearth/brisk/2025/Derby-CO-dNBR_20251211_235959.tif
Derby,CO,2025-12-12,Derby-CO-dNBR_20251212_235959.tif,https://bin.ssec.wisc.edu/pub/realearth/brisk/2025/Derby-CO-dNBR_20251212_235959.tif
Derby,CO,2025-12-13,Derby-CO-dNBR_20251213_235959.tif,https://bin.ssec.wisc.edu/pub/realearth/brisk/2025/Derby-CO-dNBR_20251213_235959.tif
Dillon,CA,2025-09-01,Dillon-CA-dNBR_20250901_235959.tif,https://bin.ssec.wisc.edu/pub/realearth/brisk/2025/Dillon-CA-dNBR_20250901_235959.tif
Dillon,CA,2025-09-02,Dillon-CA-dNBR_20250902_235959.tif,https://bin.ssec.wisc.edu/pub/realearth/brisk/2025/Dillon-CA-dNBR_20250902_235959.tif
Dillon,CA,2025-09-03,Dillon-CA-dNBR_20250903_235959.tif,https://bin.ssec.wisc.edu/pub/realearth/brisk/2025/Dillon-CA-dNBR_20250903_235959.tif
Dillon,CA,2025-09-04,Dillon-CA-dNBR_20250904_235959.tif,https://bin.ssec.wisc.edu/pub/realearth/brisk/2025/Dillon-CA-dNBR_20250904_235959.tif
Dillon,CA,2025-09-05,Dillon-CA-dNBR_20250905_235959.tif,https://bin.ssec.wisc.edu/pub/realearth/brisk/2025/Dillon-CA-dNBR_20250905_235959.tif
Dillon,CA,2025-09-06,Dillon-CA-dNBR_20250906_235959.tif,https://bin.ssec.wisc.edu/pub/realearth/brisk/2025/Dillon-CA-dNBR_20250906_235959.tif
Dillon,CA,2025-09-07,Dillon-CA-dNBR_20250907_235959.tif,https://bin.ssec.wisc.edu/pub/realearth/brisk/2025/Dillon-CA-dNBR_20250907_235959.tif
Dillon,CA,2025-09-08,Dillon-CA-dNBR_20250908_235959.tif,https://bin.ssec.wisc.edu/pub/realearth/brisk/2025/Dillon-CA-dNBR_20250908_235959.tif
Dillon,CA,2025-09-09,Dillon-CA-dNBR_20250909_235959.tif,https://bin.ssec.wisc.edu/pub/realearth/brisk/2025/Dillon-CA-dNBR_20250909_235959.tif
Dillon,CA,2025-09-10,Dillon-CA-dNBR_20250910_235959.tif,https://bin.ssec.wisc.edu/pub/realearth/brisk/2025/Dillon-CA-dNBR_20250910_235959.tif
Dillon,CA,2025-09-11,Dillon-CA-dNBR_20250911_235959.tif,https://bin.ssec.wisc.edu/pub/realearth/brisk/2025/Dillon-CA-dNBR_20250911_235959.tif
Dillon,CA,2025-09-12,Dillon-CA-dNBR_20250912_235959.tif,https://bin.ssec.wisc.edu/pub/realearth/brisk/2025/Dillon-CA-dNBR_20250912_235959.tif
Dillon,CA,2025-09-13,Dillon-CA-dNBR_20250913_235959.tif,https://bin.ssec.wisc.edu/pub/realearth/brisk/2025/Dillon-CA-dNBR_20250913_235959.tif
Dillon,CA,2025-09-14,Dillon-CA-dNBR_20250914_235959.tif,https://bin.ssec.wisc.edu/pub/realearth/brisk/2025/Dillon-CA-dNBR_20250914_235959.tif
Dillon,CA,2025-09-15,Dillon-CA-dNBR_20250915_235959.tif,https://bin.ssec.wisc.edu/pub/realearth/brisk/2025/Dillon-CA-dNBR_20250915_235959.tif
Dillon,CA,2025-09-16,Dillon-CA-dNBR_20250916_235959.tif,https://bin.ssec.wisc.edu/pub/realearth/brisk/2025/Dillon-CA-dNBR_20250916_235959.tif
Dillon,CA,2025-09-17,Dillon-CA-dNBR_20250917_235959.tif,https://bin.ssec.wisc.edu/pub/realearth/brisk/2025/Dillon-CA-dNBR_20250917_235959.tif
Dillon,CA,2025-09-18,Dillon-CA-dNBR_20250918_235959.tif,https://bin.ssec.wisc.edu/pub/realearth/brisk/2025/Dillon-CA-dNBR_20250918_235959.tif
Dillon,CA,2025-09-19,Dillon-CA-dNBR_20250919_235959.tif,https://bin.ssec.wisc.edu/pub/realearth/brisk/2025/Dillon-CA-dNBR_20250919_235959.tif
Dillon,CA,2025-09-20,Dillon-CA-dNBR_20250920_235959.tif,https://bin.ssec.wisc.edu/pub/realearth/brisk/2025/Dillon-CA-dNBR_20250920_235959.tif
Dillon,CA,2025-09-21,Dillon-CA-dNBR_20250921_235959.tif,https://bin.ssec.wisc.edu/pub/realearth/brisk/2025/Dillon-CA-dNBR_20250921_235959.tif
Dillon,CA,2025-09-22,Dillon-CA-dNBR_20250922_235959.tif,https://bin.ssec.wisc.edu/pub/realearth/brisk/2025/Dillon-CA-dNBR_20250922_235959.tif
Dillon,CA,2025-09-24,Dillon-CA-dNBR_20250924_235959.tif,https://bin.ssec.wisc.edu/pub/realearth/brisk/2025/Dillon-CA-dNBR_20250924_235959.tif
Dillon,CA,2025-09-25,Dillon-CA-dNBR_20250925_235959.tif,https://bin.ssec.wisc.edu/pub/realearth/brisk/2025/Dillon-CA-dNBR_20250925_235959.tif
Dillon,CA,2025-09-26,Dillon-CA-dNBR_20250926_235959.tif,https://bin.ssec.wisc.edu/pub/realearth/brisk/2025/Dillon-CA-dNBR_20250926_235959.tif
Dillon,CA,2025-09-27,Dillon-CA-dNBR_20250927_235959.tif,https://bin.ssec.wisc.edu/pub/realearth/brisk/2025/Dillon-CA-dNBR_20250927_235959.tif
Dillon,CA,2025-09-28,Dillon-CA-dNBR_20250928_235959.tif,https://bin.ssec.wisc.edu/pub/realearth/brisk/2025/Dillon-CA-dNBR_20250928_235959.tif
Dillon,CA,2025-09-30,Dillon-CA-dNBR_20250930_235959.tif,https://bin.ssec.wisc.edu/pub/realearth/brisk/2025/Dillon-CA-dNBR_20250930_235959.tif
Dillon,CA,2025-10-06,Dillon-CA-dNBR_20251006_235959.tif,https://bin.ssec.wisc.edu/pub/realearth/brisk/2025/Dillon-CA-dNBR_20251006_235959.tif
Dillon,CA,2025-10-07,Dillon-CA-dNBR_20251007_235959.tif,https://bin.ssec.wisc.edu/pub/realearth/brisk/2025/Dillon-CA-dNBR_20251007_235959.tif
Dillon,CA,2025-10-08,Dillon-CA-dNBR_20251008_235959.tif,https://bin.ssec.wisc.edu/pub/realearth/brisk/2025/Dillon-CA-dNBR_20251008_235959.tif
Dillon,CA,2025-10-09,Dillon-CA-dNBR_20251009_235959.tif,https://bin.ssec.wisc.edu/pub/realearth/brisk/2025/Dillon-CA-dNBR_20251009_235959.tif
Dillon,CA,2025-10-11,Dillon-CA-dNBR_20251011_235959.tif,https://bin.ssec.wisc.edu/pub/realearth/brisk/2025/Dillon-CA-dNBR_20251011_235959.tif
Dillon,CA,2025-10-14,Dillon-CA-dNBR_20251014_235959.tif,https://bin.ssec.wisc.edu/pub/realearth/brisk/2025/Dillon-CA-dNBR_20251014_235959.tif
Dillon,CA,2025-10-16,Dillon-CA-dNBR_20251016_235959.tif,https://bin.ssec.wisc.edu/pub/realearth/brisk/2025/Dillon-CA-dNBR_20251016_235959.tif
Dillon,CA,2025-10-17,Dillon-CA-dNBR_20251017_235959.tif,https://bin.ssec.wisc.edu/pub/realearth/brisk/2025/Dillon-CA-dNBR_20251017_235959.tif
Dillon,CA,2025-10-18,Dillon-CA-dNBR_20251018_235959.tif,https://bin.ssec.wisc.edu/pub/realearth/brisk/2025/Dillon-CA-dNBR_20251018_235959.tif
Dillon,CA,2025-10-29,Dillon-CA-dNBR_20251029_235959.tif,https://bin.ssec.wisc.edu/pub/realearth/brisk/2025/Dillon-CA-dNBR_20251029_235959.tif
Dillon,CA,2025-10-30,Dillon-CA-dNBR_20251030_235959.tif,https://bin.ssec.wisc.edu/pub/realearth/brisk/2025/Dillon-CA-dNBR_20251030_235959.tif
Dillon,CA,2025-10-31,Dillon-CA-dNBR_20251031_235959.tif,https://bin.ssec.wisc.edu/pub/realearth/brisk/2025/Dillon-CA-dNBR_20251031_235959.tif
Dillon,CA,2025-11-01,Dillon-CA-dNBR_20251101_235959.tif,https://bin.ssec.wisc.edu/pub/realearth/brisk/2025/Dillon-CA-dNBR_20251101_235959.tif
Dillon,CA,2025-11-04,Dillon-CA-dNBR_20251104_235959.tif,https://bin.ssec.wisc.edu/pub/realearth/brisk/2025/Dillon-CA-dNBR_20251104_235959.tif
Dillon,CA,2025-11-05,Dillon-CA-dNBR_20251105_235959.tif,https://bin.ssec.wisc.edu/pub/realearth/brisk/2025/Dillon-CA-dNBR_20251105_235959.tif
Dillon,CA,2025-11-06,Dillon-CA-dNBR_20251106_235959.tif,https://bin.ssec.wisc.edu/pub/realearth/brisk/2025/Dillon-CA-dNBR_20251106_235959.tif
Dillon,CA,2025-11-07,Dillon-CA-dNBR_20251107_235959.tif,https://bin.ssec.wisc.edu/pub/realearth/brisk/2025/Dillon-CA-dNBR_20251107_235959.tif
Dillon,CA,2025-11-08,Dillon-CA-dNBR_20251108_235959.tif,https://bin.ssec.wisc.edu/pub/realearth/brisk/2025/Dillon-CA-dNBR_20251108_235959.tif
Dillon,CA,2025-11-09,Dillon-CA-dNBR_20251109_235959.tif,https://bin.ssec.wisc.edu/pub/realearth/brisk/2025/Dillon-CA-dNBR_20251109_235959.tif
Dillon,CA,2025-11-10,Dillon-CA-dNBR_20251110_235959.tif,https://bin.ssec.wisc.edu/pub/realearth/brisk/2025/Dillon-CA-dNBR_20251110_235959.tif
Dillon,CA,2025-11-11,Dillon-CA-dNBR_20251111_235959.tif,https://bin.ssec.wisc.edu/pub/realearth/brisk/2025/Dillon-CA-dNBR_20251111_235959.tif
Dillon,CA,2025-11-12,Dillon-CA-dNBR_20251112_235959.tif,https://bin.ssec.wisc.edu/pub/realearth/brisk/2025/Dillon-CA-dNBR_20251112_235959.tif
Dillon,CA,2025-11-13,Dillon-CA-dNBR_20251113_235959.tif,https://bin.ssec.wisc.edu/pub/realearth/brisk/2025/Dillon-CA-dNBR_20251113_235959.tif
Dillon,CA,2025-11-14,Dillon-CA-dNBR_20251114_235959.tif,https://bin.ssec.wisc.edu/pub/realearth/brisk/2025/Dillon-CA-dNBR_20251114_235959.tif
Dillon,CA,2025-11-15,Dillon-CA-dNBR_20251115_235959.tif,https://bin.ssec.wisc.edu/pub/realearth/brisk/2025/Dillon-CA-dNBR_20251115_235959.tif
Dillon,CA,2025-11-16,Dillon-CA-dNBR_20251116_235959.tif,https://bin.ssec.wisc.edu/pub/realearth/brisk/2025/Dillon-CA-dNBR_20251116_235959.tif
Dillon,CA,2025-11-17,Dillon-CA-dNBR_20251117_235959.tif,https://bin.ssec.wisc.edu/pub/realearth/brisk/2025/Dillon-CA-dNBR_20251117_235959.tif
Dillon,CA,2025-11-18,Dillon-CA-dNBR_20251118_235959.tif,https://bin.ssec.wisc.edu/pub/realearth/brisk/2025/Dillon-CA-dNBR_20251118_235959.tif
Dillon,CA,2025-11-20,Dillon-CA-dNBR_20251120_235959.tif,https://bin.ssec.wisc.edu/pub/realearth/brisk/2025/Dillon-CA-dNBR_20251120_235959.tif
Dillon,CA,2025-11-21,Dillon-CA-dNBR_20251121_235959.tif,https://bin.ssec.wisc.edu/pub/realearth/brisk/2025/Dillon-CA-dNBR_20251121_235959.tif
Dollar-Lake,WY,2025-08-25,Dollar-Lake-WY-dNBR_20250825_235959.tif,https://bin.ssec.wisc.edu/pub/realearth/brisk/2025/Dollar-Lake-WY-dNBR_20250825_235959.tif
Dollar-Lake,WY,2025-08-26,Dollar-Lake-WY-dNBR_20250826_235959.tif,https://bin.ssec.wisc.edu/pub/realearth/brisk/2025/Dollar-Lake-WY-dNBR_20250826_235959.tif
Dollar-Lake,WY,2025-09-01,Dollar-Lake-WY-dNBR_20250901_235959.tif,https://bin.ssec.wisc.edu/pub/realearth/brisk/2025/Dollar-Lake-WY-dNBR_20250901_235959.tif
Dollar-Lake,WY,2025-09-02,Dollar-Lake-WY-dNBR_20250902_235959.tif,https://bin.ssec.wisc.edu/pub/realearth/brisk/2025/Dollar-Lake-WY-dNBR_20250902_235959.tif
Dollar-Lake,WY,2025-09-03,Dollar-Lake-WY-dNBR_20250903_235959.tif,https://bin.ssec.wisc.edu/pub/realearth/brisk/2025/Dollar-Lake-WY-dNBR_20250903_235959.tif
Dollar-Lake,WY,2025-09-04,Dollar-Lake-WY-dNBR_20250904_235959.tif,https://bin.ssec.wisc.edu/pub/realearth/brisk/2025/Dollar-Lake-WY-dNBR_20250904_235959.tif
Dollar-Lake,WY,2025-09-05,Dollar-Lake-WY-dNBR_20250905_235959.tif,https://bin.ssec.wisc.edu/pub/realearth/brisk/2025/Dollar-Lake-WY-dNBR_20250905_235959.tif
Dollar-Lake,WY,2025-09-06,Dollar-Lake-WY-dNBR_20250906_235959.tif,https://bin.ssec.wisc.edu/pub/realearth/brisk/2025/Dollar-Lake-WY-dNBR_20250906_235959.tif
Dollar-Lake,WY,2025-09-07,Dollar-Lake-WY-dNBR_20250907_235959.tif,https://bin.ssec.wisc.edu/pub/realearth/brisk/2025/Dollar-Lake-WY-dNBR_20250907_235959.tif
Dollar-Lake,WY,2025-09-08,Dollar-Lake-WY-dNBR_20250908_235959.tif,https://bin.ssec.wisc.edu/pub/realearth/brisk/2025/Dollar-Lake-WY-dNBR_20250908_235959.tif
Dollar-Lake,WY,2025-09-09,Dollar-Lake-WY-dNBR_20250909_235959.tif,https://bin.ssec.wisc.edu/pub/realearth/brisk/2025/Dollar-Lake-WY-dNBR_20250909_235959.tif
Dollar-Lake,WY,2025-09-10,Dollar-Lake-WY-dNBR_20250910_235959.tif,https://bin.ssec.wisc.edu/pub/realearth/brisk/2025/Dollar-Lake-WY-dNBR_20250910_235959.tif
Dollar-Lake,WY,2025-09-11,Dollar-Lake-WY-dNBR_20250911_235959.tif,https://bin.ssec.wisc.edu/pub/realearth/brisk/2025/Dollar-Lake-WY-dNBR_20250911_235959.tif
Dollar-Lake,WY,2025-09-12,Dollar-Lake-WY-dNBR_20250912_235959.tif,https://bin.ssec.wisc.edu/pub/realearth/brisk/2025/Dollar-Lake-WY-dNBR_20250912_235959.tif
Dollar-Lake,WY,2025-09-13,Dollar-Lake-WY-dNBR_20250913_235959.tif,https://bin.ssec.wisc.edu/pub/realearth/brisk/2025/Dollar-Lake-WY-dNBR_20250913_235959.tif
Dollar-Lake,WY,2025-09-14,Dollar-Lake-WY-dNBR_20250914_235959.tif,https://bin.ssec.wisc.edu/pub/realearth/brisk/2025/Dollar-Lake-WY-dNBR_20250914_235959.tif
Dollar-Lake,WY,2025-09-15,Dollar-Lake-WY-dNBR_20250915_235959.tif,https://bin.ssec.wisc.edu/pub/realearth/brisk/2025/Dollar-Lake-WY-dNBR_20250915_235959.tif
Dollar-Lake,WY,2025-09-16,Dollar-Lake-WY-dNBR_20250916_235959.tif,https://bin.ssec.wisc.edu/pub/realearth/brisk/2025/Dollar-Lake-WY-dNBR_20250916_235959.tif
Dollar-Lake,WY,2025-09-17,Dollar-Lake-WY-dNBR_20250917_235959.tif,https://bin.ssec.wisc.edu/pub/realearth/brisk/2025/Dollar-Lake-WY-dNBR_20250917_235959.tif
Dollar-Lake,WY,2025-09-18,Dollar-Lake-WY-dNBR_20250918_235959.tif,https://bin.ssec.wisc.edu/pub/realearth/brisk/2025/Dollar-Lake-WY-dNBR_20250918_235959.tif
Dollar-Lake,WY,2025-09-19,Dollar-Lake-WY-dNBR_20250919_235959.tif,https://bin.ssec.wisc.edu/pub/realearth/brisk/2025/Dollar-Lake-WY-dNBR_20250919_235959.tif
Dollar-Lake,WY,2025-09-20,Dollar-Lake-WY-dNBR_20250920_235959.tif,https://bin.ssec.wisc.edu/pub/realearth/brisk/2025/Dollar-Lake-WY-dNBR_20250920_235959.tif
Dollar-Lake,WY,2025-09-21,Dollar-Lake-WY-dNBR_20250921_235959.tif,https://bin.ssec.wisc.edu/pub/realearth/brisk/2025/Dollar-Lake-WY-dNBR_20250921_235959.tif
Dollar-Lake,WY,2025-09-22,Dollar-Lake-WY-dNBR_20250922_235959.tif,https://bin.ssec.wisc.edu/pub/realearth/brisk/2025/Dollar-Lake-WY-dNBR_20250922_235959.tif
Dollar-Lake,WY,2025-09-24,Dollar-Lake-WY-dNBR_20250924_235959.tif,https://bin.ssec.wisc.edu/pub/realearth/brisk/2025/Dollar-Lake-WY-dNBR_20250924_235959.tif
Dollar-Lake,WY,2025-09-25,Dollar-Lake-WY-dNBR_20250925_235959.tif,https://bin.ssec.wisc.edu/pub/realearth/brisk/2025/Dollar-Lake-WY-dNBR_20250925_235959.tif
Dollar-Lake,WY,2025-09-26,Dollar-Lake-WY-dNBR_20250926_235959.tif,https://bin.ssec.wisc.edu/pub/realearth/brisk/2025/Dollar-Lake-WY-dNBR_20250926_235959.tif
Dollar-Lake,WY,2025-09-27,Dollar-Lake-WY-dNBR_20250927_235959.tif,https://bin.ssec.wisc.edu/pub/realearth/brisk/2025/Dollar-Lake-WY-dNBR_20250927_235959.tif
Dollar-Lake,WY,2025-09-28,Dollar-Lake-WY-dNBR_20250928_235959.tif,https://bin.ssec.wisc.edu/pub/realearth/brisk/2025/Dollar-Lake-WY-dNBR_20250928_235959.tif
Dollar-Lake,WY,2025-09-29,Dollar-Lake-WY-dNBR_20250929_235959.tif,https://bin.ssec.wisc.edu/pub/realearth/brisk/2025/Dollar-Lake-WY-dNBR_20250929_235959.tif
Dollar-Lake,WY,2025-10-01,Dollar-Lake-WY-dNBR_20251001_235959.tif,https://bin.ssec.wisc.edu/pub/realearth/brisk/2025/Dollar-Lake-WY-dNBR_20251001_235959.tif
Dollar-Lake,WY,2025-10-06,Dollar-Lake-WY-dNBR_20251006_235959.tif,https://bin.ssec.wisc.edu/pub/realearth/brisk/2025/Dollar-Lake-WY-dNBR_20251006_235959.tif
Dollar-Lake,WY,2025-10-07,Dollar-Lake-WY-dNBR_20251007_235959.tif,https://bin.ssec.wisc.edu/pub/realearth/brisk/2025/Dollar-Lake-WY-dNBR_20251007_235959.tif
Dollar-Lake,WY,2025-10-08,Dollar-Lake-WY-dNBR_20251008_235959.tif,https://bin.ssec.wisc.edu/pub/realearth/brisk/2025/Dollar-Lake-WY-dNBR_20251008_235959.tif
Dollar-Lake,WY,2025-10-09,Dollar-Lake-WY-dNBR_20251009_235959.tif,https://bin.ssec.wisc.edu/pub/realearth/brisk/2025/Dollar-Lake-WY-dNBR_20251009_235959.tif
Dollar-Lake,WY,2025-10-10,Dollar-Lake-WY-dNBR_20251010_235959.tif,https://bin.ssec.wisc.edu/pub/realearth/brisk/2025/Dollar-Lake-WY-dNBR_20251010_235959.tif
Dollar-Lake,WY,2025-10-11,Dollar-Lake-WY-dNBR_20251011_235959.tif,https://bin.ssec.wisc.edu/pub/realearth/brisk/2025/Dollar-Lake-WY-dNBR_20251011_235959.tif
Dollar-Lake,WY,2025-10-12,Dollar-Lake-WY-dNBR_20251012_235959.tif,https://bin.ssec.wisc.edu/pub/realearth/brisk/2025/Dollar-Lake-WY-dNBR_20251012_235959.tif
Dollar-Lake,WY,2025-10-13,Dollar-Lake-WY-dNBR_20251013_235959.tif,https://bin.ssec.wisc.edu/pub/realearth/brisk/2025/Dollar-Lake-WY-dNBR_20251013_235959.tif
Dollar-Lake,WY,2025-10-14,Dollar-Lake-WY-dNBR_20251014_235959.tif,https://bin.ssec.wisc.edu/pub/realearth/brisk/2025/Dollar-Lake-WY-dNBR_20251014_235959.tif
Dollar-Lake,WY,2025-10-15,Dollar-Lake-WY-dNBR_20251015_235959.tif,https://bin.ssec.wisc.edu/pub/realearth/brisk/2025/Dollar-Lake-WY-dNBR_20251015_235959.tif
Dollar-Lake,WY,2025-10-16,Dollar-Lake-WY-dNBR_20251016_235959.tif,https://bin.ssec.wisc.edu/pub/realearth/brisk/2025/Dollar-Lake-WY-dNBR_20251016_235959.tif
Dollar-Lake,WY,2025-10-18,Dollar-Lake-WY-dNBR_20251018_235959.tif,https://bin.ssec.wisc.edu/pub/realearth/brisk/2025/Dollar-Lake-WY-dNBR_20251018_235959.tif
Dollar-Lake,WY,2025-10-19,Dollar-Lake-WY-dNBR_20251019_235959.tif,https://bin.ssec.wisc.edu/pub/realearth/brisk/2025/Dollar-Lake-WY-dNBR_20251019_235959.tif
Dollar-Lake,WY,2025-10-29,Dollar-Lake-WY-dNBR_20251029_235959.tif,https://bin.ssec.wisc.edu/pub/realearth/brisk/2025/Dollar-Lake-WY-dNBR_20251029_235959.tif
Dragon-Bravo,AZ,2025-07-14,Dragon-Bravo-AZ-dNBR_20250714_235959.tif,https://bin.ssec.wisc.edu/pub/realearth/brisk/2025/Dragon-Bravo-AZ-dNBR_20250714_235959.tif
Dragon-Bravo,AZ,2025-07-15,Dragon-Bravo-AZ-dNBR_20250715_235959.tif,https://bin.ssec.wisc.edu/pub/realearth/brisk/2025/Dragon-Bravo-AZ-dNBR_20250715_235959.tif
Dragon-Bravo,AZ,2025-07-16,Dragon-Bravo-AZ-dNBR_20250716_235959.tif,https://bin.ssec.wisc.edu/pub/realearth/brisk/2025/Dragon-Bravo-AZ-dNBR_20250716_235959.tif
Dragon-Bravo,AZ,2025-07-17,Dragon-Bravo-AZ-dNBR_20250717_235959.tif,https://bin.ssec.wisc.edu/pub/realearth/brisk/2025/Dragon-Bravo-AZ-dNBR_20250717_235959.tif
Dragon-Bravo,AZ,2025-07-18,Dragon-Bravo-AZ-dNBR_20250718_235959.tif,https://bin.ssec.wisc.edu/pub/realearth/brisk/2025/Dragon-Bravo-AZ-dNBR_20250718_235959.tif
Dragon-Bravo,AZ,2025-07-19,Dragon-Bravo-AZ-dNBR_20250719_235959.tif,https://bin.ssec.wisc.edu/pub/realearth/brisk/2025/Dragon-Bravo-AZ-dNBR_20250719_235959.tif
Dragon-Bravo,AZ,2025-07-20,Dragon-Bravo-AZ-dNBR_20250720_235959.tif,https://bin.ssec.wisc.edu/pub/realearth/brisk/2025/Dragon-Bravo-AZ-dNBR_20250720_235959.tif
Dragon-Bravo,AZ,2025-07-21,Dragon-Bravo-AZ-dNBR_20250721_235959.tif,https://bin.ssec.wisc.edu/pub/realearth/brisk/2025/Dragon-Bravo-AZ-dNBR_20250721_235959.tif
Dragon-Bravo,AZ,2025-07-22,Dragon-Bravo-AZ-dNBR_20250722_235959.tif,https://bin.ssec.wisc.edu/pub/realearth/brisk/2025/Dragon-Bravo-AZ-dNBR_20250722_235959.tif
Dragon-Bravo,AZ,2025-07-23,Dragon-Bravo-AZ-dNBR_20250723_235959.tif,https://bin.ssec.wisc.edu/pub/realearth/brisk/2025/Dragon-Bravo-AZ-dNBR_20250723_235959.tif
Dragon-Bravo,AZ,2025-07-24,Dragon-Bravo-AZ-dNBR_20250724_235959.tif,https://bin.ssec.wisc.edu/pub/realearth/brisk/2025/Dragon-Bravo-AZ-dNBR_20250724_235959.tif
Dragon-Bravo,AZ,2025-07-25,Dragon-Bravo-AZ-dNBR_20250725_235959.tif,https://bin.ssec.wisc.edu/pub/realearth/brisk/2025/Dragon-Bravo-AZ-dNBR_20250725_235959.tif
Dragon-Bravo,AZ,2025-07-26,Dragon-Bravo-AZ-dNBR_20250726_235959.tif,https://bin.ssec.wisc.edu/pub/realearth/brisk/2025/Dragon-Bravo-AZ-dNBR_20250726_235959.tif
Dragon-Bravo,AZ,2025-07-27,Dragon-Bravo-AZ-dNBR_20250727_235959.tif,https://bin.ssec.wisc.edu/pub/realearth/brisk/2025/Dragon-Bravo-AZ-dNBR_20250727_235959.tif
Dragon-Bravo,AZ,2025-07-28,Dragon-Bravo-AZ-dNBR_20250728_235959.tif,https://bin.ssec.wisc.edu/pub/realearth/brisk/2025/Dragon-Bravo-AZ-dNBR_20250728_235959.tif
Dragon-Bravo,AZ,2025-07-29,Dragon-Bravo-AZ-dNBR_20250729_235959.tif,https://bin.ssec.wisc.edu/pub/realearth/brisk/2025/Dragon-Bravo-AZ-dNBR_20250729_235959.tif
Dragon-Bravo,AZ,2025-07-30,Dragon-Bravo-AZ-dNBR_20250730_235959.tif,https://bin.ssec.wisc.edu/pub/realearth/brisk/2025/Dragon-Bravo-AZ-dNBR_20250730_235959.tif
Dragon-Bravo,AZ,2025-07-31,Dragon-Bravo-AZ-dNBR_20250731_235959.tif,https://bin.ssec.wisc.edu/pub/realearth/brisk/2025/Dragon-Bravo-AZ-dNBR_20250731_235959.tif
Dragon-Bravo,AZ,2025-08-01,Dragon-Bravo-AZ-dNBR_20250801_235959.tif,https://bin.ssec.wisc.edu/pub/realearth/brisk/2025/Dragon-Bravo-AZ-dNBR_20250801_235959.tif
Dragon-Bravo,AZ,2025-08-02,Dragon-Bravo-AZ-dNBR_20250802_235959.tif,https://bin.ssec.wisc.edu/pub/realearth/brisk/2025/Dragon-Bravo-AZ-dNBR_20250802_235959.tif
Dragon-Bravo,AZ,2025-08-03,Dragon-Bravo-AZ-dNBR_20250803_235959.tif,https://bin.ssec.wisc.edu/pub/realearth/brisk/2025/Dragon-Bravo-AZ-dNBR_20250803_235959.tif
Dragon-Bravo,AZ,2025-08-04,Dragon-Bravo-AZ-dNBR_20250804_235959.tif,https://bin.ssec.wisc.edu/pub/realearth/brisk/2025/Dragon-Bravo-AZ-dNBR_20250804_235959.tif
Dragon-Bravo,AZ,2025-08-05,Dragon-Bravo-AZ-dNBR_20250805_235959.tif,https://bin.ssec.wisc.edu/pub/realearth/brisk/2025/Dragon-Bravo-AZ-dNBR_20250805_235959.tif
Dragon-Bravo,AZ,2025-08-06,Dragon-Bravo-AZ-dNBR_20250806_235959.tif,https://bin.ssec.wisc.edu/pub/realearth/brisk/2025/Dragon-Bravo-AZ-dNBR_20250806_235959.tif
Dragon-Bravo,AZ,2025-08-07,Dragon-Bravo-AZ-dNBR_20250807_235959.tif,https://bin.ssec.wisc.edu/pub/realearth/brisk/2025/Dragon-Bravo-AZ-dNBR_20250807_235959.tif
Dragon-Bravo,AZ,2025-08-08,Dragon-Bravo-AZ-dNBR_20250808_235959.tif,https://bin.ssec.wisc.edu/pub/realearth/brisk/2025/Dragon-Bravo-AZ-dNBR_20250808_235959.tif
Dragon-Bravo,AZ,2025-08-09,Dragon-Bravo-AZ-dNBR_20250809_235959.tif,https://bin.ssec.wisc.edu/pub/realearth/brisk/2025/Dragon-Bravo-AZ-dNBR_20250809_235959.tif
Dragon-Bravo,AZ,2025-08-10,Dragon-Bravo-AZ-dNBR_20250810_235959.tif,https://bin.ssec.wisc.edu/pub/realearth/brisk/2025/Dragon-Bravo-AZ-dNBR_20250810_235959.tif
Dragon-Bravo,AZ,2025-08-11,Dragon-Bravo-AZ-dNBR_20250811_235959.tif,https://bin.ssec.wisc.edu/pub/realearth/brisk/2025/Dragon-Bravo-AZ-dNBR_20250811_235959.tif
Dragon-Bravo,AZ,2025-08-12,Dragon-Bravo-AZ-dNBR_20250812_235959.tif,https://bin.ssec.wisc.edu/pub/realearth/brisk/2025/Dragon-Bravo-AZ-dNBR_20250812_235959.tif
Dragon-Bravo,AZ,2025-08-13,Dragon-Bravo-AZ-dNBR_20250813_235959.tif,https://bin.ssec.wisc.edu/pub/realearth/brisk/2025/Dragon-Bravo-AZ-dNBR_20250813_235959.tif
Dragon-Bravo,AZ,2025-08-14,Dragon-Bravo-AZ-dNBR_20250814_235959.tif,https://bin.ssec.wisc.edu/pub/realearth/brisk/2025/Dragon-Bravo-AZ-dNBR_20250814_235959.tif
Dragon-Bravo,AZ,2025-08-15,Dragon-Bravo-AZ-dNBR_20250815_235959.tif,https://bin.ssec.wisc.edu/pub/realearth/brisk/2025/Dragon-Bravo-AZ-dNBR_20250815_235959.tif
Dragon-Bravo,AZ,2025-08-16,Dragon-Bravo-AZ-dNBR_20250816_235959.tif,https://bin.ssec.wisc.edu/pub/realearth/brisk/2025/Dragon-Bravo-AZ-dNBR_20250816_235959.tif
Dragon-Bravo,AZ,2025-08-17,Dragon-Bravo-AZ-dNBR_20250817_235959.tif,https://bin.ssec.wisc.edu/pub/realearth/brisk/2025/Dragon-Bravo-AZ-dNBR_20250817_235959.tif
Dragon-Bravo,AZ,2025-08-18,Dragon-Bravo-AZ-dNBR_20250818_235959.tif,https://bin.ssec.wisc.edu/pub/realearth/brisk/2025/Dragon-Bravo-AZ-dNBR_20250818_235959.tif
Dragon-Bravo,AZ,2025-08-19,Dragon-Bravo-AZ-dNBR_20250819_235959.tif,https://bin.ssec.wisc.edu/pub/realearth/brisk/2025/Dragon-Bravo-AZ-dNBR_20250819_235959.tif
Dragon-Bravo,AZ,2025-08-20,Dragon-Bravo-AZ-dNBR_20250820_235959.tif,https://bin.ssec.wisc.edu/pub/realearth/brisk/2025/Dragon-Bravo-AZ-dNBR_20250820_235959.tif
Dragon-Bravo,AZ,2025-08-21,Dragon-Bravo-AZ-dNBR_20250821_235959.tif,https://bin.ssec.wisc.edu/pub/realearth/brisk/2025/Dragon-Bravo-AZ-dNBR_20250821_235959.tif
Dragon-Bravo,AZ,2025-08-22,Dragon-Bravo-AZ-dNBR_20250822_235959.tif,https://bin.ssec.wisc.edu/pub/realearth/brisk/2025/Dragon-Bravo-AZ-dNBR_20250822_235959.tif
Dragon-Bravo,AZ,2025-08-23,Dragon-Bravo-AZ-dNBR_20250823_235959.tif,https://bin.ssec.wisc.edu/pub/realearth/brisk/2025/Dragon-Bravo-AZ-dNBR_20250823_235959.tif
Dragon-Bravo,AZ,2025-08-24,Dragon-Bravo-AZ-dNBR_20250824_235959.tif,https://bin.ssec.wisc.edu/pub/realearth/brisk/2025/Dragon-Bravo-AZ-dNBR_20250824_235959.tif
Dragon-Bravo,AZ,2025-08-25,Dragon-Bravo-AZ-dNBR_20250825_235959.tif,https://bin.ssec.wisc.edu/pub/realearth/brisk/2025/Dragon-Bravo-AZ-dNBR_20250825_235959.tif
Dragon-Bravo,AZ,2025-08-26,Dragon-Bravo-AZ-dNBR_20250826_235959.tif,https://bin.ssec.wisc.edu/pub/realearth/brisk/2025/Dragon-Bravo-AZ-dNBR_20250826_235959.tif
Dragon-Bravo,AZ,2025-09-01,Dragon-Bravo-AZ-dNBR_20250901_235959.tif,https://bin.ssec.wisc.edu/pub/realearth/brisk/2025/Dragon-Bravo-AZ-dNBR_20250901_235959.tif
Dragon-Bravo,AZ,2025-09-02,Dragon-Bravo-AZ-dNBR_20250902_235959.tif,https://bin.ssec.wisc.edu/pub/realearth/brisk/2025/Dragon-Bravo-AZ-dNBR_20250902_235959.tif
Dragon-Bravo,AZ,2025-09-03,Dragon-Bravo-AZ-dNBR_20250903_235959.tif,https://bin.ssec.wisc.edu/pub/realearth/brisk/2025/Dragon-Bravo-AZ-dNBR_20250903_235959.tif
Dragon-Bravo,AZ,2025-09-04,Dragon-Bravo-AZ-dNBR_20250904_235959.tif,https://bin.ssec.wisc.edu/pub/realearth/brisk/2025/Dragon-Bravo-AZ-dNBR_20250904_235959.tif
Dragon-Bravo,AZ,2025-09-05,Dragon-Bravo-AZ-dNBR_20250905_235959.tif,https://bin.ssec.wisc.edu/pub/realearth/brisk/2025/Dragon-Bravo-AZ-dNBR_20250905_235959.tif
Dragon-Bravo,AZ,2025-09-06,Dragon-Bravo-AZ-dNBR_20250906_235959.tif,https://bin.ssec.wisc.edu/pub/realearth/brisk/2025/Dragon-Bravo-AZ-dNBR_20250906_235959.tif
Dragon-Bravo,AZ,2025-09-07,Dragon-Bravo-AZ-dNBR_20250907_235959.tif,https://bin.ssec.wisc.edu/pub/realearth/brisk/2025/Dragon-Bravo-AZ-dNBR_20250907_235959.tif
Dragon-Bravo,AZ,2025-09-08,Dragon-Bravo-AZ-dNBR_20250908_235959.tif,https://bin.ssec.wisc.edu/pub/realearth/brisk/2025/Dragon-Bravo-AZ-dNBR_20250908_235959.tif
Dragon-Bravo,AZ,2025-09-09,Dragon-Bravo-AZ-dNBR_20250909_235959.tif,https://bin.ssec.wisc.edu/pub/realearth/brisk/2025/Dragon-Bravo-AZ-dNBR_20250909_235959.tif
Dragon-Bravo,AZ,2025-09-10,Dragon-Bravo-AZ-dNBR_20250910_235959.tif,https://bin.ssec.wisc.edu/pub/realearth/brisk/2025/Dragon-Bravo-AZ-dNBR_20250910_235959.tif
Dragon-Bravo,AZ,2025-09-11,Dragon-Bravo-AZ-dNBR_20250911_235959.tif,https://bin.ssec.wisc.edu/pub/realearth/brisk/2025/Dragon-Bravo-AZ-dNBR_20250911_235959.tif
Dragon-Bravo,AZ,2025-09-12,Dragon-Bravo-AZ-dNBR_20250912_235959.tif,https://bin.ssec.wisc.edu/pub/realearth/brisk/2025/Dragon-Bravo-AZ-dNBR_20250912_235959.tif
Dragon-Bravo,AZ,2025-09-13,Dragon-Bravo-AZ-dNBR_20250913_235959.tif,https://bin.ssec.wisc.edu/pub/realearth/brisk/2025/Dragon-Bravo-AZ-dNBR_20250913_235959.tif
Dragon-Bravo,AZ,2025-09-14,Dragon-Bravo-AZ-dNBR_20250914_235959.tif,https://bin.ssec.wisc.edu/pub/realearth/brisk/2025/Dragon-Bravo-AZ-dNBR_20250914_235959.tif
Dragon-Bravo,AZ,2025-09-15,Dragon-Bravo-AZ-dNBR_20250915_235959.tif,https://bin.ssec.wisc.edu/pub/realearth/brisk/2025/Dragon-Bravo-AZ-dNBR_20250915_235959.tif
Dragon-Bravo,AZ,2025-09-16,Dragon-Bravo-AZ-dNBR_20250916_235959.tif,https://bin.ssec.wisc.edu/pub/realearth/brisk/2025/Dragon-Bravo-AZ-dNBR_20250916_235959.tif
Dragon-Bravo,AZ,2025-09-17,Dragon-Bravo-AZ-dNBR_20250917_235959.tif,https://bin.ssec.wisc.edu/pub/realearth/brisk/2025/Dragon-Bravo-AZ-dNBR_20250917_235959.tif
Dragon-Bravo,AZ,2025-09-18,Dragon-Bravo-AZ-dNBR_20250918_235959.tif,https://bin.ssec.wisc.edu/pub/realearth/brisk/2025/Dragon-Bravo-AZ-dNBR_20250918_235959.tif
Dragon-Bravo,AZ,2025-09-19,Dragon-Bravo-AZ-dNBR_20250919_235959.tif,https://bin.ssec.wisc.edu/pub/realearth/brisk/2025/Dragon-Bravo-AZ-dNBR_20250919_235959.tif
Dragon-Bravo,AZ,2025-09-20,Dragon-Bravo-AZ-dNBR_20250920_235959.tif,https://bin.ssec.wisc.edu/pub/realearth/brisk/2025/Dragon-Bravo-AZ-dNBR_20250920_235959.tif
Dragon-Bravo,AZ,2025-09-21,Dragon-Bravo-AZ-dNBR_20250921_235959.tif,https://bin.ssec.wisc.edu/pub/realearth/brisk/2025/Dragon-Bravo-AZ-dNBR_20250921_235959.tif
Dragon-Bravo,AZ,2025-09-22,Dragon-Bravo-AZ-dNBR_20250922_235959.tif,https://bin.ssec.wisc.edu/pub/realearth/brisk/2025/Dragon-Bravo-AZ-dNBR_20250922_235959.tif
Dragon-Bravo,AZ,2025-09-24,Dragon-Bravo-AZ-dNBR_20250924_235959.tif,https://bin.ssec.wisc.edu/pub/realearth/brisk/2025/Dragon-Bravo-AZ-dNBR_20250924_235959.tif
Dragon-Bravo,AZ,2025-09-25,Dragon-Bravo-AZ-dNBR_20250925_235959.tif,https://bin.ssec.wisc.edu/pub/realearth/brisk/2025/Dragon-Bravo-AZ-dNBR_20250925_235959.tif
Dragon-Bravo,AZ,2025-09-26,Dragon-Bravo-AZ-dNBR_20250926_235959.tif,https://bin.ssec.wisc.edu/pub/realearth/brisk/2025/Dragon-Bravo-AZ-dNBR_20250926_235959.tif
Dragon-Bravo,AZ,2025-09-27,Dragon-Bravo-AZ-dNBR_20250927_235959.tif,https://bin.ssec.wisc.edu/pub/realearth/brisk/2025/Dragon-Bravo-AZ-dNBR_20250927_235959.tif
Dragon-Bravo,AZ,2025-09-28,Dragon-Bravo-AZ-dNBR_20250928_235959.tif,https://bin.ssec.wisc.edu/pub/realearth/brisk/2025/Dragon-Bravo-AZ-dNBR_20250928_235959.tif
Dragon-Bravo,AZ,2025-09-30,Dragon-Bravo-AZ-dNBR_20250930_235959.tif,https://bin.ssec.wisc.edu/pub/realearth/brisk/2025/Dragon-Bravo-AZ-dNBR_20250930_235959.tif
Dragon-Bravo,AZ,2025-10-06,Dragon-Bravo-AZ-dNBR_20251006_235959.tif,https://bin.ssec.wisc.edu/pub/realearth/brisk/2025/Dragon-Bravo-AZ-dNBR_20251006_235959.tif
Dragon-Bravo,AZ,2025-10-07,Dragon-Bravo-AZ-dNBR_20251007_235959.tif,https://bin.ssec.wisc.edu/pub/realearth/brisk/2025/Dragon-Bravo-AZ-dNBR_20251007_235959.tif
Dragon-Bravo,AZ,2025-10-08,Dragon-Bravo-AZ-dNBR_20251008_235959.tif,https://bin.ssec.wisc.edu/pub/realearth/brisk/2025/Dragon-Bravo-AZ-dNBR_20251008_235959.tif
Dragon-Bravo,AZ,2025-10-09,Dragon-Bravo-AZ-dNBR_20251009_235959.tif,https://bin.ssec.wisc.edu/pub/realearth/brisk/2025/Dragon-Bravo-AZ-dNBR_20251009_235959.tif
Dragon-Bravo,AZ,2025-10-11,Dragon-Bravo-AZ-dNBR_20251011_235959.tif,https://bin.ssec.wisc.edu/pub/realearth/brisk/2025/Dragon-Bravo-AZ-dNBR_20251011_235959.tif
Dragon-Bravo,AZ,2025-10-12,Dragon-Bravo-AZ-dNBR_20251012_235959.tif,https://bin.ssec.wisc.edu/pub/realearth/brisk/2025/Dragon-Bravo-AZ-dNBR_20251012_235959.tif
Elk-RBX,CO,2025-08-06,Elk-RBX-CO-dNBR_20250806_235959.tif,https://bin.ssec.wisc.edu/pub/realearth/brisk/2025/Elk-RBX-CO-dNBR_20250806_235959.tif
Elk-RBX,CO,2025-08-07,Elk-RBX-CO-dNBR_20250807_235959.tif,https://bin.ssec.wisc.edu/pub/realearth/brisk/2025/Elk-RBX-CO-dNBR_20250807_235959.tif
Elk-RBX,CO,2025-08-08,Elk-RBX-CO-dNBR_20250808_235959.tif,https://bin.ssec.wisc.edu/pub/realearth/brisk/2025/Elk-RBX-CO-dNBR_20250808_235959.tif
Elk-RBX,CO,2025-08-09,Elk-RBX-CO-dNBR_20250809_235959.tif,https://bin.ssec.wisc.edu/pub/realearth/brisk/2025/Elk-RBX-CO-dNBR_20250809_235959.tif
Elk-RBX,CO,2025-08-10,Elk-RBX-CO-dNBR_20250810_235959.tif,https://bin.ssec.wisc.edu/pub/realearth/brisk/2025/Elk-RBX-CO-dNBR_20250810_235959.tif
Elk-RBX,CO,2025-08-11,Elk-RBX-CO-dNBR_20250811_235959.tif,https://bin.ssec.wisc.edu/pub/realearth/brisk/2025/Elk-RBX-CO-dNBR_20250811_235959.tif
Elk-RBX,CO,2025-08-12,Elk-RBX-CO-dNBR_20250812_235959.tif,https://bin.ssec.wisc.edu/pub/realearth/brisk/2025/Elk-RBX-CO-dNBR_20250812_235959.tif
Elk-RBX,CO,2025-08-13,Elk-RBX-CO-dNBR_20250813_235959.tif,https://bin.ssec.wisc.edu/pub/realearth/brisk/2025/Elk-RBX-CO-dNBR_20250813_235959.tif
Elk-RBX,CO,2025-08-14,Elk-RBX-CO-dNBR_20250814_235959.tif,https://bin.ssec.wisc.edu/pub/realearth/brisk/2025/Elk-RBX-CO-dNBR_20250814_235959.tif
Elk-RBX,CO,2025-08-15,Elk-RBX-CO-dNBR_20250815_235959.tif,https://bin.ssec.wisc.edu/pub/realearth/brisk/2025/Elk-RBX-CO-dNBR_20250815_235959.tif
Elk-RBX,CO,2025-08-16,Elk-RBX-CO-dNBR_20250816_235959.tif,https://bin.ssec.wisc.edu/pub/realearth/brisk/2025/Elk-RBX-CO-dNBR_20250816_235959.tif
Elk-RBX,CO,2025-08-17,Elk-RBX-CO-dNBR_20250817_235959.tif,https://bin.ssec.wisc.edu/pub/realearth/brisk/2025/Elk-RBX-CO-dNBR_20250817_235959.tif
Elk-RBX,CO,2025-08-18,Elk-RBX-CO-dNBR_20250818_235959.tif,https://bin.ssec.wisc.edu/pub/realearth/brisk/2025/Elk-RBX-CO-dNBR_20250818_235959.tif
Elk-RBX,CO,2025-08-19,Elk-RBX-CO-dNBR_20250819_235959.tif,https://bin.ssec.wisc.edu/pub/realearth/brisk/2025/Elk-RBX-CO-dNBR_20250819_235959.tif
Elk-RBX,CO,2025-08-20,Elk-RBX-CO-dNBR_20250820_235959.tif,https://bin.ssec.wisc.edu/pub/realearth/brisk/2025/Elk-RBX-CO-dNBR_20250820_235959.tif
Elk-RBX,CO,2025-08-21,Elk-RBX-CO-dNBR_20250821_235959.tif,https://bin.ssec.wisc.edu/pub/realearth/brisk/2025/Elk-RBX-CO-dNBR_20250821_235959.tif
Elk-RBX,CO,2025-08-22,Elk-RBX-CO-dNBR_20250822_235959.tif,https://bin.ssec.wisc.edu/pub/realearth/brisk/2025/Elk-RBX-CO-dNBR_20250822_235959.tif
Elk-RBX,CO,2025-08-23,Elk-RBX-CO-dNBR_20250823_235959.tif,https://bin.ssec.wisc.edu/pub/realearth/brisk/2025/Elk-RBX-CO-dNBR_20250823_235959.tif
Elk-RBX,CO,2025-08-25,Elk-RBX-CO-dNBR_20250825_235959.tif,https://bin.ssec.wisc.edu/pub/realearth/brisk/2025/Elk-RBX-CO-dNBR_20250825_235959.tif
Elk-RBX,CO,2025-08-26,Elk-RBX-CO-dNBR_20250826_235959.tif,https://bin.ssec.wisc.edu/pub/realearth/brisk/2025/Elk-RBX-CO-dNBR_20250826_235959.tif
Elk-RBX,CO,2025-11-18,Elk-RBX-CO-dNBR_20251118_235959.tif,https://bin.ssec.wisc.edu/pub/realearth/brisk/2025/Elk-RBX-CO-dNBR_20251118_235959.tif
Elk-RBX,CO,2025-11-19,Elk-RBX-CO-dNBR_20251119_235959.tif,https://bin.ssec.wisc.edu/pub/realearth/brisk/2025/Elk-RBX-CO-dNBR_20251119_235959.tif
Elk-RBX,CO,2025-11-20,Elk-RBX-CO-dNBR_20251120_235959.tif,https://bin.ssec.wisc.edu/pub/realearth/brisk/2025/Elk-RBX-CO-dNBR_20251120_235959.tif
Elk-RBX,CO,2025-11-21,Elk-RBX-CO-dNBR_20251121_235959.tif,https://bin.ssec.wisc.edu/pub/realearth/brisk/2025/Elk-RBX-CO-dNBR_20251121_235959.tif
Elk-RBX,CO,2025-11-22,Elk-RBX-CO-dNBR_20251122_235959.tif,https://bin.ssec.wisc.edu/pub/realearth/brisk/2025/Elk-RBX-CO-dNBR_20251122_235959.tif
Elk-RBX,CO,2025-11-23,Elk-RBX-CO-dNBR_20251123_235959.tif,https://bin.ssec.wisc.edu/pub/realearth/brisk/2025/Elk-RBX-CO-dNBR_20251123_235959.tif
Elk-RBX,CO,2025-11-24,Elk-RBX-CO-dNBR_20251124_235959.tif,https://bin.ssec.wisc.edu/pub/realearth/brisk/2025/Elk-RBX-CO-dNBR_20251124_235959.tif
Elk-RBX,CO,2025-11-25,Elk-RBX-CO-dNBR_20251125_235959.tif,https://bin.ssec.wisc.edu/pub/realearth/brisk/2025/Elk-RBX-CO-dNBR_20251125_235959.tif
Elk-RBX,CO,2025-11-26,Elk-RBX-CO-dNBR_20251126_235959.tif,https://bin.ssec.wisc.edu/pub/realearth/brisk/2025/Elk-RBX-CO-dNBR_20251126_235959.tif
Elk-RBX,CO,2025-11-27,Elk-RBX-CO-dNBR_20251127_235959.tif,https://bin.ssec.wisc.edu/pub/realearth/brisk/2025/Elk-RBX-CO-dNBR_20251127_235959.tif
Elk-RBX,CO,2025-11-28,Elk-RBX-CO-dNBR_20251128_235959.tif,https://bin.ssec.wisc.edu/pub/realearth/brisk/2025/Elk-RBX-CO-dNBR_20251128_235959.tif
Emigrant,OR,2025-09-01,Emigrant-OR-dNBR_20250901_235959.tif,https://bin.ssec.wisc.edu/pub/realearth/brisk/2025/Emigrant-OR-dNBR_20250901_235959.tif
Emigrant,OR,2025-09-02,Emigrant-OR-dNBR_20250902_235959.tif,https://bin.ssec.wisc.edu/pub/realearth/brisk/2025/Emigrant-OR-dNBR_20250902_235959.tif
Emigrant,OR,2025-09-03,Emigrant-OR-dNBR_20250903_235959.tif,https://bin.ssec.wisc.edu/pub/realearth/brisk/2025/Emigrant-OR-dNBR_20250903_235959.tif
Emigrant,OR,2025-09-04,Emigrant-OR-dNBR_20250904_235959.tif,https://bin.ssec.wisc.edu/pub/realearth/brisk/2025/Emigrant-OR-dNBR_20250904_235959.tif
Emigrant,OR,2025-09-05,Emigrant-OR-dNBR_20250905_235959.tif,https://bin.ssec.wisc.edu/pub/realearth/brisk/2025/Emigrant-OR-dNBR_20250905_235959.tif
Emigrant,OR,2025-09-06,Emigrant-OR-dNBR_20250906_235959.tif,https://bin.ssec.wisc.edu/pub/realearth/brisk/2025/Emigrant-OR-dNBR_20250906_235959.tif
Emigrant,OR,2025-09-07,Emigrant-OR-dNBR_20250907_235959.tif,https://bin.ssec.wisc.edu/pub/realearth/brisk/2025/Emigrant-OR-dNBR_20250907_235959.tif
Emigrant,OR,2025-09-08,Emigrant-OR-dNBR_20250908_235959.tif,https://bin.ssec.wisc.edu/pub/realearth/brisk/2025/Emigrant-OR-dNBR_20250908_235959.tif
Emigrant,OR,2025-09-09,Emigrant-OR-dNBR_20250909_235959.tif,https://bin.ssec.wisc.edu/pub/realearth/brisk/2025/Emigrant-OR-dNBR_20250909_235959.tif
Emigrant,OR,2025-09-10,Emigrant-OR-dNBR_20250910_235959.tif,https://bin.ssec.wisc.edu/pub/realearth/brisk/2025/Emigrant-OR-dNBR_20250910_235959.tif
Emigrant,OR,2025-09-11,Emigrant-OR-dNBR_20250911_235959.tif,https://bin.ssec.wisc.edu/pub/realearth/brisk/2025/Emigrant-OR-dNBR_20250911_235959.tif
Emigrant,OR,2025-09-12,Emigrant-OR-dNBR_20250912_235959.tif,https://bin.ssec.wisc.edu/pub/realearth/brisk/2025/Emigrant-OR-dNBR_20250912_235959.tif
Emigrant,OR,2025-09-13,Emigrant-OR-dNBR_20250913_235959.tif,https://bin.ssec.wisc.edu/pub/realearth/brisk/2025/Emigrant-OR-dNBR_20250913_235959.tif
Emigrant,OR,2025-09-14,Emigrant-OR-dNBR_20250914_235959.tif,https://bin.ssec.wisc.edu/pub/realearth/brisk/2025/Emigrant-OR-dNBR_20250914_235959.tif
Emigrant,OR,2025-09-15,Emigrant-OR-dNBR_20250915_235959.tif,https://bin.ssec.wisc.edu/pub/realearth/brisk/2025/Emigrant-OR-dNBR_20250915_235959.tif
Emigrant,OR,2025-09-16,Emigrant-OR-dNBR_20250916_235959.tif,https://bin.ssec.wisc.edu/pub/realearth/brisk/2025/Emigrant-OR-dNBR_20250916_235959.tif
Emigrant,OR,2025-09-17,Emigrant-OR-dNBR_20250917_235959.tif,https://bin.ssec.wisc.edu/pub/realearth/brisk/2025/Emigrant-OR-dNBR_20250917_235959.tif
Emigrant,OR,2025-09-18,Emigrant-OR-dNBR_20250918_235959.tif,https://bin.ssec.wisc.edu/pub/realearth/brisk/2025/Emigrant-OR-dNBR_20250918_235959.tif
Emigrant,OR,2025-09-19,Emigrant-OR-dNBR_20250919_235959.tif,https://bin.ssec.wisc.edu/pub/realearth/brisk/2025/Emigrant-OR-dNBR_20250919_235959.tif
Emigrant,OR,2025-09-20,Emigrant-OR-dNBR_20250920_235959.tif,https://bin.ssec.wisc.edu/pub/realearth/brisk/2025/Emigrant-OR-dNBR_20250920_235959.tif
Emigrant,OR,2025-09-21,Emigrant-OR-dNBR_20250921_235959.tif,https://bin.ssec.wisc.edu/pub/realearth/brisk/2025/Emigrant-OR-dNBR_20250921_235959.tif
Emigrant,OR,2025-09-22,Emigrant-OR-dNBR_20250922_235959.tif,https://bin.ssec.wisc.edu/pub/realearth/brisk/2025/Emigrant-OR-dNBR_20250922_235959.tif
Emigrant,OR,2025-09-24,Emigrant-OR-dNBR_20250924_235959.tif,https://bin.ssec.wisc.edu/pub/realearth/brisk/2025/Emigrant-OR-dNBR_20250924_235959.tif
Emigrant,OR,2025-09-25,Emigrant-OR-dNBR_20250925_235959.tif,https://bin.ssec.wisc.edu/pub/realearth/brisk/2025/Emigrant-OR-dNBR_20250925_235959.tif
Emigrant,OR,2025-09-26,Emigrant-OR-dNBR_20250926_235959.tif,https://bin.ssec.wisc.edu/pub/realearth/brisk/2025/Emigrant-OR-dNBR_20250926_235959.tif
Emigrant,OR,2025-09-27,Emigrant-OR-dNBR_20250927_235959.tif,https://bin.ssec.wisc.edu/pub/realearth/brisk/2025/Emigrant-OR-dNBR_20250927_235959.tif
Emigrant,OR,2025-09-28,Emigrant-OR-dNBR_20250928_235959.tif,https://bin.ssec.wisc.edu/pub/realearth/brisk/2025/Emigrant-OR-dNBR_20250928_235959.tif
Emigrant,OR,2025-09-29,Emigrant-OR-dNBR_20250929_235959.tif,https://bin.ssec.wisc.edu/pub/realearth/brisk/2025/Emigrant-OR-dNBR_20250929_235959.tif
Emigrant,OR,2025-09-30,Emigrant-OR-dNBR_20250930_235959.tif,https://bin.ssec.wisc.edu/pub/realearth/brisk/2025/Emigrant-OR-dNBR_20250930_235959.tif
Emigrant,OR,2025-10-01,Emigrant-OR-dNBR_20251001_235959.tif,https://bin.ssec.wisc.edu/pub/realearth/brisk/2025/Emigrant-OR-dNBR_20251001_235959.tif
Emigrant,OR,2025-10-02,Emigrant-OR-dNBR_20251002_235959.tif,https://bin.ssec.wisc.edu/pub/realearth/brisk/2025/Emigrant-OR-dNBR_20251002_235959.tif
Emigrant,OR,2025-10-06,Emigrant-OR-dNBR_20251006_235959.tif,https://bin.ssec.wisc.edu/pub/realearth/brisk/2025/Emigrant-OR-dNBR_20251006_235959.tif
Emigrant,OR,2025-10-07,Emigrant-OR-dNBR_20251007_235959.tif,https://bin.ssec.wisc.edu/pub/realearth/brisk/2025/Emigrant-OR-dNBR_20251007_235959.tif
Emigrant,OR,2025-10-08,Emigrant-OR-dNBR_20251008_235959.tif,https://bin.ssec.wisc.edu/pub/realearth/brisk/2025/Emigrant-OR-dNBR_20251008_235959.tif
Emigrant,OR,2025-10-09,Emigrant-OR-dNBR_20251009_235959.tif,https://bin.ssec.wisc.edu/pub/realearth/brisk/2025/Emigrant-OR-dNBR_20251009_235959.tif
Emigrant,OR,2025-10-10,Emigrant-OR-dNBR_20251010_235959.tif,https://bin.ssec.wisc.edu/pub/realearth/brisk/2025/Emigrant-OR-dNBR_20251010_235959.tif
Emigrant,OR,2025-10-11,Emigrant-OR-dNBR_20251011_235959.tif,https://bin.ssec.wisc.edu/pub/realearth/brisk/2025/Emigrant-OR-dNBR_20251011_235959.tif
Emigrant,OR,2025-10-12,Emigrant-OR-dNBR_20251012_235959.tif,https://bin.ssec.wisc.edu/pub/realearth/brisk/2025/Emigrant-OR-dNBR_20251012_235959.tif
Emigrant,OR,2025-10-13,Emigrant-OR-dNBR_20251013_235959.tif,https://bin.ssec.wisc.edu/pub/realearth/brisk/2025/Emigrant-OR-dNBR_20251013_235959.tif
Emigrant,OR,2025-10-14,Emigrant-OR-dNBR_20251014_235959.tif,https://bin.ssec.wisc.edu/pub/realearth/brisk/2025/Emigrant-OR-dNBR_20251014_235959.tif
Emigrant,OR,2025-10-15,Emigrant-OR-dNBR_20251015_235959.tif,https://bin.ssec.wisc.edu/pub/realearth/brisk/2025/Emigrant-OR-dNBR_20251015_235959.tif
Emigrant,OR,2025-10-16,Emigrant-OR-dNBR_20251016_235959.tif,https://bin.ssec.wisc.edu/pub/realearth/brisk/2025/Emigrant-OR-dNBR_20251016_235959.tif
Emigrant,OR,2025-10-17,Emigrant-OR-dNBR_20251017_235959.tif,https://bin.ssec.wisc.edu/pub/realearth/brisk/2025/Emigrant-OR-dNBR_20251017_235959.tif
Emigrant,OR,2025-10-18,Emigrant-OR-dNBR_20251018_235959.tif,https://bin.ssec.wisc.edu/pub/realearth/brisk/2025/Emigrant-OR-dNBR_20251018_235959.tif
Emigrant,OR,2025-10-29,Emigrant-OR-dNBR_20251029_235959.tif,https://bin.ssec.wisc.edu/pub/realearth/brisk/2025/Emigrant-OR-dNBR_20251029_235959.tif
Emigrant,OR,2025-10-30,Emigrant-OR-dNBR_20251030_235959.tif,https://bin.ssec.wisc.edu/pub/realearth/brisk/2025/Emigrant-OR-dNBR_20251030_235959.tif
Emigrant,OR,2025-10-31,Emigrant-OR-dNBR_20251031_235959.tif,https://bin.ssec.wisc.edu/pub/realearth/brisk/2025/Emigrant-OR-dNBR_20251031_235959.tif
Emigrant,OR,2025-11-01,Emigrant-OR-dNBR_20251101_235959.tif,https://bin.ssec.wisc.edu/pub/realearth/brisk/2025/Emigrant-OR-dNBR_20251101_235959.tif
Emigrant,OR,2025-11-02,Emigrant-OR-dNBR_20251102_235959.tif,https://bin.ssec.wisc.edu/pub/realearth/brisk/2025/Emigrant-OR-dNBR_20251102_235959.tif
Emigrant,OR,2025-11-03,Emigrant-OR-dNBR_20251103_235959.tif,https://bin.ssec.wisc.edu/pub/realearth/brisk/2025/Emigrant-OR-dNBR_20251103_235959.tif
Emigrant,OR,2025-11-04,Emigrant-OR-dNBR_20251104_235959.tif,https://bin.ssec.wisc.edu/pub/realearth/brisk/2025/Emigrant-OR-dNBR_20251104_235959.tif
Emigrant,OR,2025-11-05,Emigrant-OR-dNBR_20251105_235959.tif,https://bin.ssec.wisc.edu/pub/realearth/brisk/2025/Emigrant-OR-dNBR_20251105_235959.tif
Emigrant,OR,2025-11-06,Emigrant-OR-dNBR_20251106_235959.tif,https://bin.ssec.wisc.edu/pub/realearth/brisk/2025/Emigrant-OR-dNBR_20251106_235959.tif
Emigrant,OR,2025-11-07,Emigrant-OR-dNBR_20251107_235959.tif,https://bin.ssec.wisc.edu/pub/realearth/brisk/2025/Emigrant-OR-dNBR_20251107_235959.tif
Emigrant,OR,2025-11-08,Emigrant-OR-dNBR_20251108_235959.tif,https://bin.ssec.wisc.edu/pub/realearth/brisk/2025/Emigrant-OR-dNBR_20251108_235959.tif
Emigrant,OR,2025-11-09,Emigrant-OR-dNBR_20251109_235959.tif,https://bin.ssec.wisc.edu/pub/realearth/brisk/2025/Emigrant-OR-dNBR_20251109_235959.tif
Emigrant,OR,2025-11-10,Emigrant-OR-dNBR_20251110_235959.tif,https://bin.ssec.wisc.edu/pub/realearth/brisk/2025/Emigrant-OR-dNBR_20251110_235959.tif
Emigrant,OR,2025-11-11,Emigrant-OR-dNBR_20251111_235959.tif,https://bin.ssec.wisc.edu/pub/realearth/brisk/2025/Emigrant-OR-dNBR_20251111_235959.tif
Emigrant,OR,2025-11-12,Emigrant-OR-dNBR_20251112_235959.tif,https://bin.ssec.wisc.edu/pub/realearth/brisk/2025/Emigrant-OR-dNBR_20251112_235959.tif
Emigrant,OR,2025-11-13,Emigrant-OR-dNBR_20251113_235959.tif,https://bin.ssec.wisc.edu/pub/realearth/brisk/2025/Emigrant-OR-dNBR_20251113_235959.tif
Emigrant,OR,2025-11-14,Emigrant-OR-dNBR_20251114_235959.tif,https://bin.ssec.wisc.edu/pub/realearth/brisk/2025/Emigrant-OR-dNBR_20251114_235959.tif
Emigrant,OR,2025-11-15,Emigrant-OR-dNBR_20251115_235959.tif,https://bin.ssec.wisc.edu/pub/realearth/brisk/2025/Emigrant-OR-dNBR_20251115_235959.tif
Emigrant,OR,2025-12-17,Emigrant-OR-dNBR_20251217_235959.tif,https://bin.ssec.wisc.edu/pub/realearth/brisk/2025/Emigrant-OR-dNBR_20251217_235959.tif
Emigrant,OR,2025-12-18,Emigrant-OR-dNBR_20251218_235959.tif,https://bin.ssec.wisc.edu/pub/realearth/brisk/2025/Emigrant-OR-dNBR_20251218_235959.tif
Emigrant,OR,2025-12-19,Emigrant-OR-dNBR_20251219_235959.tif,https://bin.ssec.wisc.edu/pub/realearth/brisk/2025/Emigrant-OR-dNBR_20251219_235959.tif
Emigrant,OR,2025-12-21,Emigrant-OR-dNBR_20251221_235959.tif,https://bin.ssec.wisc.edu/pub/realearth/brisk/2025/Emigrant-OR-dNBR_20251221_235959.tif
Flat,OR,2025-08-24,Flat-OR-dNBR_20250824_235959.tif,https://bin.ssec.wisc.edu/pub/realearth/brisk/2025/Flat-OR-dNBR_20250824_235959.tif
Flat,OR,2025-08-25,Flat-OR-dNBR_20250825_235959.tif,https://bin.ssec.wisc.edu/pub/realearth/brisk/2025/Flat-OR-dNBR_20250825_235959.tif
Flat,OR,2025-08-26,Flat-OR-dNBR_20250826_235959.tif,https://bin.ssec.wisc.edu/pub/realearth/brisk/2025/Flat-OR-dNBR_20250826_235959.tif
Flat,OR,2025-09-01,Flat-OR-dNBR_20250901_235959.tif,https://bin.ssec.wisc.edu/pub/realearth/brisk/2025/Flat-OR-dNBR_20250901_235959.tif
Flat,OR,2025-09-02,Flat-OR-dNBR_20250902_235959.tif,https://bin.ssec.wisc.edu/pub/realearth/brisk/2025/Flat-OR-dNBR_20250902_235959.tif
Flat,OR,2025-09-03,Flat-OR-dNBR_20250903_235959.tif,https://bin.ssec.wisc.edu/pub/realearth/brisk/2025/Flat-OR-dNBR_20250903_235959.tif
Flat,OR,2025-09-04,Flat-OR-dNBR_20250904_235959.tif,https://bin.ssec.wisc.edu/pub/realearth/brisk/2025/Flat-OR-dNBR_20250904_235959.tif
Flat,OR,2025-09-05,Flat-OR-dNBR_20250905_235959.tif,https://bin.ssec.wisc.edu/pub/realearth/brisk/2025/Flat-OR-dNBR_20250905_235959.tif
Flat,OR,2025-09-06,Flat-OR-dNBR_20250906_235959.tif,https://bin.ssec.wisc.edu/pub/realearth/brisk/2025/Flat-OR-dNBR_20250906_235959.tif
Flat,OR,2025-09-07,Flat-OR-dNBR_20250907_235959.tif,https://bin.ssec.wisc.edu/pub/realearth/brisk/2025/Flat-OR-dNBR_20250907_235959.tif
Flat,OR,2025-09-08,Flat-OR-dNBR_20250908_235959.tif,https://bin.ssec.wisc.edu/pub/realearth/brisk/2025/Flat-OR-dNBR_20250908_235959.tif
Flat,OR,2025-09-09,Flat-OR-dNBR_20250909_235959.tif,https://bin.ssec.wisc.edu/pub/realearth/brisk/2025/Flat-OR-dNBR_20250909_235959.tif
Flat,OR,2025-09-10,Flat-OR-dNBR_20250910_235959.tif,https://bin.ssec.wisc.edu/pub/realearth/brisk/2025/Flat-OR-dNBR_20250910_235959.tif
Flat,OR,2025-09-11,Flat-OR-dNBR_20250911_235959.tif,https://bin.ssec.wisc.edu/pub/realearth/brisk/2025/Flat-OR-dNBR_20250911_235959.tif
Flat,OR,2025-09-12,Flat-OR-dNBR_20250912_235959.tif,https://bin.ssec.wisc.edu/pub/realearth/brisk/2025/Flat-OR-dNBR_20250912_235959.tif
Flat,OR,2025-09-13,Flat-OR-dNBR_20250913_235959.tif,https://bin.ssec.wisc.edu/pub/realearth/brisk/2025/Flat-OR-dNBR_20250913_235959.tif
Flat,OR,2025-09-14,Flat-OR-dNBR_20250914_235959.tif,https://bin.ssec.wisc.edu/pub/realearth/brisk/2025/Flat-OR-dNBR_20250914_235959.tif
Flat,OR,2025-09-15,Flat-OR-dNBR_20250915_235959.tif,https://bin.ssec.wisc.edu/pub/realearth/brisk/2025/Flat-OR-dNBR_20250915_235959.tif
Flat,OR,2025-09-16,Flat-OR-dNBR_20250916_235959.tif,https://bin.ssec.wisc.edu/pub/realearth/brisk/2025/Flat-OR-dNBR_20250916_235959.tif
Flat,OR,2025-09-17,Flat-OR-dNBR_20250917_235959.tif,https://bin.ssec.wisc.edu/pub/realearth/brisk/2025/Flat-OR-dNBR_20250917_235959.tif
Flat,OR,2025-09-18,Flat-OR-dNBR_20250918_235959.tif,https://bin.ssec.wisc.edu/pub/realearth/brisk/2025/Flat-OR-dNBR_20250918_235959.tif
Flat,OR,2025-09-19,Flat-OR-dNBR_20250919_235959.tif,https://bin.ssec.wisc.edu/pub/realearth/brisk/2025/Flat-OR-dNBR_20250919_235959.tif
Flat,OR,2025-09-20,Flat-OR-dNBR_20250920_235959.tif,https://bin.ssec.wisc.edu/pub/realearth/brisk/2025/Flat-OR-dNBR_20250920_235959.tif
Flat,OR,2025-09-21,Flat-OR-dNBR_20250921_235959.tif,https://bin.ssec.wisc.edu/pub/realearth/brisk/2025/Flat-OR-dNBR_20250921_235959.tif
Flat,OR,2025-09-22,Flat-OR-dNBR_20250922_235959.tif,https://bin.ssec.wisc.edu/pub/realearth/brisk/2025/Flat-OR-dNBR_20250922_235959.tif
Flat,OR,2025-09-24,Flat-OR-dNBR_20250924_235959.tif,https://bin.ssec.wisc.edu/pub/realearth/brisk/2025/Flat-OR-dNBR_20250924_235959.tif
Flat,OR,2025-09-25,Flat-OR-dNBR_20250925_235959.tif,https://bin.ssec.wisc.edu/pub/realearth/brisk/2025/Flat-OR-dNBR_20250925_235959.tif
Flat,OR,2025-09-26,Flat-OR-dNBR_20250926_235959.tif,https://bin.ssec.wisc.edu/pub/realearth/brisk/2025/Flat-OR-dNBR_20250926_235959.tif
Flat,OR,2025-09-27,Flat-OR-dNBR_20250927_235959.tif,https://bin.ssec.wisc.edu/pub/realearth/brisk/2025/Flat-OR-dNBR_20250927_235959.tif
Flat,OR,2025-09-28,Flat-OR-dNBR_20250928_235959.tif,https://bin.ssec.wisc.edu/pub/realearth/brisk/2025/Flat-OR-dNBR_20250928_235959.tif
Flat,OR,2025-09-29,Flat-OR-dNBR_20250929_235959.tif,https://bin.ssec.wisc.edu/pub/realearth/brisk/2025/Flat-OR-dNBR_20250929_235959.tif
Flat,OR,2025-09-30,Flat-OR-dNBR_20250930_235959.tif,https://bin.ssec.wisc.edu/pub/realearth/brisk/2025/Flat-OR-dNBR_20250930_235959.tif
Flat,OR,2025-11-13,Flat-OR-dNBR_20251113_235959.tif,https://bin.ssec.wisc.edu/pub/realearth/brisk/2025/Flat-OR-dNBR_20251113_235959.tif
Flat,OR,2025-11-14,Flat-OR-dNBR_20251114_235959.tif,https://bin.ssec.wisc.edu/pub/realearth/brisk/2025/Flat-OR-dNBR_20251114_235959.tif
Flat,OR,2025-11-15,Flat-OR-dNBR_20251115_235959.tif,https://bin.ssec.wisc.edu/pub/realearth/brisk/2025/Flat-OR-dNBR_20251115_235959.tif
Flat,OR,2025-11-16,Flat-OR-dNBR_20251116_235959.tif,https://bin.ssec.wisc.edu/pub/realearth/brisk/2025/Flat-OR-dNBR_20251116_235959.tif
Flat,OR,2025-11-17,Flat-OR-dNBR_20251117_235959.tif,https://bin.ssec.wisc.edu/pub/realearth/brisk/2025/Flat-OR-dNBR_20251117_235959.tif
Flat,OR,2025-11-18,Flat-OR-dNBR_20251118_235959.tif,https://bin.ssec.wisc.edu/pub/realearth/brisk/2025/Flat-OR-dNBR_20251118_235959.tif
Flat,OR,2025-11-19,Flat-OR-dNBR_20251119_235959.tif,https://bin.ssec.wisc.edu/pub/realearth/brisk/2025/Flat-OR-dNBR_20251119_235959.tif
Flat,OR,2025-11-20,Flat-OR-dNBR_20251120_235959.tif,https://bin.ssec.wisc.edu/pub/realearth/brisk/2025/Flat-OR-dNBR_20251120_235959.tif
Flat,OR,2025-11-21,Flat-OR-dNBR_20251121_235959.tif,https://bin.ssec.wisc.edu/pub/realearth/brisk/2025/Flat-OR-dNBR_20251121_235959.tif
Flat,OR,2025-11-22,Flat-OR-dNBR_20251122_235959.tif,https://bin.ssec.wisc.edu/pub/realearth/brisk/2025/Flat-OR-dNBR_20251122_235959.tif
Flat,OR,2025-11-23,Flat-OR-dNBR_20251123_235959.tif,https://bin.ssec.wisc.edu/pub/realearth/brisk/2025/Flat-OR-dNBR_20251123_235959.tif
Flat,OR,2025-11-24,Flat-OR-dNBR_20251124_235959.tif,https://bin.ssec.wisc.edu/pub/realearth/brisk/2025/Flat-OR-dNBR_20251124_235959.tif
Flat,OR,2025-11-26,Flat-OR-dNBR_20251126_235959.tif,https://bin.ssec.wisc.edu/pub/realearth/brisk/2025/Flat-OR-dNBR_20251126_235959.tif
Flat,OR,2025-12-11,Flat-OR-dNBR_20251211_235959.tif,https://bin.ssec.wisc.edu/pub/realearth/brisk/2025/Flat-OR-dNBR_20251211_235959.tif
Flat,OR,2025-12-12,Flat-OR-dNBR_20251212_235959.tif,https://bin.ssec.wisc.edu/pub/realearth/brisk/2025/Flat-OR-dNBR_20251212_235959.tif
Flat,OR,2025-12-13,Flat-OR-dNBR_20251213_235959.tif,https://bin.ssec.wisc.edu/pub/realearth/brisk/2025/Flat-OR-dNBR_20251213_235959.tif
Flat,OR,2025-12-14,Flat-OR-dNBR_20251214_235959.tif,https://bin.ssec.wisc.edu/pub/realearth/brisk/2025/Flat-OR-dNBR_20251214_235959.tif
Flat,OR,2025-12-17,Flat-OR-dNBR_20251217_235959.tif,https://bin.ssec.wisc.edu/pub/realearth/brisk/2025/Flat-OR-dNBR_20251217_235959.tif
Forsyth,UT,2025-06-22,Forsyth-UT-dNBR_20250622_235959.tif,https://bin.ssec.wisc.edu/pub/realearth/brisk/2025/Forsyth-UT-dNBR_20250622_235959.tif
Forsyth,UT,2025-06-23,Forsyth-UT-dNBR_20250623_235959.tif,https://bin.ssec.wisc.edu/pub/realearth/brisk/2025/Forsyth-UT-dNBR_20250623_235959.tif
Forsyth,UT,2025-06-24,Forsyth-UT-dNBR_20250624_235959.tif,https://bin.ssec.wisc.edu/pub/realearth/brisk/2025/Forsyth-UT-dNBR_20250624_235959.tif
Forsyth,UT,2025-06-25,Forsyth-UT-dNBR_20250625_235959.tif,https://bin.ssec.wisc.edu/pub/realearth/brisk/2025/Forsyth-UT-dNBR_20250625_235959.tif
Forsyth,UT,2025-06-26,Forsyth-UT-dNBR_20250626_235959.tif,https://bin.ssec.wisc.edu/pub/realearth/brisk/2025/Forsyth-UT-dNBR_20250626_235959.tif
Forsyth,UT,2025-06-27,Forsyth-UT-dNBR_20250627_235959.tif,https://bin.ssec.wisc.edu/pub/realearth/brisk/2025/Forsyth-UT-dNBR_20250627_235959.tif
Forsyth,UT,2025-06-28,Forsyth-UT-dNBR_20250628_235959.tif,https://bin.ssec.wisc.edu/pub/realearth/brisk/2025/Forsyth-UT-dNBR_20250628_235959.tif
Forsyth,UT,2025-06-29,Forsyth-UT-dNBR_20250629_235959.tif,https://bin.ssec.wisc.edu/pub/realearth/brisk/2025/Forsyth-UT-dNBR_20250629_235959.tif
Forsyth,UT,2025-06-30,Forsyth-UT-dNBR_20250630_235959.tif,https://bin.ssec.wisc.edu/pub/realearth/brisk/2025/Forsyth-UT-dNBR_20250630_235959.tif
Forsyth,UT,2025-07-01,Forsyth-UT-dNBR_20250701_235959.tif,https://bin.ssec.wisc.edu/pub/realearth/brisk/2025/Forsyth-UT-dNBR_20250701_235959.tif
Forsyth,UT,2025-07-03,Forsyth-UT-dNBR_20250703_235959.tif,https://bin.ssec.wisc.edu/pub/realearth/brisk/2025/Forsyth-UT-dNBR_20250703_235959.tif
Forsyth,UT,2025-07-04,Forsyth-UT-dNBR_20250704_235959.tif,https://bin.ssec.wisc.edu/pub/realearth/brisk/2025/Forsyth-UT-dNBR_20250704_235959.tif
Forsyth,UT,2025-07-05,Forsyth-UT-dNBR_20250705_235959.tif,https://bin.ssec.wisc.edu/pub/realearth/brisk/2025/Forsyth-UT-dNBR_20250705_235959.tif
Forsyth,UT,2025-07-06,Forsyth-UT-dNBR_20250706_235959.tif,https://bin.ssec.wisc.edu/pub/realearth/brisk/2025/Forsyth-UT-dNBR_20250706_235959.tif
Forsyth,UT,2025-07-07,Forsyth-UT-dNBR_20250707_235959.tif,https://bin.ssec.wisc.edu/pub/realearth/brisk/2025/Forsyth-UT-dNBR_20250707_235959.tif
Forsyth,UT,2025-07-08,Forsyth-UT-dNBR_20250708_235959.tif,https://bin.ssec.wisc.edu/pub/realearth/brisk/2025/Forsyth-UT-dNBR_20250708_235959.tif
Forsyth,UT,2025-07-09,Forsyth-UT-dNBR_20250709_235959.tif,https://bin.ssec.wisc.edu/pub/realearth/brisk/2025/Forsyth-UT-dNBR_20250709_235959.tif
Forsyth,UT,2025-07-10,Forsyth-UT-dNBR_20250710_235959.tif,https://bin.ssec.wisc.edu/pub/realearth/brisk/2025/Forsyth-UT-dNBR_20250710_235959.tif
Forsyth,UT,2025-07-11,Forsyth-UT-dNBR_20250711_235959.tif,https://bin.ssec.wisc.edu/pub/realearth/brisk/2025/Forsyth-UT-dNBR_20250711_235959.tif
Forsyth,UT,2025-07-12,Forsyth-UT-dNBR_20250712_235959.tif,https://bin.ssec.wisc.edu/pub/realearth/brisk/2025/Forsyth-UT-dNBR_20250712_235959.tif
Forsyth,UT,2025-07-13,Forsyth-UT-dNBR_20250713_235959.tif,https://bin.ssec.wisc.edu/pub/realearth/brisk/2025/Forsyth-UT-dNBR_20250713_235959.tif
Forsyth,UT,2025-07-14,Forsyth-UT-dNBR_20250714_235959.tif,https://bin.ssec.wisc.edu/pub/realearth/brisk/2025/Forsyth-UT-dNBR_20250714_235959.tif
Forsyth,UT,2025-07-15,Forsyth-UT-dNBR_20250715_235959.tif,https://bin.ssec.wisc.edu/pub/realearth/brisk/2025/Forsyth-UT-dNBR_20250715_235959.tif
Forsyth,UT,2025-07-16,Forsyth-UT-dNBR_20250716_235959.tif,https://bin.ssec.wisc.edu/pub/realearth/brisk/2025/Forsyth-UT-dNBR_20250716_235959.tif
Forsyth,UT,2025-07-17,Forsyth-UT-dNBR_20250717_235959.tif,https://bin.ssec.wisc.edu/pub/realearth/brisk/2025/Forsyth-UT-dNBR_20250717_235959.tif
Forsyth,UT,2025-07-18,Forsyth-UT-dNBR_20250718_235959.tif,https://bin.ssec.wisc.edu/pub/realearth/brisk/2025/Forsyth-UT-dNBR_20250718_235959.tif
Forsyth,UT,2025-07-19,Forsyth-UT-dNBR_20250719_235959.tif,https://bin.ssec.wisc.edu/pub/realearth/brisk/2025/Forsyth-UT-dNBR_20250719_235959.tif
Forsyth,UT,2025-07-20,Forsyth-UT-dNBR_20250720_235959.tif,https://bin.ssec.wisc.edu/pub/realearth/brisk/2025/Forsyth-UT-dNBR_20250720_235959.tif
Forsyth,UT,2025-07-21,Forsyth-UT-dNBR_20250721_235959.tif,https://bin.ssec.wisc.edu/pub/realearth/brisk/2025/Forsyth-UT-dNBR_20250721_235959.tif
Forsyth,UT,2025-07-22,Forsyth-UT-dNBR_20250722_235959.tif,https://bin.ssec.wisc.edu/pub/realearth/brisk/2025/Forsyth-UT-dNBR_20250722_235959.tif
Forsyth,UT,2025-07-23,Forsyth-UT-dNBR_20250723_235959.tif,https://bin.ssec.wisc.edu/pub/realearth/brisk/2025/Forsyth-UT-dNBR_20250723_235959.tif
Forsyth,UT,2025-07-24,Forsyth-UT-dNBR_20250724_235959.tif,https://bin.ssec.wisc.edu/pub/realearth/brisk/2025/Forsyth-UT-dNBR_20250724_235959.tif
Forsyth,UT,2025-07-25,Forsyth-UT-dNBR_20250725_235959.tif,https://bin.ssec.wisc.edu/pub/realearth/brisk/2025/Forsyth-UT-dNBR_20250725_235959.tif
Forsyth,UT,2025-07-26,Forsyth-UT-dNBR_20250726_235959.tif,https://bin.ssec.wisc.edu/pub/realearth/brisk/2025/Forsyth-UT-dNBR_20250726_235959.tif
Forsyth,UT,2025-07-27,Forsyth-UT-dNBR_20250727_235959.tif,https://bin.ssec.wisc.edu/pub/realearth/brisk/2025/Forsyth-UT-dNBR_20250727_235959.tif
Forsyth,UT,2025-07-28,Forsyth-UT-dNBR_20250728_235959.tif,https://bin.ssec.wisc.edu/pub/realearth/brisk/2025/Forsyth-UT-dNBR_20250728_235959.tif
Forsyth,UT,2025-07-29,Forsyth-UT-dNBR_20250729_235959.tif,https://bin.ssec.wisc.edu/pub/realearth/brisk/2025/Forsyth-UT-dNBR_20250729_235959.tif
Forsyth,UT,2025-07-30,Forsyth-UT-dNBR_20250730_235959.tif,https://bin.ssec.wisc.edu/pub/realearth/brisk/2025/Forsyth-UT-dNBR_20250730_235959.tif
Forsyth,UT,2025-07-31,Forsyth-UT-dNBR_20250731_235959.tif,https://bin.ssec.wisc.edu/pub/realearth/brisk/2025/Forsyth-UT-dNBR_20250731_235959.tif
Forsyth,UT,2025-08-01,Forsyth-UT-dNBR_20250801_235959.tif,https://bin.ssec.wisc.edu/pub/realearth/brisk/2025/Forsyth-UT-dNBR_20250801_235959.tif
Forsyth,UT,2025-08-02,Forsyth-UT-dNBR_20250802_235959.tif,https://bin.ssec.wisc.edu/pub/realearth/brisk/2025/Forsyth-UT-dNBR_20250802_235959.tif
Forsyth,UT,2025-08-03,Forsyth-UT-dNBR_20250803_235959.tif,https://bin.ssec.wisc.edu/pub/realearth/brisk/2025/Forsyth-UT-dNBR_20250803_235959.tif
Forsyth,UT,2025-08-04,Forsyth-UT-dNBR_20250804_235959.tif,https://bin.ssec.wisc.edu/pub/realearth/brisk/2025/Forsyth-UT-dNBR_20250804_235959.tif
Forsyth,UT,2025-08-05,Forsyth-UT-dNBR_20250805_235959.tif,https://bin.ssec.wisc.edu/pub/realearth/brisk/2025/Forsyth-UT-dNBR_20250805_235959.tif
Forsyth,UT,2025-08-06,Forsyth-UT-dNBR_20250806_235959.tif,https://bin.ssec.wisc.edu/pub/realearth/brisk/2025/Forsyth-UT-dNBR_20250806_235959.tif
Forsyth,UT,2025-08-07,Forsyth-UT-dNBR_20250807_235959.tif,https://bin.ssec.wisc.edu/pub/realearth/brisk/2025/Forsyth-UT-dNBR_20250807_235959.tif
France-Canyon,UT,2025-06-18,France-Canyon-UT-dNBR_20250618_235959.tif,https://bin.ssec.wisc.edu/pub/realearth/brisk/2025/France-Canyon-UT-dNBR_20250618_235959.tif
France-Canyon,UT,2025-06-19,France-Canyon-UT-dNBR_20250619_235959.tif,https://bin.ssec.wisc.edu/pub/realearth/brisk/2025/France-Canyon-UT-dNBR_20250619_235959.tif
France-Canyon,UT,2025-06-20,France-Canyon-UT-dNBR_20250620_235959.tif,https://bin.ssec.wisc.edu/pub/realearth/brisk/2025/France-Canyon-UT-dNBR_20250620_235959.tif
France-Canyon,UT,2025-06-21,France-Canyon-UT-dNBR_20250621_235959.tif,https://bin.ssec.wisc.edu/pub/realearth/brisk/2025/France-Canyon-UT-dNBR_20250621_235959.tif
France-Canyon,UT,2025-06-22,France-Canyon-UT-dNBR_20250622_235959.tif,https://bin.ssec.wisc.edu/pub/realearth/brisk/2025/France-Canyon-UT-dNBR_20250622_235959.tif
France-Canyon,UT,2025-06-23,France-Canyon-UT-dNBR_20250623_235959.tif,https://bin.ssec.wisc.edu/pub/realearth/brisk/2025/France-Canyon-UT-dNBR_20250623_235959.tif
France-Canyon,UT,2025-06-24,France-Canyon-UT-dNBR_20250624_235959.tif,https://bin.ssec.wisc.edu/pub/realearth/brisk/2025/France-Canyon-UT-dNBR_20250624_235959.tif
France-Canyon,UT,2025-06-25,France-Canyon-UT-dNBR_20250625_235959.tif,https://bin.ssec.wisc.edu/pub/realearth/brisk/2025/France-Canyon-UT-dNBR_20250625_235959.tif
France-Canyon,UT,2025-06-26,France-Canyon-UT-dNBR_20250626_235959.tif,https://bin.ssec.wisc.edu/pub/realearth/brisk/2025/France-Canyon-UT-dNBR_20250626_235959.tif
France-Canyon,UT,2025-06-27,France-Canyon-UT-dNBR_20250627_235959.tif,https://bin.ssec.wisc.edu/pub/realearth/brisk/2025/France-Canyon-UT-dNBR_20250627_235959.tif
France-Canyon,UT,2025-06-28,France-Canyon-UT-dNBR_20250628_235959.tif,https://bin.ssec.wisc.edu/pub/realearth/brisk/2025/France-Canyon-UT-dNBR_20250628_235959.tif
France-Canyon,UT,2025-06-29,France-Canyon-UT-dNBR_20250629_235959.tif,https://bin.ssec.wisc.edu/pub/realearth/brisk/2025/France-Canyon-UT-dNBR_20250629_235959.tif
France-Canyon,UT,2025-06-30,France-Canyon-UT-dNBR_20250630_235959.tif,https://bin.ssec.wisc.edu/pub/realearth/brisk/2025/France-Canyon-UT-dNBR_20250630_235959.tif
France-Canyon,UT,2025-07-01,France-Canyon-UT-dNBR_20250701_235959.tif,https://bin.ssec.wisc.edu/pub/realearth/brisk/2025/France-Canyon-UT-dNBR_20250701_235959.tif
France-Canyon,UT,2025-07-02,France-Canyon-UT-dNBR_20250702_235959.tif,https://bin.ssec.wisc.edu/pub/realearth/brisk/2025/France-Canyon-UT-dNBR_20250702_235959.tif
France-Canyon,UT,2025-07-03,France-Canyon-UT-dNBR_20250703_235959.tif,https://bin.ssec.wisc.edu/pub/realearth/brisk/2025/France-Canyon-UT-dNBR_20250703_235959.tif
France-Canyon,UT,2025-07-04,France-Canyon-UT-dNBR_20250704_235959.tif,https://bin.ssec.wisc.edu/pub/realearth/brisk/2025/France-Canyon-UT-dNBR_20250704_235959.tif
France-Canyon,UT,2025-07-05,France-Canyon-UT-dNBR_20250705_235959.tif,https://bin.ssec.wisc.edu/pub/realearth/brisk/2025/France-Canyon-UT-dNBR_20250705_235959.tif
France-Canyon,UT,2025-07-06,France-Canyon-UT-dNBR_20250706_235959.tif,https://bin.ssec.wisc.edu/pub/realearth/brisk/2025/France-Canyon-UT-dNBR_20250706_235959.tif
France-Canyon,UT,2025-07-07,France-Canyon-UT-dNBR_20250707_235959.tif,https://bin.ssec.wisc.edu/pub/realearth/brisk/2025/France-Canyon-UT-dNBR_20250707_235959.tif
France-Canyon,UT,2025-07-08,France-Canyon-UT-dNBR_20250708_235959.tif,https://bin.ssec.wisc.edu/pub/realearth/brisk/2025/France-Canyon-UT-dNBR_20250708_235959.tif
France-Canyon,UT,2025-07-09,France-Canyon-UT-dNBR_20250709_235959.tif,https://bin.ssec.wisc.edu/pub/realearth/brisk/2025/France-Canyon-UT-dNBR_20250709_235959.tif
France-Canyon,UT,2025-07-10,France-Canyon-UT-dNBR_20250710_235959.tif,https://bin.ssec.wisc.edu/pub/realearth/brisk/2025/France-Canyon-UT-dNBR_20250710_235959.tif
France-Canyon,UT,2025-07-11,France-Canyon-UT-dNBR_20250711_235959.tif,https://bin.ssec.wisc.edu/pub/realearth/brisk/2025/France-Canyon-UT-dNBR_20250711_235959.tif
France-Canyon,UT,2025-07-12,France-Canyon-UT-dNBR_20250712_235959.tif,https://bin.ssec.wisc.edu/pub/realearth/brisk/2025/France-Canyon-UT-dNBR_20250712_235959.tif
France-Canyon,UT,2025-07-13,France-Canyon-UT-dNBR_20250713_235959.tif,https://bin.ssec.wisc.edu/pub/realearth/brisk/2025/France-Canyon-UT-dNBR_20250713_235959.tif
France-Canyon,UT,2025-07-14,France-Canyon-UT-dNBR_20250714_235959.tif,https://bin.ssec.wisc.edu/pub/realearth/brisk/2025/France-Canyon-UT-dNBR_20250714_235959.tif
France-Canyon,UT,2025-07-15,France-Canyon-UT-dNBR_20250715_235959.tif,https://bin.ssec.wisc.edu/pub/realearth/brisk/2025/France-Canyon-UT-dNBR_20250715_235959.tif
France-Canyon,UT,2025-07-16,France-Canyon-UT-dNBR_20250716_235959.tif,https://bin.ssec.wisc.edu/pub/realearth/brisk/2025/France-Canyon-UT-dNBR_20250716_235959.tif
France-Canyon,UT,2025-07-17,France-Canyon-UT-dNBR_20250717_235959.tif,https://bin.ssec.wisc.edu/pub/realearth/brisk/2025/France-Canyon-UT-dNBR_20250717_235959.tif
France-Canyon,UT,2025-07-18,France-Canyon-UT-dNBR_20250718_235959.tif,https://bin.ssec.wisc.edu/pub/realearth/brisk/2025/France-Canyon-UT-dNBR_20250718_235959.tif
France-Canyon,UT,2025-07-19,France-Canyon-UT-dNBR_20250719_235959.tif,https://bin.ssec.wisc.edu/pub/realearth/brisk/2025/France-Canyon-UT-dNBR_20250719_235959.tif
France-Canyon,UT,2025-07-20,France-Canyon-UT-dNBR_20250720_235959.tif,https://bin.ssec.wisc.edu/pub/realearth/brisk/2025/France-Canyon-UT-dNBR_20250720_235959.tif
France-Canyon,UT,2025-07-21,France-Canyon-UT-dNBR_20250721_235959.tif,https://bin.ssec.wisc.edu/pub/realearth/brisk/2025/France-Canyon-UT-dNBR_20250721_235959.tif
France-Canyon,UT,2025-07-22,France-Canyon-UT-dNBR_20250722_235959.tif,https://bin.ssec.wisc.edu/pub/realearth/brisk/2025/France-Canyon-UT-dNBR_20250722_235959.tif
France-Canyon,UT,2025-07-23,France-Canyon-UT-dNBR_20250723_235959.tif,https://bin.ssec.wisc.edu/pub/realearth/brisk/2025/France-Canyon-UT-dNBR_20250723_235959.tif
France-Canyon,UT,2025-07-24,France-Canyon-UT-dNBR_20250724_235959.tif,https://bin.ssec.wisc.edu/pub/realearth/brisk/2025/France-Canyon-UT-dNBR_20250724_235959.tif
Garnet,CA,2025-08-26,Garnet-CA-dNBR_20250826_235959.tif,https://bin.ssec.wisc.edu/pub/realearth/brisk/2025/Garnet-CA-dNBR_20250826_235959.tif
Garnet,CA,2025-09-01,Garnet-CA-dNBR_20250901_235959.tif,https://bin.ssec.wisc.edu/pub/realearth/brisk/2025/Garnet-CA-dNBR_20250901_235959.tif
Garnet,CA,2025-09-02,Garnet-CA-dNBR_20250902_235959.tif,https://bin.ssec.wisc.edu/pub/realearth/brisk/2025/Garnet-CA-dNBR_20250902_235959.tif
Garnet,CA,2025-09-03,Garnet-CA-dNBR_20250903_235959.tif,https://bin.ssec.wisc.edu/pub/realearth/brisk/2025/Garnet-CA-dNBR_20250903_235959.tif
Garnet,CA,2025-09-04,Garnet-CA-dNBR_20250904_235959.tif,https://bin.ssec.wisc.edu/pub/realearth/brisk/2025/Garnet-CA-dNBR_20250904_235959.tif
Garnet,CA,2025-09-05,Garnet-CA-dNBR_20250905_235959.tif,https://bin.ssec.wisc.edu/pub/realearth/brisk/2025/Garnet-CA-dNBR_20250905_235959.tif
Garnet,CA,2025-09-06,Garnet-CA-dNBR_20250906_235959.tif,https://bin.ssec.wisc.edu/pub/realearth/brisk/2025/Garnet-CA-dNBR_20250906_235959.tif
Garnet,CA,2025-09-07,Garnet-CA-dNBR_20250907_235959.tif,https://bin.ssec.wisc.edu/pub/realearth/brisk/2025/Garnet-CA-dNBR_20250907_235959.tif
Garnet,CA,2025-09-08,Garnet-CA-dNBR_20250908_235959.tif,https://bin.ssec.wisc.edu/pub/realearth/brisk/2025/Garnet-CA-dNBR_20250908_235959.tif
Garnet,CA,2025-09-09,Garnet-CA-dNBR_20250909_235959.tif,https://bin.ssec.wisc.edu/pub/realearth/brisk/2025/Garnet-CA-dNBR_20250909_235959.tif
Garnet,CA,2025-09-10,Garnet-CA-dNBR_20250910_235959.tif,https://bin.ssec.wisc.edu/pub/realearth/brisk/2025/Garnet-CA-dNBR_20250910_235959.tif
Garnet,CA,2025-09-11,Garnet-CA-dNBR_20250911_235959.tif,https://bin.ssec.wisc.edu/pub/realearth/brisk/2025/Garnet-CA-dNBR_20250911_235959.tif
Garnet,CA,2025-09-12,Garnet-CA-dNBR_20250912_235959.tif,https://bin.ssec.wisc.edu/pub/realearth/brisk/2025/Garnet-CA-dNBR_20250912_235959.tif
Garnet,CA,2025-09-13,Garnet-CA-dNBR_20250913_235959.tif,https://bin.ssec.wisc.edu/pub/realearth/brisk/2025/Garnet-CA-dNBR_20250913_235959.tif
Garnet,CA,2025-09-14,Garnet-CA-dNBR_20250914_235959.tif,https://bin.ssec.wisc.edu/pub/realearth/brisk/2025/Garnet-CA-dNBR_20250914_235959.tif
Garnet,CA,2025-09-15,Garnet-CA-dNBR_20250915_235959.tif,https://bin.ssec.wisc.edu/pub/realearth/brisk/2025/Garnet-CA-dNBR_20250915_235959.tif
Garnet,CA,2025-09-16,Garnet-CA-dNBR_20250916_235959.tif,https://bin.ssec.wisc.edu/pub/realearth/brisk/2025/Garnet-CA-dNBR_20250916_235959.tif
Garnet,CA,2025-09-17,Garnet-CA-dNBR_20250917_235959.tif,https://bin.ssec.wisc.edu/pub/realearth/brisk/2025/Garnet-CA-dNBR_20250917_235959.tif
Garnet,CA,2025-09-18,Garnet-CA-dNBR_20250918_235959.tif,https://bin.ssec.wisc.edu/pub/realearth/brisk/2025/Garnet-CA-dNBR_20250918_235959.tif
Garnet,CA,2025-09-19,Garnet-CA-dNBR_20250919_235959.tif,https://bin.ssec.wisc.edu/pub/realearth/brisk/2025/Garnet-CA-dNBR_20250919_235959.tif
Garnet,CA,2025-09-20,Garnet-CA-dNBR_20250920_235959.tif,https://bin.ssec.wisc.edu/pub/realearth/brisk/2025/Garnet-CA-dNBR_20250920_235959.tif
Garnet,CA,2025-09-21,Garnet-CA-dNBR_20250921_235959.tif,https://bin.ssec.wisc.edu/pub/realearth/brisk/2025/Garnet-CA-dNBR_20250921_235959.tif
Garnet,CA,2025-09-22,Garnet-CA-dNBR_20250922_235959.tif,https://bin.ssec.wisc.edu/pub/realearth/brisk/2025/Garnet-CA-dNBR_20250922_235959.tif
Garnet,CA,2025-09-24,Garnet-CA-dNBR_20250924_235959.tif,https://bin.ssec.wisc.edu/pub/realearth/brisk/2025/Garnet-CA-dNBR_20250924_235959.tif
Garnet,CA,2025-09-25,Garnet-CA-dNBR_20250925_235959.tif,https://bin.ssec.wisc.edu/pub/realearth/brisk/2025/Garnet-CA-dNBR_20250925_235959.tif
Garnet,CA,2025-09-26,Garnet-CA-dNBR_20250926_235959.tif,https://bin.ssec.wisc.edu/pub/realearth/brisk/2025/Garnet-CA-dNBR_20250926_235959.tif
Garnet,CA,2025-09-27,Garnet-CA-dNBR_20250927_235959.tif,https://bin.ssec.wisc.edu/pub/realearth/brisk/2025/Garnet-CA-dNBR_20250927_235959.tif
Garnet,CA,2025-09-28,Garnet-CA-dNBR_20250928_235959.tif,https://bin.ssec.wisc.edu/pub/realearth/brisk/2025/Garnet-CA-dNBR_20250928_235959.tif
Garnet,CA,2025-09-29,Garnet-CA-dNBR_20250929_235959.tif,https://bin.ssec.wisc.edu/pub/realearth/brisk/2025/Garnet-CA-dNBR_20250929_235959.tif
Garnet,CA,2025-09-30,Garnet-CA-dNBR_20250930_235959.tif,https://bin.ssec.wisc.edu/pub/realearth/brisk/2025/Garnet-CA-dNBR_20250930_235959.tif
Garnet,CA,2025-10-02,Garnet-CA-dNBR_20251002_235959.tif,https://bin.ssec.wisc.edu/pub/realearth/brisk/2025/Garnet-CA-dNBR_20251002_235959.tif
Garnet,CA,2025-10-06,Garnet-CA-dNBR_20251006_235959.tif,https://bin.ssec.wisc.edu/pub/realearth/brisk/2025/Garnet-CA-dNBR_20251006_235959.tif
Garnet,CA,2025-10-07,Garnet-CA-dNBR_20251007_235959.tif,https://bin.ssec.wisc.edu/pub/realearth/brisk/2025/Garnet-CA-dNBR_20251007_235959.tif
Garnet,CA,2025-10-08,Garnet-CA-dNBR_20251008_235959.tif,https://bin.ssec.wisc.edu/pub/realearth/brisk/2025/Garnet-CA-dNBR_20251008_235959.tif
Garnet,CA,2025-10-09,Garnet-CA-dNBR_20251009_235959.tif,https://bin.ssec.wisc.edu/pub/realearth/brisk/2025/Garnet-CA-dNBR_20251009_235959.tif
Garnet,CA,2025-10-11,Garnet-CA-dNBR_20251011_235959.tif,https://bin.ssec.wisc.edu/pub/realearth/brisk/2025/Garnet-CA-dNBR_20251011_235959.tif
Garnet,CA,2025-10-14,Garnet-CA-dNBR_20251014_235959.tif,https://bin.ssec.wisc.edu/pub/realearth/brisk/2025/Garnet-CA-dNBR_20251014_235959.tif
Garnet,CA,2025-10-15,Garnet-CA-dNBR_20251015_235959.tif,https://bin.ssec.wisc.edu/pub/realearth/brisk/2025/Garnet-CA-dNBR_20251015_235959.tif
Garnet,CA,2025-10-16,Garnet-CA-dNBR_20251016_235959.tif,https://bin.ssec.wisc.edu/pub/realearth/brisk/2025/Garnet-CA-dNBR_20251016_235959.tif
Garnet,CA,2025-10-17,Garnet-CA-dNBR_20251017_235959.tif,https://bin.ssec.wisc.edu/pub/realearth/brisk/2025/Garnet-CA-dNBR_20251017_235959.tif
Garnet,CA,2025-10-18,Garnet-CA-dNBR_20251018_235959.tif,https://bin.ssec.wisc.edu/pub/realearth/brisk/2025/Garnet-CA-dNBR_20251018_235959.tif
Garnet,CA,2025-10-19,Garnet-CA-dNBR_20251019_235959.tif,https://bin.ssec.wisc.edu/pub/realearth/brisk/2025/Garnet-CA-dNBR_20251019_235959.tif
Garnet,CA,2025-10-29,Garnet-CA-dNBR_20251029_235959.tif,https://bin.ssec.wisc.edu/pub/realearth/brisk/2025/Garnet-CA-dNBR_20251029_235959.tif
Garnet,CA,2025-10-30,Garnet-CA-dNBR_20251030_235959.tif,https://bin.ssec.wisc.edu/pub/realearth/brisk/2025/Garnet-CA-dNBR_20251030_235959.tif
Garnet,CA,2025-10-31,Garnet-CA-dNBR_20251031_235959.tif,https://bin.ssec.wisc.edu/pub/realearth/brisk/2025/Garnet-CA-dNBR_20251031_235959.tif
Garnet,CA,2025-11-01,Garnet-CA-dNBR_20251101_235959.tif,https://bin.ssec.wisc.edu/pub/realearth/brisk/2025/Garnet-CA-dNBR_20251101_235959.tif
Garnet,CA,2025-11-02,Garnet-CA-dNBR_20251102_235959.tif,https://bin.ssec.wisc.edu/pub/realearth/brisk/2025/Garnet-CA-dNBR_20251102_235959.tif
Garnet,CA,2025-11-04,Garnet-CA-dNBR_20251104_235959.tif,https://bin.ssec.wisc.edu/pub/realearth/brisk/2025/Garnet-CA-dNBR_20251104_235959.tif
Garnet,CA,2025-11-05,Garnet-CA-dNBR_20251105_235959.tif,https://bin.ssec.wisc.edu/pub/realearth/brisk/2025/Garnet-CA-dNBR_20251105_235959.tif
Garnet,CA,2025-11-06,Garnet-CA-dNBR_20251106_235959.tif,https://bin.ssec.wisc.edu/pub/realearth/brisk/2025/Garnet-CA-dNBR_20251106_235959.tif
Gifford,CA,2025-08-04,Gifford-CA-dNBR_20250804_235959.tif,https://bin.ssec.wisc.edu/pub/realearth/brisk/2025/Gifford-CA-dNBR_20250804_235959.tif
Gifford,CA,2025-08-05,Gifford-CA-dNBR_20250805_235959.tif,https://bin.ssec.wisc.edu/pub/realearth/brisk/2025/Gifford-CA-dNBR_20250805_235959.tif
Gifford,CA,2025-08-06,Gifford-CA-dNBR_20250806_235959.tif,https://bin.ssec.wisc.edu/pub/realearth/brisk/2025/Gifford-CA-dNBR_20250806_235959.tif
Gifford,CA,2025-08-07,Gifford-CA-dNBR_20250807_235959.tif,https://bin.ssec.wisc.edu/pub/realearth/brisk/2025/Gifford-CA-dNBR_20250807_235959.tif
Gifford,CA,2025-08-08,Gifford-CA-dNBR_20250808_235959.tif,https://bin.ssec.wisc.edu/pub/realearth/brisk/2025/Gifford-CA-dNBR_20250808_235959.tif
Gifford,CA,2025-08-09,Gifford-CA-dNBR_20250809_235959.tif,https://bin.ssec.wisc.edu/pub/realearth/brisk/2025/Gifford-CA-dNBR_20250809_235959.tif
Gifford,CA,2025-08-10,Gifford-CA-dNBR_20250810_235959.tif,https://bin.ssec.wisc.edu/pub/realearth/brisk/2025/Gifford-CA-dNBR_20250810_235959.tif
Gifford,CA,2025-08-11,Gifford-CA-dNBR_20250811_235959.tif,https://bin.ssec.wisc.edu/pub/realearth/brisk/2025/Gifford-CA-dNBR_20250811_235959.tif
Gifford,CA,2025-08-12,Gifford-CA-dNBR_20250812_235959.tif,https://bin.ssec.wisc.edu/pub/realearth/brisk/2025/Gifford-CA-dNBR_20250812_235959.tif
Gifford,CA,2025-08-13,Gifford-CA-dNBR_20250813_235959.tif,https://bin.ssec.wisc.edu/pub/realearth/brisk/2025/Gifford-CA-dNBR_20250813_235959.tif
Gifford,CA,2025-08-14,Gifford-CA-dNBR_20250814_235959.tif,https://bin.ssec.wisc.edu/pub/realearth/brisk/2025/Gifford-CA-dNBR_20250814_235959.tif
Gifford,CA,2025-08-15,Gifford-CA-dNBR_20250815_235959.tif,https://bin.ssec.wisc.edu/pub/realearth/brisk/2025/Gifford-CA-dNBR_20250815_235959.tif
Gifford,CA,2025-08-16,Gifford-CA-dNBR_20250816_235959.tif,https://bin.ssec.wisc.edu/pub/realearth/brisk/2025/Gifford-CA-dNBR_20250816_235959.tif
Gifford,CA,2025-08-17,Gifford-CA-dNBR_20250817_235959.tif,https://bin.ssec.wisc.edu/pub/realearth/brisk/2025/Gifford-CA-dNBR_20250817_235959.tif
Gifford,CA,2025-08-18,Gifford-CA-dNBR_20250818_235959.tif,https://bin.ssec.wisc.edu/pub/realearth/brisk/2025/Gifford-CA-dNBR_20250818_235959.tif
Gifford,CA,2025-08-19,Gifford-CA-dNBR_20250819_235959.tif,https://bin.ssec.wisc.edu/pub/realearth/brisk/2025/Gifford-CA-dNBR_20250819_235959.tif
Gifford,CA,2025-08-20,Gifford-CA-dNBR_20250820_235959.tif,https://bin.ssec.wisc.edu/pub/realearth/brisk/2025/Gifford-CA-dNBR_20250820_235959.tif
Gifford,CA,2025-08-21,Gifford-CA-dNBR_20250821_235959.tif,https://bin.ssec.wisc.edu/pub/realearth/brisk/2025/Gifford-CA-dNBR_20250821_235959.tif
Gifford,CA,2025-08-22,Gifford-CA-dNBR_20250822_235959.tif,https://bin.ssec.wisc.edu/pub/realearth/brisk/2025/Gifford-CA-dNBR_20250822_235959.tif
Gifford,CA,2025-08-23,Gifford-CA-dNBR_20250823_235959.tif,https://bin.ssec.wisc.edu/pub/realearth/brisk/2025/Gifford-CA-dNBR_20250823_235959.tif
Gifford,CA,2025-08-24,Gifford-CA-dNBR_20250824_235959.tif,https://bin.ssec.wisc.edu/pub/realearth/brisk/2025/Gifford-CA-dNBR_20250824_235959.tif
Gifford,CA,2025-08-25,Gifford-CA-dNBR_20250825_235959.tif,https://bin.ssec.wisc.edu/pub/realearth/brisk/2025/Gifford-CA-dNBR_20250825_235959.tif
Gifford,CA,2025-08-26,Gifford-CA-dNBR_20250826_235959.tif,https://bin.ssec.wisc.edu/pub/realearth/brisk/2025/Gifford-CA-dNBR_20250826_235959.tif
Gifford,CA,2025-09-01,Gifford-CA-dNBR_20250901_235959.tif,https://bin.ssec.wisc.edu/pub/realearth/brisk/2025/Gifford-CA-dNBR_20250901_235959.tif
Gifford,CA,2025-09-02,Gifford-CA-dNBR_20250902_235959.tif,https://bin.ssec.wisc.edu/pub/realearth/brisk/2025/Gifford-CA-dNBR_20250902_235959.tif
Gifford,CA,2025-09-03,Gifford-CA-dNBR_20250903_235959.tif,https://bin.ssec.wisc.edu/pub/realearth/brisk/2025/Gifford-CA-dNBR_20250903_235959.tif
Gifford,CA,2025-09-04,Gifford-CA-dNBR_20250904_235959.tif,https://bin.ssec.wisc.edu/pub/realearth/brisk/2025/Gifford-CA-dNBR_20250904_235959.tif
Gifford,CA,2025-09-05,Gifford-CA-dNBR_20250905_235959.tif,https://bin.ssec.wisc.edu/pub/realearth/brisk/2025/Gifford-CA-dNBR_20250905_235959.tif
Gifford,CA,2025-09-06,Gifford-CA-dNBR_20250906_235959.tif,https://bin.ssec.wisc.edu/pub/realearth/brisk/2025/Gifford-CA-dNBR_20250906_235959.tif
Gifford,CA,2025-09-07,Gifford-CA-dNBR_20250907_235959.tif,https://bin.ssec.wisc.edu/pub/realearth/brisk/2025/Gifford-CA-dNBR_20250907_235959.tif
Gifford,CA,2025-09-08,Gifford-CA-dNBR_20250908_235959.tif,https://bin.ssec.wisc.edu/pub/realearth/brisk/2025/Gifford-CA-dNBR_20250908_235959.tif
Gifford,CA,2025-09-09,Gifford-CA-dNBR_20250909_235959.tif,https://bin.ssec.wisc.edu/pub/realearth/brisk/2025/Gifford-CA-dNBR_20250909_235959.tif
Gifford,CA,2025-09-10,Gifford-CA-dNBR_20250910_235959.tif,https://bin.ssec.wisc.edu/pub/realearth/brisk/2025/Gifford-CA-dNBR_20250910_235959.tif
Gifford,CA,2025-09-11,Gifford-CA-dNBR_20250911_235959.tif,https://bin.ssec.wisc.edu/pub/realearth/brisk/2025/Gifford-CA-dNBR_20250911_235959.tif
Gifford,CA,2025-09-12,Gifford-CA-dNBR_20250912_235959.tif,https://bin.ssec.wisc.edu/pub/realearth/brisk/2025/Gifford-CA-dNBR_20250912_235959.tif
Gifford,CA,2025-09-13,Gifford-CA-dNBR_20250913_235959.tif,https://bin.ssec.wisc.edu/pub/realearth/brisk/2025/Gifford-CA-dNBR_20250913_235959.tif
Gifford,CA,2025-09-14,Gifford-CA-dNBR_20250914_235959.tif,https://bin.ssec.wisc.edu/pub/realearth/brisk/2025/Gifford-CA-dNBR_20250914_235959.tif
Gifford,CA,2025-09-15,Gifford-CA-dNBR_20250915_235959.tif,https://bin.ssec.wisc.edu/pub/realearth/brisk/2025/Gifford-CA-dNBR_20250915_235959.tif
Gifford,CA,2025-09-16,Gifford-CA-dNBR_20250916_235959.tif,https://bin.ssec.wisc.edu/pub/realearth/brisk/2025/Gifford-CA-dNBR_20250916_235959.tif
Gifford,CA,2025-09-17,Gifford-CA-dNBR_20250917_235959.tif,https://bin.ssec.wisc.edu/pub/realearth/brisk/2025/Gifford-CA-dNBR_20250917_235959.tif
Gifford,CA,2025-09-18,Gifford-CA-dNBR_20250918_235959.tif,https://bin.ssec.wisc.edu/pub/realearth/brisk/2025/Gifford-CA-dNBR_20250918_235959.tif
Gifford,CA,2025-09-19,Gifford-CA-dNBR_20250919_235959.tif,https://bin.ssec.wisc.edu/pub/realearth/brisk/2025/Gifford-CA-dNBR_20250919_235959.tif
Gifford,CA,2025-09-20,Gifford-CA-dNBR_20250920_235959.tif,https://bin.ssec.wisc.edu/pub/realearth/brisk/2025/Gifford-CA-dNBR_20250920_235959.tif
Gifford,CA,2025-09-21,Gifford-CA-dNBR_20250921_235959.tif,https://bin.ssec.wisc.edu/pub/realearth/brisk/2025/Gifford-CA-dNBR_20250921_235959.tif
Gifford,CA,2025-09-22,Gifford-CA-dNBR_20250922_235959.tif,https://bin.ssec.wisc.edu/pub/realearth/brisk/2025/Gifford-CA-dNBR_20250922_235959.tif
Gifford,CA,2025-09-24,Gifford-CA-dNBR_20250924_235959.tif,https://bin.ssec.wisc.edu/pub/realearth/brisk/2025/Gifford-CA-dNBR_20250924_235959.tif
Gifford,CA,2025-09-25,Gifford-CA-dNBR_20250925_235959.tif,https://bin.ssec.wisc.edu/pub/realearth/brisk/2025/Gifford-CA-dNBR_20250925_235959.tif
Gifford,CA,2025-09-26,Gifford-CA-dNBR_20250926_235959.tif,https://bin.ssec.wisc.edu/pub/realearth/brisk/2025/Gifford-CA-dNBR_20250926_235959.tif
Gifford,CA,2025-09-27,Gifford-CA-dNBR_20250927_235959.tif,https://bin.ssec.wisc.edu/pub/realearth/brisk/2025/Gifford-CA-dNBR_20250927_235959.tif
Gifford,CA,2025-09-28,Gifford-CA-dNBR_20250928_235959.tif,https://bin.ssec.wisc.edu/pub/realearth/brisk/2025/Gifford-CA-dNBR_20250928_235959.tif
Gifford,CA,2025-09-29,Gifford-CA-dNBR_20250929_235959.tif,https://bin.ssec.wisc.edu/pub/realearth/brisk/2025/Gifford-CA-dNBR_20250929_235959.tif
Gifford,CA,2025-09-30,Gifford-CA-dNBR_20250930_235959.tif,https://bin.ssec.wisc.edu/pub/realearth/brisk/2025/Gifford-CA-dNBR_20250930_235959.tif
Gifford,CA,2025-10-06,Gifford-CA-dNBR_20251006_235959.tif,https://bin.ssec.wisc.edu/pub/realearth/brisk/2025/Gifford-CA-dNBR_20251006_235959.tif
Gifford,CA,2025-10-07,Gifford-CA-dNBR_20251007_235959.tif,https://bin.ssec.wisc.edu/pub/realearth/brisk/2025/Gifford-CA-dNBR_20251007_235959.tif
Gifford,CA,2025-10-08,Gifford-CA-dNBR_20251008_235959.tif,https://bin.ssec.wisc.edu/pub/realearth/brisk/2025/Gifford-CA-dNBR_20251008_235959.tif
Gifford,CA,2025-10-09,Gifford-CA-dNBR_20251009_235959.tif,https://bin.ssec.wisc.edu/pub/realearth/brisk/2025/Gifford-CA-dNBR_20251009_235959.tif
Gifford,CA,2025-10-11,Gifford-CA-dNBR_20251011_235959.tif,https://bin.ssec.wisc.edu/pub/realearth/brisk/2025/Gifford-CA-dNBR_20251011_235959.tif
Gifford,CA,2025-10-14,Gifford-CA-dNBR_20251014_235959.tif,https://bin.ssec.wisc.edu/pub/realearth/brisk/2025/Gifford-CA-dNBR_20251014_235959.tif
Gothic,NV,2025-07-11,Gothic-NV-dNBR_20250711_235959.tif,https://bin.ssec.wisc.edu/pub/realearth/brisk/2025/Gothic-NV-dNBR_20250711_235959.tif
Gothic,NV,2025-07-12,Gothic-NV-dNBR_20250712_235959.tif,https://bin.ssec.wisc.edu/pub/realearth/brisk/2025/Gothic-NV-dNBR_20250712_235959.tif
Gothic,NV,2025-07-13,Gothic-NV-dNBR_20250713_235959.tif,https://bin.ssec.wisc.edu/pub/realearth/brisk/2025/Gothic-NV-dNBR_20250713_235959.tif
Gothic,NV,2025-07-14,Gothic-NV-dNBR_20250714_235959.tif,https://bin.ssec.wisc.edu/pub/realearth/brisk/2025/Gothic-NV-dNBR_20250714_235959.tif
Gothic,NV,2025-07-15,Gothic-NV-dNBR_20250715_235959.tif,https://bin.ssec.wisc.edu/pub/realearth/brisk/2025/Gothic-NV-dNBR_20250715_235959.tif
Gothic,NV,2025-07-16,Gothic-NV-dNBR_20250716_235959.tif,https://bin.ssec.wisc.edu/pub/realearth/brisk/2025/Gothic-NV-dNBR_20250716_235959.tif
Gothic,NV,2025-07-17,Gothic-NV-dNBR_20250717_235959.tif,https://bin.ssec.wisc.edu/pub/realearth/brisk/2025/Gothic-NV-dNBR_20250717_235959.tif
Gothic,NV,2025-07-18,Gothic-NV-dNBR_20250718_235959.tif,https://bin.ssec.wisc.edu/pub/realearth/brisk/2025/Gothic-NV-dNBR_20250718_235959.tif
Gothic,NV,2025-07-19,Gothic-NV-dNBR_20250719_235959.tif,https://bin.ssec.wisc.edu/pub/realearth/brisk/2025/Gothic-NV-dNBR_20250719_235959.tif
Gothic,NV,2025-07-20,Gothic-NV-dNBR_20250720_235959.tif,https://bin.ssec.wisc.edu/pub/realearth/brisk/2025/Gothic-NV-dNBR_20250720_235959.tif
Gothic,NV,2025-07-21,Gothic-NV-dNBR_20250721_235959.tif,https://bin.ssec.wisc.edu/pub/realearth/brisk/2025/Gothic-NV-dNBR_20250721_235959.tif
Gothic,NV,2025-07-22,Gothic-NV-dNBR_20250722_235959.tif,https://bin.ssec.wisc.edu/pub/realearth/brisk/2025/Gothic-NV-dNBR_20250722_235959.tif
Gothic,NV,2025-07-23,Gothic-NV-dNBR_20250723_235959.tif,https://bin.ssec.wisc.edu/pub/realearth/brisk/2025/Gothic-NV-dNBR_20250723_235959.tif
Gothic,NV,2025-07-24,Gothic-NV-dNBR_20250724_235959.tif,https://bin.ssec.wisc.edu/pub/realearth/brisk/2025/Gothic-NV-dNBR_20250724_235959.tif
Gothic,NV,2025-07-25,Gothic-NV-dNBR_20250725_235959.tif,https://bin.ssec.wisc.edu/pub/realearth/brisk/2025/Gothic-NV-dNBR_20250725_235959.tif
Gothic,NV,2025-07-26,Gothic-NV-dNBR_20250726_235959.tif,https://bin.ssec.wisc.edu/pub/realearth/brisk/2025/Gothic-NV-dNBR_20250726_235959.tif
Gothic,NV,2025-07-27,Gothic-NV-dNBR_20250727_235959.tif,https://bin.ssec.wisc.edu/pub/realearth/brisk/2025/Gothic-NV-dNBR_20250727_235959.tif
Gothic,NV,2025-07-28,Gothic-NV-dNBR_20250728_235959.tif,https://bin.ssec.wisc.edu/pub/realearth/brisk/2025/Gothic-NV-dNBR_20250728_235959.tif
Gothic,NV,2025-07-29,Gothic-NV-dNBR_20250729_235959.tif,https://bin.ssec.wisc.edu/pub/realearth/brisk/2025/Gothic-NV-dNBR_20250729_235959.tif
Gothic,NV,2025-07-30,Gothic-NV-dNBR_20250730_235959.tif,https://bin.ssec.wisc.edu/pub/realearth/brisk/2025/Gothic-NV-dNBR_20250730_235959.tif
Gothic,NV,2025-07-31,Gothic-NV-dNBR_20250731_235959.tif,https://bin.ssec.wisc.edu/pub/realearth/brisk/2025/Gothic-NV-dNBR_20250731_235959.tif
Gothic,NV,2025-08-01,Gothic-NV-dNBR_20250801_235959.tif,https://bin.ssec.wisc.edu/pub/realearth/brisk/2025/Gothic-NV-dNBR_20250801_235959.tif
Gothic,NV,2025-08-02,Gothic-NV-dNBR_20250802_235959.tif,https://bin.ssec.wisc.edu/pub/realearth/brisk/2025/Gothic-NV-dNBR_20250802_235959.tif
Gothic,NV,2025-08-03,Gothic-NV-dNBR_20250803_235959.tif,https://bin.ssec.wisc.edu/pub/realearth/brisk/2025/Gothic-NV-dNBR_20250803_235959.tif
Gothic,NV,2025-08-04,Gothic-NV-dNBR_20250804_235959.tif,https://bin.ssec.wisc.edu/pub/realearth/brisk/2025/Gothic-NV-dNBR_20250804_235959.tif
Gothic,NV,2025-08-05,Gothic-NV-dNBR_20250805_235959.tif,https://bin.ssec.wisc.edu/pub/realearth/brisk/2025/Gothic-NV-dNBR_20250805_235959.tif
Gothic,NV,2025-08-06,Gothic-NV-dNBR_20250806_235959.tif,https://bin.ssec.wisc.edu/pub/realearth/brisk/2025/Gothic-NV-dNBR_20250806_235959.tif
Gothic,NV,2025-08-07,Gothic-NV-dNBR_20250807_235959.tif,https://bin.ssec.wisc.edu/pub/realearth/brisk/2025/Gothic-NV-dNBR_20250807_235959.tif
Gothic,NV,2025-08-08,Gothic-NV-dNBR_20250808_235959.tif,https://bin.ssec.wisc.edu/pub/realearth/brisk/2025/Gothic-NV-dNBR_20250808_235959.tif
Gothic,NV,2025-08-09,Gothic-NV-dNBR_20250809_235959.tif,https://bin.ssec.wisc.edu/pub/realearth/brisk/2025/Gothic-NV-dNBR_20250809_235959.tif
Gothic,NV,2025-08-10,Gothic-NV-dNBR_20250810_235959.tif,https://bin.ssec.wisc.edu/pub/realearth/brisk/2025/Gothic-NV-dNBR_20250810_235959.tif
Gothic,NV,2025-08-11,Gothic-NV-dNBR_20250811_235959.tif,https://bin.ssec.wisc.edu/pub/realearth/brisk/2025/Gothic-NV-dNBR_20250811_235959.tif
Gothic,NV,2025-08-12,Gothic-NV-dNBR_20250812_235959.tif,https://bin.ssec.wisc.edu/pub/realearth/brisk/2025/Gothic-NV-dNBR_20250812_235959.tif
Gothic,NV,2025-08-13,Gothic-NV-dNBR_20250813_235959.tif,https://bin.ssec.wisc.edu/pub/realearth/brisk/2025/Gothic-NV-dNBR_20250813_235959.tif
Gothic,NV,2025-08-14,Gothic-NV-dNBR_20250814_235959.tif,https://bin.ssec.wisc.edu/pub/realearth/brisk/2025/Gothic-NV-dNBR_20250814_235959.tif
Gothic,NV,2025-08-15,Gothic-NV-dNBR_20250815_235959.tif,https://bin.ssec.wisc.edu/pub/realearth/brisk/2025/Gothic-NV-dNBR_20250815_235959.tif
Gothic,NV,2025-08-16,Gothic-NV-dNBR_20250816_235959.tif,https://bin.ssec.wisc.edu/pub/realearth/brisk/2025/Gothic-NV-dNBR_20250816_235959.tif
Gothic,NV,2025-08-17,Gothic-NV-dNBR_20250817_235959.tif,https://bin.ssec.wisc.edu/pub/realearth/brisk/2025/Gothic-NV-dNBR_20250817_235959.tif
Gothic,NV,2025-08-18,Gothic-NV-dNBR_20250818_235959.tif,https://bin.ssec.wisc.edu/pub/realearth/brisk/2025/Gothic-NV-dNBR_20250818_235959.tif
Gothic,NV,2025-08-19,Gothic-NV-dNBR_20250819_235959.tif,https://bin.ssec.wisc.edu/pub/realearth/brisk/2025/Gothic-NV-dNBR_20250819_235959.tif
Gothic,NV,2025-08-20,Gothic-NV-dNBR_20250820_235959.tif,https://bin.ssec.wisc.edu/pub/realearth/brisk/2025/Gothic-NV-dNBR_20250820_235959.tif
Gothic,NV,2025-08-21,Gothic-NV-dNBR_20250821_235959.tif,https://bin.ssec.wisc.edu/pub/realearth/brisk/2025/Gothic-NV-dNBR_20250821_235959.tif
Gothic,NV,2025-08-22,Gothic-NV-dNBR_20250822_235959.tif,https://bin.ssec.wisc.edu/pub/realearth/brisk/2025/Gothic-NV-dNBR_20250822_235959.tif
Gothic,NV,2025-08-23,Gothic-NV-dNBR_20250823_235959.tif,https://bin.ssec.wisc.edu/pub/realearth/brisk/2025/Gothic-NV-dNBR_20250823_235959.tif
Gothic,NV,2025-08-24,Gothic-NV-dNBR_20250824_235959.tif,https://bin.ssec.wisc.edu/pub/realearth/brisk/2025/Gothic-NV-dNBR_20250824_235959.tif
Gothic,NV,2025-08-25,Gothic-NV-dNBR_20250825_235959.tif,https://bin.ssec.wisc.edu/pub/realearth/brisk/2025/Gothic-NV-dNBR_20250825_235959.tif
Gothic,NV,2025-08-26,Gothic-NV-dNBR_20250826_235959.tif,https://bin.ssec.wisc.edu/pub/realearth/brisk/2025/Gothic-NV-dNBR_20250826_235959.tif
Gothic,NV,2025-09-01,Gothic-NV-dNBR_20250901_235959.tif,https://bin.ssec.wisc.edu/pub/realearth/brisk/2025/Gothic-NV-dNBR_20250901_235959.tif
Gothic,NV,2025-09-02,Gothic-NV-dNBR_20250902_235959.tif,https://bin.ssec.wisc.edu/pub/realearth/brisk/2025/Gothic-NV-dNBR_20250902_235959.tif
Gothic,NV,2025-09-03,Gothic-NV-dNBR_20250903_235959.tif,https://bin.ssec.wisc.edu/pub/realearth/brisk/2025/Gothic-NV-dNBR_20250903_235959.tif
Gothic,NV,2025-09-04,Gothic-NV-dNBR_20250904_235959.tif,https://bin.ssec.wisc.edu/pub/realearth/brisk/2025/Gothic-NV-dNBR_20250904_235959.tif
Green,CA,2025-07-10,Green-CA-dNBR_20250710_235959.tif,https://bin.ssec.wisc.edu/pub/realearth/brisk/2025/Green-CA-dNBR_20250710_235959.tif
Green,CA,2025-07-11,Green-CA-dNBR_20250711_235959.tif,https://bin.ssec.wisc.edu/pub/realearth/brisk/2025/Green-CA-dNBR_20250711_235959.tif
Green,CA,2025-07-12,Green-CA-dNBR_20250712_235959.tif,https://bin.ssec.wisc.edu/pub/realearth/brisk/2025/Green-CA-dNBR_20250712_235959.tif
Green,CA,2025-07-13,Green-CA-dNBR_20250713_235959.tif,https://bin.ssec.wisc.edu/pub/realearth/brisk/2025/Green-CA-dNBR_20250713_235959.tif
Green,CA,2025-07-14,Green-CA-dNBR_20250714_235959.tif,https://bin.ssec.wisc.edu/pub/realearth/brisk/2025/Green-CA-dNBR_20250714_235959.tif
Green,CA,2025-07-15,Green-CA-dNBR_20250715_235959.tif,https://bin.ssec.wisc.edu/pub/realearth/brisk/2025/Green-CA-dNBR_20250715_235959.tif
Green,CA,2025-07-16,Green-CA-dNBR_20250716_235959.tif,https://bin.ssec.wisc.edu/pub/realearth/brisk/2025/Green-CA-dNBR_20250716_235959.tif
Green,CA,2025-07-17,Green-CA-dNBR_20250717_235959.tif,https://bin.ssec.wisc.edu/pub/realearth/brisk/2025/Green-CA-dNBR_20250717_235959.tif
Green,CA,2025-07-18,Green-CA-dNBR_20250718_235959.tif,https://bin.ssec.wisc.edu/pub/realearth/brisk/2025/Green-CA-dNBR_20250718_235959.tif
Green,CA,2025-07-19,Green-CA-dNBR_20250719_235959.tif,https://bin.ssec.wisc.edu/pub/realearth/brisk/2025/Green-CA-dNBR_20250719_235959.tif
Green,CA,2025-07-20,Green-CA-dNBR_20250720_235959.tif,https://bin.ssec.wisc.edu/pub/realearth/brisk/2025/Green-CA-dNBR_20250720_235959.tif
Green,CA,2025-07-21,Green-CA-dNBR_20250721_235959.tif,https://bin.ssec.wisc.edu/pub/realearth/brisk/2025/Green-CA-dNBR_20250721_235959.tif
Green,CA,2025-07-22,Green-CA-dNBR_20250722_235959.tif,https://bin.ssec.wisc.edu/pub/realearth/brisk/2025/Green-CA-dNBR_20250722_235959.tif
Green,CA,2025-07-23,Green-CA-dNBR_20250723_235959.tif,https://bin.ssec.wisc.edu/pub/realearth/brisk/2025/Green-CA-dNBR_20250723_235959.tif
Green,CA,2025-07-24,Green-CA-dNBR_20250724_235959.tif,https://bin.ssec.wisc.edu/pub/realearth/brisk/2025/Green-CA-dNBR_20250724_235959.tif
Green,CA,2025-07-25,Green-CA-dNBR_20250725_235959.tif,https://bin.ssec.wisc.edu/pub/realearth/brisk/2025/Green-CA-dNBR_20250725_235959.tif
Green,CA,2025-07-26,Green-CA-dNBR_20250726_235959.tif,https://bin.ssec.wisc.edu/pub/realearth/brisk/2025/Green-CA-dNBR_20250726_235959.tif
Green,CA,2025-07-27,Green-CA-dNBR_20250727_235959.tif,https://bin.ssec.wisc.edu/pub/realearth/brisk/2025/Green-CA-dNBR_20250727_235959.tif
Green,CA,2025-07-28,Green-CA-dNBR_20250728_235959.tif,https://bin.ssec.wisc.edu/pub/realearth/brisk/2025/Green-CA-dNBR_20250728_235959.tif
Green,CA,2025-07-29,Green-CA-dNBR_20250729_235959.tif,https://bin.ssec.wisc.edu/pub/realearth/brisk/2025/Green-CA-dNBR_20250729_235959.tif
Green,CA,2025-07-30,Green-CA-dNBR_20250730_235959.tif,https://bin.ssec.wisc.edu/pub/realearth/brisk/2025/Green-CA-dNBR_20250730_235959.tif
Green,CA,2025-07-31,Green-CA-dNBR_20250731_235959.tif,https://bin.ssec.wisc.edu/pub/realearth/brisk/2025/Green-CA-dNBR_20250731_235959.tif
Green,CA,2025-08-01,Green-CA-dNBR_20250801_235959.tif,https://bin.ssec.wisc.edu/pub/realearth/brisk/2025/Green-CA-dNBR_20250801_235959.tif
Green,CA,2025-08-02,Green-CA-dNBR_20250802_235959.tif,https://bin.ssec.wisc.edu/pub/realearth/brisk/2025/Green-CA-dNBR_20250802_235959.tif
Green,CA,2025-08-03,Green-CA-dNBR_20250803_235959.tif,https://bin.ssec.wisc.edu/pub/realearth/brisk/2025/Green-CA-dNBR_20250803_235959.tif
Green,CA,2025-08-04,Green-CA-dNBR_20250804_235959.tif,https://bin.ssec.wisc.edu/pub/realearth/brisk/2025/Green-CA-dNBR_20250804_235959.tif
Green,CA,2025-08-05,Green-CA-dNBR_20250805_235959.tif,https://bin.ssec.wisc.edu/pub/realearth/brisk/2025/Green-CA-dNBR_20250805_235959.tif
Green,CA,2025-08-06,Green-CA-dNBR_20250806_235959.tif,https://bin.ssec.wisc.edu/pub/realearth/brisk/2025/Green-CA-dNBR_20250806_235959.tif
Green,CA,2025-08-07,Green-CA-dNBR_20250807_235959.tif,https://bin.ssec.wisc.edu/pub/realearth/brisk/2025/Green-CA-dNBR_20250807_235959.tif
Green,CA,2025-08-08,Green-CA-dNBR_20250808_235959.tif,https://bin.ssec.wisc.edu/pub/realearth/brisk/2025/Green-CA-dNBR_20250808_235959.tif
Green,CA,2025-08-09,Green-CA-dNBR_20250809_235959.tif,https://bin.ssec.wisc.edu/pub/realearth/brisk/2025/Green-CA-dNBR_20250809_235959.tif
Green,CA,2025-08-10,Green-CA-dNBR_20250810_235959.tif,https://bin.ssec.wisc.edu/pub/realearth/brisk/2025/Green-CA-dNBR_20250810_235959.tif
Green,CA,2025-08-11,Green-CA-dNBR_20250811_235959.tif,https://bin.ssec.wisc.edu/pub/realearth/brisk/2025/Green-CA-dNBR_20250811_235959.tif
Green,CA,2025-08-12,Green-CA-dNBR_20250812_235959.tif,https://bin.ssec.wisc.edu/pub/realearth/brisk/2025/Green-CA-dNBR_20250812_235959.tif
Green,CA,2025-08-13,Green-CA-dNBR_20250813_235959.tif,https://bin.ssec.wisc.edu/pub/realearth/brisk/2025/Green-CA-dNBR_20250813_235959.tif
Green,CA,2025-08-14,Green-CA-dNBR_20250814_235959.tif,https://bin.ssec.wisc.edu/pub/realearth/brisk/2025/Green-CA-dNBR_20250814_235959.tif
Green,CA,2025-08-15,Green-CA-dNBR_20250815_235959.tif,https://bin.ssec.wisc.edu/pub/realearth/brisk/2025/Green-CA-dNBR_20250815_235959.tif
Green,CA,2025-08-16,Green-CA-dNBR_20250816_235959.tif,https://bin.ssec.wisc.edu/pub/realearth/brisk/2025/Green-CA-dNBR_20250816_235959.tif
Green,CA,2025-08-17,Green-CA-dNBR_20250817_235959.tif,https://bin.ssec.wisc.edu/pub/realearth/brisk/2025/Green-CA-dNBR_20250817_235959.tif
Green,CA,2025-08-18,Green-CA-dNBR_20250818_235959.tif,https://bin.ssec.wisc.edu/pub/realearth/brisk/2025/Green-CA-dNBR_20250818_235959.tif
Green,CA,2025-08-19,Green-CA-dNBR_20250819_235959.tif,https://bin.ssec.wisc.edu/pub/realearth/brisk/2025/Green-CA-dNBR_20250819_235959.tif
Green,CA,2025-08-20,Green-CA-dNBR_20250820_235959.tif,https://bin.ssec.wisc.edu/pub/realearth/brisk/2025/Green-CA-dNBR_20250820_235959.tif
Green,CA,2025-08-21,Green-CA-dNBR_20250821_235959.tif,https://bin.ssec.wisc.edu/pub/realearth/brisk/2025/Green-CA-dNBR_20250821_235959.tif
Green,CA,2025-08-22,Green-CA-dNBR_20250822_235959.tif,https://bin.ssec.wisc.edu/pub/realearth/brisk/2025/Green-CA-dNBR_20250822_235959.tif
Green,CA,2025-08-23,Green-CA-dNBR_20250823_235959.tif,https://bin.ssec.wisc.edu/pub/realearth/brisk/2025/Green-CA-dNBR_20250823_235959.tif
Green,CA,2025-08-24,Green-CA-dNBR_20250824_235959.tif,https://bin.ssec.wisc.edu/pub/realearth/brisk/2025/Green-CA-dNBR_20250824_235959.tif
Green,CA,2025-08-25,Green-CA-dNBR_20250825_235959.tif,https://bin.ssec.wisc.edu/pub/realearth/brisk/2025/Green-CA-dNBR_20250825_235959.tif
Green,CA,2025-08-26,Green-CA-dNBR_20250826_235959.tif,https://bin.ssec.wisc.edu/pub/realearth/brisk/2025/Green-CA-dNBR_20250826_235959.tif
Greer,AZ,2025-05-14,Greer-AZ-dNBR_20250514_235959.tif,https://bin.ssec.wisc.edu/pub/realearth/brisk/2025/Greer-AZ-dNBR_20250514_235959.tif
Greer,AZ,2025-05-15,Greer-AZ-dNBR_20250515_235959.tif,https://bin.ssec.wisc.edu/pub/realearth/brisk/2025/Greer-AZ-dNBR_20250515_235959.tif
Greer,AZ,2025-05-16,Greer-AZ-dNBR_20250516_235959.tif,https://bin.ssec.wisc.edu/pub/realearth/brisk/2025/Greer-AZ-dNBR_20250516_235959.tif
Greer,AZ,2025-05-17,Greer-AZ-dNBR_20250517_235959.tif,https://bin.ssec.wisc.edu/pub/realearth/brisk/2025/Greer-AZ-dNBR_20250517_235959.tif
Greer,AZ,2025-05-18,Greer-AZ-dNBR_20250518_235959.tif,https://bin.ssec.wisc.edu/pub/realearth/brisk/2025/Greer-AZ-dNBR_20250518_235959.tif
Greer,AZ,2025-05-19,Greer-AZ-dNBR_20250519_235959.tif,https://bin.ssec.wisc.edu/pub/realearth/brisk/2025/Greer-AZ-dNBR_20250519_235959.tif
Greer,AZ,2025-05-20,Greer-AZ-dNBR_20250520_235959.tif,https://bin.ssec.wisc.edu/pub/realearth/brisk/2025/Greer-AZ-dNBR_20250520_235959.tif
Greer,AZ,2025-05-21,Greer-AZ-dNBR_20250521_235959.tif,https://bin.ssec.wisc.edu/pub/realearth/brisk/2025/Greer-AZ-dNBR_20250521_235959.tif
Greer,AZ,2025-05-22,Greer-AZ-dNBR_20250522_235959.tif,https://bin.ssec.wisc.edu/pub/realearth/brisk/2025/Greer-AZ-dNBR_20250522_235959.tif
Greer,AZ,2025-05-23,Greer-AZ-dNBR_20250523_235959.tif,https://bin.ssec.wisc.edu/pub/realearth/brisk/2025/Greer-AZ-dNBR_20250523_235959.tif
Greer,AZ,2025-05-24,Greer-AZ-dNBR_20250524_235959.tif,https://bin.ssec.wisc.edu/pub/realearth/brisk/2025/Greer-AZ-dNBR_20250524_235959.tif
Greer,AZ,2025-05-25,Greer-AZ-dNBR_20250525_235959.tif,https://bin.ssec.wisc.edu/pub/realearth/brisk/2025/Greer-AZ-dNBR_20250525_235959.tif
Greer,AZ,2025-05-26,Greer-AZ-dNBR_20250526_235959.tif,https://bin.ssec.wisc.edu/pub/realearth/brisk/2025/Greer-AZ-dNBR_20250526_235959.tif
Greer,AZ,2025-05-27,Greer-AZ-dNBR_20250527_235959.tif,https://bin.ssec.wisc.edu/pub/realearth/brisk/2025/Greer-AZ-dNBR_20250527_235959.tif
Greer,AZ,2025-05-28,Greer-AZ-dNBR_20250528_235959.tif,https://bin.ssec.wisc.edu/pub/realearth/brisk/2025/Greer-AZ-dNBR_20250528_235959.tif
Greer,AZ,2025-05-29,Greer-AZ-dNBR_20250529_235959.tif,https://bin.ssec.wisc.edu/pub/realearth/brisk/2025/Greer-AZ-dNBR_20250529_235959.tif
Greer,AZ,2025-05-30,Greer-AZ-dNBR_20250530_235959.tif,https://bin.ssec.wisc.edu/pub/realearth/brisk/2025/Greer-AZ-dNBR_20250530_235959.tif
Greer,AZ,2025-05-31,Greer-AZ-dNBR_20250531_235959.tif,https://bin.ssec.wisc.edu/pub/realearth/brisk/2025/Greer-AZ-dNBR_20250531_235959.tif
Greer,AZ,2025-06-01,Greer-AZ-dNBR_20250601_235959.tif,https://bin.ssec.wisc.edu/pub/realearth/brisk/2025/Greer-AZ-dNBR_20250601_235959.tif
Greer,AZ,2025-06-02,Greer-AZ-dNBR_20250602_235959.tif,https://bin.ssec.wisc.edu/pub/realearth/brisk/2025/Greer-AZ-dNBR_20250602_235959.tif
Greer,AZ,2025-06-03,Greer-AZ-dNBR_20250603_235959.tif,https://bin.ssec.wisc.edu/pub/realearth/brisk/2025/Greer-AZ-dNBR_20250603_235959.tif
Greer,AZ,2025-06-04,Greer-AZ-dNBR_20250604_235959.tif,https://bin.ssec.wisc.edu/pub/realearth/brisk/2025/Greer-AZ-dNBR_20250604_235959.tif
Greer,AZ,2025-06-05,Greer-AZ-dNBR_20250605_235959.tif,https://bin.ssec.wisc.edu/pub/realearth/brisk/2025/Greer-AZ-dNBR_20250605_235959.tif
Greer,AZ,2025-06-06,Greer-AZ-dNBR_20250606_235959.tif,https://bin.ssec.wisc.edu/pub/realearth/brisk/2025/Greer-AZ-dNBR_20250606_235959.tif
Greer,AZ,2025-06-07,Greer-AZ-dNBR_20250607_235959.tif,https://bin.ssec.wisc.edu/pub/realearth/brisk/2025/Greer-AZ-dNBR_20250607_235959.tif
Greer,AZ,2025-06-08,Greer-AZ-dNBR_20250608_235959.tif,https://bin.ssec.wisc.edu/pub/realearth/brisk/2025/Greer-AZ-dNBR_20250608_235959.tif
Greer,AZ,2025-06-09,Greer-AZ-dNBR_20250609_235959.tif,https://bin.ssec.wisc.edu/pub/realearth/brisk/2025/Greer-AZ-dNBR_20250609_235959.tif
Greer,AZ,2025-06-10,Greer-AZ-dNBR_20250610_235959.tif,https://bin.ssec.wisc.edu/pub/realearth/brisk/2025/Greer-AZ-dNBR_20250610_235959.tif
Greer,AZ,2025-06-11,Greer-AZ-dNBR_20250611_235959.tif,https://bin.ssec.wisc.edu/pub/realearth/brisk/2025/Greer-AZ-dNBR_20250611_235959.tif
Greer,AZ,2025-06-12,Greer-AZ-dNBR_20250612_235959.tif,https://bin.ssec.wisc.edu/pub/realearth/brisk/2025/Greer-AZ-dNBR_20250612_235959.tif
Greer,AZ,2025-06-14,Greer-AZ-dNBR_20250614_235959.tif,https://bin.ssec.wisc.edu/pub/realearth/brisk/2025/Greer-AZ-dNBR_20250614_235959.tif
Greer,AZ,2025-06-15,Greer-AZ-dNBR_20250615_235959.tif,https://bin.ssec.wisc.edu/pub/realearth/brisk/2025/Greer-AZ-dNBR_20250615_235959.tif
Greer,AZ,2025-06-16,Greer-AZ-dNBR_20250616_235959.tif,https://bin.ssec.wisc.edu/pub/realearth/brisk/2025/Greer-AZ-dNBR_20250616_235959.tif
Greer,AZ,2025-06-17,Greer-AZ-dNBR_20250617_235959.tif,https://bin.ssec.wisc.edu/pub/realearth/brisk/2025/Greer-AZ-dNBR_20250617_235959.tif
Greer,AZ,2025-06-18,Greer-AZ-dNBR_20250618_235959.tif,https://bin.ssec.wisc.edu/pub/realearth/brisk/2025/Greer-AZ-dNBR_20250618_235959.tif
Greer,AZ,2025-06-19,Greer-AZ-dNBR_20250619_235959.tif,https://bin.ssec.wisc.edu/pub/realearth/brisk/2025/Greer-AZ-dNBR_20250619_235959.tif
Greer,AZ,2025-06-20,Greer-AZ-dNBR_20250620_235959.tif,https://bin.ssec.wisc.edu/pub/realearth/brisk/2025/Greer-AZ-dNBR_20250620_235959.tif
Hope,WA,2025-07-12,Hope-WA-dNBR_20250712_235959.tif,https://bin.ssec.wisc.edu/pub/realearth/brisk/2025/Hope-WA-dNBR_20250712_235959.tif
Hope,WA,2025-07-13,Hope-WA-dNBR_20250713_235959.tif,https://bin.ssec.wisc.edu/pub/realearth/brisk/2025/Hope-WA-dNBR_20250713_235959.tif
Hope,WA,2025-07-14,Hope-WA-dNBR_20250714_235959.tif,https://bin.ssec.wisc.edu/pub/realearth/brisk/2025/Hope-WA-dNBR_20250714_235959.tif
Hope,WA,2025-07-15,Hope-WA-dNBR_20250715_235959.tif,https://bin.ssec.wisc.edu/pub/realearth/brisk/2025/Hope-WA-dNBR_20250715_235959.tif
Hope,WA,2025-07-16,Hope-WA-dNBR_20250716_235959.tif,https://bin.ssec.wisc.edu/pub/realearth/brisk/2025/Hope-WA-dNBR_20250716_235959.tif
Hope,WA,2025-07-17,Hope-WA-dNBR_20250717_235959.tif,https://bin.ssec.wisc.edu/pub/realearth/brisk/2025/Hope-WA-dNBR_20250717_235959.tif
Hope,WA,2025-07-18,Hope-WA-dNBR_20250718_235959.tif,https://bin.ssec.wisc.edu/pub/realearth/brisk/2025/Hope-WA-dNBR_20250718_235959.tif
Hope,WA,2025-07-19,Hope-WA-dNBR_20250719_235959.tif,https://bin.ssec.wisc.edu/pub/realearth/brisk/2025/Hope-WA-dNBR_20250719_235959.tif
Hope,WA,2025-07-20,Hope-WA-dNBR_20250720_235959.tif,https://bin.ssec.wisc.edu/pub/realearth/brisk/2025/Hope-WA-dNBR_20250720_235959.tif
Hope,WA,2025-07-21,Hope-WA-dNBR_20250721_235959.tif,https://bin.ssec.wisc.edu/pub/realearth/brisk/2025/Hope-WA-dNBR_20250721_235959.tif
Hope,WA,2025-07-22,Hope-WA-dNBR_20250722_235959.tif,https://bin.ssec.wisc.edu/pub/realearth/brisk/2025/Hope-WA-dNBR_20250722_235959.tif
Hope,WA,2025-07-23,Hope-WA-dNBR_20250723_235959.tif,https://bin.ssec.wisc.edu/pub/realearth/brisk/2025/Hope-WA-dNBR_20250723_235959.tif
Hope,WA,2025-07-24,Hope-WA-dNBR_20250724_235959.tif,https://bin.ssec.wisc.edu/pub/realearth/brisk/2025/Hope-WA-dNBR_20250724_235959.tif
Hope,WA,2025-07-25,Hope-WA-dNBR_20250725_235959.tif,https://bin.ssec.wisc.edu/pub/realearth/brisk/2025/Hope-WA-dNBR_20250725_235959.tif
Hope,WA,2025-07-26,Hope-WA-dNBR_20250726_235959.tif,https://bin.ssec.wisc.edu/pub/realearth/brisk/2025/Hope-WA-dNBR_20250726_235959.tif
Hope,WA,2025-07-27,Hope-WA-dNBR_20250727_235959.tif,https://bin.ssec.wisc.edu/pub/realearth/brisk/2025/Hope-WA-dNBR_20250727_235959.tif
Hope,WA,2025-07-28,Hope-WA-dNBR_20250728_235959.tif,https://bin.ssec.wisc.edu/pub/realearth/brisk/2025/Hope-WA-dNBR_20250728_235959.tif
Hope,WA,2025-07-29,Hope-WA-dNBR_20250729_235959.tif,https://bin.ssec.wisc.edu/pub/realearth/brisk/2025/Hope-WA-dNBR_20250729_235959.tif
Hope,WA,2025-07-30,Hope-WA-dNBR_20250730_235959.tif,https://bin.ssec.wisc.edu/pub/realearth/brisk/2025/Hope-WA-dNBR_20250730_235959.tif
Hope,WA,2025-07-31,Hope-WA-dNBR_20250731_235959.tif,https://bin.ssec.wisc.edu/pub/realearth/brisk/2025/Hope-WA-dNBR_20250731_235959.tif
Hope,WA,2025-08-01,Hope-WA-dNBR_20250801_235959.tif,https://bin.ssec.wisc.edu/pub/realearth/brisk/2025/Hope-WA-dNBR_20250801_235959.tif
Hope,WA,2025-08-02,Hope-WA-dNBR_20250802_235959.tif,https://bin.ssec.wisc.edu/pub/realearth/brisk/2025/Hope-WA-dNBR_20250802_235959.tif
Hope,WA,2025-08-03,Hope-WA-dNBR_20250803_235959.tif,https://bin.ssec.wisc.edu/pub/realearth/brisk/2025/Hope-WA-dNBR_20250803_235959.tif
Hope,WA,2025-08-04,Hope-WA-dNBR_20250804_235959.tif,https://bin.ssec.wisc.edu/pub/realearth/brisk/2025/Hope-WA-dNBR_20250804_235959.tif
Hope,WA,2025-08-05,Hope-WA-dNBR_20250805_235959.tif,https://bin.ssec.wisc.edu/pub/realearth/brisk/2025/Hope-WA-dNBR_20250805_235959.tif
Hope,WA,2025-08-06,Hope-WA-dNBR_20250806_235959.tif,https://bin.ssec.wisc.edu/pub/realearth/brisk/2025/Hope-WA-dNBR_20250806_235959.tif
Hope,WA,2025-08-07,Hope-WA-dNBR_20250807_235959.tif,https://bin.ssec.wisc.edu/pub/realearth/brisk/2025/Hope-WA-dNBR_20250807_235959.tif
Hope,WA,2025-08-08,Hope-WA-dNBR_20250808_235959.tif,https://bin.ssec.wisc.edu/pub/realearth/brisk/2025/Hope-WA-dNBR_20250808_235959.tif
Hope,WA,2025-08-09,Hope-WA-dNBR_20250809_235959.tif,https://bin.ssec.wisc.edu/pub/realearth/brisk/2025/Hope-WA-dNBR_20250809_235959.tif
Hope,WA,2025-08-10,Hope-WA-dNBR_20250810_235959.tif,https://bin.ssec.wisc.edu/pub/realearth/brisk/2025/Hope-WA-dNBR_20250810_235959.tif
Hope,WA,2025-08-11,Hope-WA-dNBR_20250811_235959.tif,https://bin.ssec.wisc.edu/pub/realearth/brisk/2025/Hope-WA-dNBR_20250811_235959.tif
Hope,WA,2025-08-12,Hope-WA-dNBR_20250812_235959.tif,https://bin.ssec.wisc.edu/pub/realearth/brisk/2025/Hope-WA-dNBR_20250812_235959.tif
Hope,WA,2025-08-13,Hope-WA-dNBR_20250813_235959.tif,https://bin.ssec.wisc.edu/pub/realearth/brisk/2025/Hope-WA-dNBR_20250813_235959.tif
Hot-Canyon,NV,2025-07-09,Hot-Canyon-NV-dNBR_20250709_235959.tif,https://bin.ssec.wisc.edu/pub/realearth/brisk/2025/Hot-Canyon-NV-dNBR_20250709_235959.tif
Hot-Canyon,NV,2025-07-10,Hot-Canyon-NV-dNBR_20250710_235959.tif,https://bin.ssec.wisc.edu/pub/realearth/brisk/2025/Hot-Canyon-NV-dNBR_20250710_235959.tif
Hot-Canyon,NV,2025-07-11,Hot-Canyon-NV-dNBR_20250711_235959.tif,https://bin.ssec.wisc.edu/pub/realearth/brisk/2025/Hot-Canyon-NV-dNBR_20250711_235959.tif
Hot-Canyon,NV,2025-07-12,Hot-Canyon-NV-dNBR_20250712_235959.tif,https://bin.ssec.wisc.edu/pub/realearth/brisk/2025/Hot-Canyon-NV-dNBR_20250712_235959.tif
Hot-Canyon,NV,2025-07-13,Hot-Canyon-NV-dNBR_20250713_235959.tif,https://bin.ssec.wisc.edu/pub/realearth/brisk/2025/Hot-Canyon-NV-dNBR_20250713_235959.tif
Hot-Canyon,NV,2025-07-14,Hot-Canyon-NV-dNBR_20250714_235959.tif,https://bin.ssec.wisc.edu/pub/realearth/brisk/2025/Hot-Canyon-NV-dNBR_20250714_235959.tif
Hot-Canyon,NV,2025-07-15,Hot-Canyon-NV-dNBR_20250715_235959.tif,https://bin.ssec.wisc.edu/pub/realearth/brisk/2025/Hot-Canyon-NV-dNBR_20250715_235959.tif
Hot-Canyon,NV,2025-07-16,Hot-Canyon-NV-dNBR_20250716_235959.tif,https://bin.ssec.wisc.edu/pub/realearth/brisk/2025/Hot-Canyon-NV-dNBR_20250716_235959.tif
Hot-Canyon,NV,2025-07-17,Hot-Canyon-NV-dNBR_20250717_235959.tif,https://bin.ssec.wisc.edu/pub/realearth/brisk/2025/Hot-Canyon-NV-dNBR_20250717_235959.tif
Hot-Canyon,NV,2025-07-18,Hot-Canyon-NV-dNBR_20250718_235959.tif,https://bin.ssec.wisc.edu/pub/realearth/brisk/2025/Hot-Canyon-NV-dNBR_20250718_235959.tif
Hot-Canyon,NV,2025-07-19,Hot-Canyon-NV-dNBR_20250719_235959.tif,https://bin.ssec.wisc.edu/pub/realearth/brisk/2025/Hot-Canyon-NV-dNBR_20250719_235959.tif
Hot-Canyon,NV,2025-07-20,Hot-Canyon-NV-dNBR_20250720_235959.tif,https://bin.ssec.wisc.edu/pub/realearth/brisk/2025/Hot-Canyon-NV-dNBR_20250720_235959.tif
Hot-Canyon,NV,2025-07-21,Hot-Canyon-NV-dNBR_20250721_235959.tif,https://bin.ssec.wisc.edu/pub/realearth/brisk/2025/Hot-Canyon-NV-dNBR_20250721_235959.tif
Hot-Canyon,NV,2025-07-22,Hot-Canyon-NV-dNBR_20250722_235959.tif,https://bin.ssec.wisc.edu/pub/realearth/brisk/2025/Hot-Canyon-NV-dNBR_20250722_235959.tif
Hot-Canyon,NV,2025-07-23,Hot-Canyon-NV-dNBR_20250723_235959.tif,https://bin.ssec.wisc.edu/pub/realearth/brisk/2025/Hot-Canyon-NV-dNBR_20250723_235959.tif
Hot-Canyon,NV,2025-07-24,Hot-Canyon-NV-dNBR_20250724_235959.tif,https://bin.ssec.wisc.edu/pub/realearth/brisk/2025/Hot-Canyon-NV-dNBR_20250724_235959.tif
Hot-Canyon,NV,2025-07-25,Hot-Canyon-NV-dNBR_20250725_235959.tif,https://bin.ssec.wisc.edu/pub/realearth/brisk/2025/Hot-Canyon-NV-dNBR_20250725_235959.tif
Hot-Canyon,NV,2025-07-26,Hot-Canyon-NV-dNBR_20250726_235959.tif,https://bin.ssec.wisc.edu/pub/realearth/brisk/2025/Hot-Canyon-NV-dNBR_20250726_235959.tif
Hot-Canyon,NV,2025-07-27,Hot-Canyon-NV-dNBR_20250727_235959.tif,https://bin.ssec.wisc.edu/pub/realearth/brisk/2025/Hot-Canyon-NV-dNBR_20250727_235959.tif
Hot-Canyon,NV,2025-07-28,Hot-Canyon-NV-dNBR_20250728_235959.tif,https://bin.ssec.wisc.edu/pub/realearth/brisk/2025/Hot-Canyon-NV-dNBR_20250728_235959.tif
Hot-Canyon,NV,2025-07-29,Hot-Canyon-NV-dNBR_20250729_235959.tif,https://bin.ssec.wisc.edu/pub/realearth/brisk/2025/Hot-Canyon-NV-dNBR_20250729_235959.tif
Hot-Canyon,NV,2025-07-30,Hot-Canyon-NV-dNBR_20250730_235959.tif,https://bin.ssec.wisc.edu/pub/realearth/brisk/2025/Hot-Canyon-NV-dNBR_20250730_235959.tif
Hot-Canyon,NV,2025-07-31,Hot-Canyon-NV-dNBR_20250731_235959.tif,https://bin.ssec.wisc.edu/pub/realearth/brisk/2025/Hot-Canyon-NV-dNBR_20250731_235959.tif
Hot-Canyon,NV,2025-08-01,Hot-Canyon-NV-dNBR_20250801_235959.tif,https://bin.ssec.wisc.edu/pub/realearth/brisk/2025/Hot-Canyon-NV-dNBR_20250801_235959.tif
Hot-Canyon,NV,2025-08-02,Hot-Canyon-NV-dNBR_20250802_235959.tif,https://bin.ssec.wisc.edu/pub/realearth/brisk/2025/Hot-Canyon-NV-dNBR_20250802_235959.tif
Hot-Canyon,NV,2025-08-03,Hot-Canyon-NV-dNBR_20250803_235959.tif,https://bin.ssec.wisc.edu/pub/realearth/brisk/2025/Hot-Canyon-NV-dNBR_20250803_235959.tif
Hot-Canyon,NV,2025-08-04,Hot-Canyon-NV-dNBR_20250804_235959.tif,https://bin.ssec.wisc.edu/pub/realearth/brisk/2025/Hot-Canyon-NV-dNBR_20250804_235959.tif
Hot-Canyon,NV,2025-08-05,Hot-Canyon-NV-dNBR_20250805_235959.tif,https://bin.ssec.wisc.edu/pub/realearth/brisk/2025/Hot-Canyon-NV-dNBR_20250805_235959.tif
Island-Creek,ID,2025-08-22,Island-Creek-ID-dNBR_20250822_235959.tif,https://bin.ssec.wisc.edu/pub/realearth/brisk/2025/Island-Creek-ID-dNBR_20250822_235959.tif
Island-Creek,ID,2025-08-23,Island-Creek-ID-dNBR_20250823_235959.tif,https://bin.ssec.wisc.edu/pub/realearth/brisk/2025/Island-Creek-ID-dNBR_20250823_235959.tif
Island-Creek,ID,2025-08-24,Island-Creek-ID-dNBR_20250824_235959.tif,https://bin.ssec.wisc.edu/pub/realearth/brisk/2025/Island-Creek-ID-dNBR_20250824_235959.tif
Island-Creek,ID,2025-08-25,Island-Creek-ID-dNBR_20250825_235959.tif,https://bin.ssec.wisc.edu/pub/realearth/brisk/2025/Island-Creek-ID-dNBR_20250825_235959.tif
Island-Creek,ID,2025-08-26,Island-Creek-ID-dNBR_20250826_235959.tif,https://bin.ssec.wisc.edu/pub/realearth/brisk/2025/Island-Creek-ID-dNBR_20250826_235959.tif
Island-Creek,ID,2025-09-01,Island-Creek-ID-dNBR_20250901_235959.tif,https://bin.ssec.wisc.edu/pub/realearth/brisk/2025/Island-Creek-ID-dNBR_20250901_235959.tif
Island-Creek,ID,2025-09-02,Island-Creek-ID-dNBR_20250902_235959.tif,https://bin.ssec.wisc.edu/pub/realearth/brisk/2025/Island-Creek-ID-dNBR_20250902_235959.tif
Island-Creek,ID,2025-09-03,Island-Creek-ID-dNBR_20250903_235959.tif,https://bin.ssec.wisc.edu/pub/realearth/brisk/2025/Island-Creek-ID-dNBR_20250903_235959.tif
Island-Creek,ID,2025-09-04,Island-Creek-ID-dNBR_20250904_235959.tif,https://bin.ssec.wisc.edu/pub/realearth/brisk/2025/Island-Creek-ID-dNBR_20250904_235959.tif
Island-Creek,ID,2025-09-05,Island-Creek-ID-dNBR_20250905_235959.tif,https://bin.ssec.wisc.edu/pub/realearth/brisk/2025/Island-Creek-ID-dNBR_20250905_235959.tif
Island-Creek,ID,2025-09-06,Island-Creek-ID-dNBR_20250906_235959.tif,https://bin.ssec.wisc.edu/pub/realearth/brisk/2025/Island-Creek-ID-dNBR_20250906_235959.tif
Island-Creek,ID,2025-09-07,Island-Creek-ID-dNBR_20250907_235959.tif,https://bin.ssec.wisc.edu/pub/realearth/brisk/2025/Island-Creek-ID-dNBR_20250907_235959.tif
Island-Creek,ID,2025-09-08,Island-Creek-ID-dNBR_20250908_235959.tif,https://bin.ssec.wisc.edu/pub/realearth/brisk/2025/Island-Creek-ID-dNBR_20250908_235959.tif
Island-Creek,ID,2025-09-09,Island-Creek-ID-dNBR_20250909_235959.tif,https://bin.ssec.wisc.edu/pub/realearth/brisk/2025/Island-Creek-ID-dNBR_20250909_235959.tif
Island-Creek,ID,2025-09-10,Island-Creek-ID-dNBR_20250910_235959.tif,https://bin.ssec.wisc.edu/pub/realearth/brisk/2025/Island-Creek-ID-dNBR_20250910_235959.tif
Island-Creek,ID,2025-09-11,Island-Creek-ID-dNBR_20250911_235959.tif,https://bin.ssec.wisc.edu/pub/realearth/brisk/2025/Island-Creek-ID-dNBR_20250911_235959.tif
Island-Creek,ID,2025-09-12,Island-Creek-ID-dNBR_20250912_235959.tif,https://bin.ssec.wisc.edu/pub/realearth/brisk/2025/Island-Creek-ID-dNBR_20250912_235959.tif
Island-Creek,ID,2025-09-13,Island-Creek-ID-dNBR_20250913_235959.tif,https://bin.ssec.wisc.edu/pub/realearth/brisk/2025/Island-Creek-ID-dNBR_20250913_235959.tif
Island-Creek,ID,2025-09-14,Island-Creek-ID-dNBR_20250914_235959.tif,https://bin.ssec.wisc.edu/pub/realearth/brisk/2025/Island-Creek-ID-dNBR_20250914_235959.tif
Island-Creek,ID,2025-09-15,Island-Creek-ID-dNBR_20250915_235959.tif,https://bin.ssec.wisc.edu/pub/realearth/brisk/2025/Island-Creek-ID-dNBR_20250915_235959.tif
Island-Creek,ID,2025-09-16,Island-Creek-ID-dNBR_20250916_235959.tif,https://bin.ssec.wisc.edu/pub/realearth/brisk/2025/Island-Creek-ID-dNBR_20250916_235959.tif
Island-Creek,ID,2025-09-17,Island-Creek-ID-dNBR_20250917_235959.tif,https://bin.ssec.wisc.edu/pub/realearth/brisk/2025/Island-Creek-ID-dNBR_20250917_235959.tif
Island-Creek,ID,2025-09-18,Island-Creek-ID-dNBR_20250918_235959.tif,https://bin.ssec.wisc.edu/pub/realearth/brisk/2025/Island-Creek-ID-dNBR_20250918_235959.tif
Island-Creek,ID,2025-09-19,Island-Creek-ID-dNBR_20250919_235959.tif,https://bin.ssec.wisc.edu/pub/realearth/brisk/2025/Island-Creek-ID-dNBR_20250919_235959.tif
Island-Creek,ID,2025-09-20,Island-Creek-ID-dNBR_20250920_235959.tif,https://bin.ssec.wisc.edu/pub/realearth/brisk/2025/Island-Creek-ID-dNBR_20250920_235959.tif
Island-Creek,ID,2025-09-21,Island-Creek-ID-dNBR_20250921_235959.tif,https://bin.ssec.wisc.edu/pub/realearth/brisk/2025/Island-Creek-ID-dNBR_20250921_235959.tif
Island-Creek,ID,2025-09-22,Island-Creek-ID-dNBR_20250922_235959.tif,https://bin.ssec.wisc.edu/pub/realearth/brisk/2025/Island-Creek-ID-dNBR_20250922_235959.tif
Island-Creek,ID,2025-09-24,Island-Creek-ID-dNBR_20250924_235959.tif,https://bin.ssec.wisc.edu/pub/realearth/brisk/2025/Island-Creek-ID-dNBR_20250924_235959.tif
Island-Creek,ID,2025-09-25,Island-Creek-ID-dNBR_20250925_235959.tif,https://bin.ssec.wisc.edu/pub/realearth/brisk/2025/Island-Creek-ID-dNBR_20250925_235959.tif
Island-Creek,ID,2025-09-26,Island-Creek-ID-dNBR_20250926_235959.tif,https://bin.ssec.wisc.edu/pub/realearth/brisk/2025/Island-Creek-ID-dNBR_20250926_235959.tif
Island-Creek,ID,2025-09-27,Island-Creek-ID-dNBR_20250927_235959.tif,https://bin.ssec.wisc.edu/pub/realearth/brisk/2025/Island-Creek-ID-dNBR_20250927_235959.tif
Island-Creek,ID,2025-09-28,Island-Creek-ID-dNBR_20250928_235959.tif,https://bin.ssec.wisc.edu/pub/realearth/brisk/2025/Island-Creek-ID-dNBR_20250928_235959.tif
Island-Creek,ID,2025-09-29,Island-Creek-ID-dNBR_20250929_235959.tif,https://bin.ssec.wisc.edu/pub/realearth/brisk/2025/Island-Creek-ID-dNBR_20250929_235959.tif
Island-Creek,ID,2025-09-30,Island-Creek-ID-dNBR_20250930_235959.tif,https://bin.ssec.wisc.edu/pub/realearth/brisk/2025/Island-Creek-ID-dNBR_20250930_235959.tif
Island-Creek,ID,2025-10-01,Island-Creek-ID-dNBR_20251001_235959.tif,https://bin.ssec.wisc.edu/pub/realearth/brisk/2025/Island-Creek-ID-dNBR_20251001_235959.tif
Island-Creek,ID,2025-10-02,Island-Creek-ID-dNBR_20251002_235959.tif,https://bin.ssec.wisc.edu/pub/realearth/brisk/2025/Island-Creek-ID-dNBR_20251002_235959.tif
Island-Creek,ID,2025-10-06,Island-Creek-ID-dNBR_20251006_235959.tif,https://bin.ssec.wisc.edu/pub/realearth/brisk/2025/Island-Creek-ID-dNBR_20251006_235959.tif
Island-Creek,ID,2025-10-09,Island-Creek-ID-dNBR_20251009_235959.tif,https://bin.ssec.wisc.edu/pub/realearth/brisk/2025/Island-Creek-ID-dNBR_20251009_235959.tif
Island-Creek,ID,2025-10-10,Island-Creek-ID-dNBR_20251010_235959.tif,https://bin.ssec.wisc.edu/pub/realearth/brisk/2025/Island-Creek-ID-dNBR_20251010_235959.tif
Island-Creek,ID,2025-10-11,Island-Creek-ID-dNBR_20251011_235959.tif,https://bin.ssec.wisc.edu/pub/realearth/brisk/2025/Island-Creek-ID-dNBR_20251011_235959.tif
Island-Creek,ID,2025-10-12,Island-Creek-ID-dNBR_20251012_235959.tif,https://bin.ssec.wisc.edu/pub/realearth/brisk/2025/Island-Creek-ID-dNBR_20251012_235959.tif
Island-Creek,ID,2025-10-13,Island-Creek-ID-dNBR_20251013_235959.tif,https://bin.ssec.wisc.edu/pub/realearth/brisk/2025/Island-Creek-ID-dNBR_20251013_235959.tif
Island-Creek,ID,2025-10-14,Island-Creek-ID-dNBR_20251014_235959.tif,https://bin.ssec.wisc.edu/pub/realearth/brisk/2025/Island-Creek-ID-dNBR_20251014_235959.tif
Island-Creek,ID,2025-10-16,Island-Creek-ID-dNBR_20251016_235959.tif,https://bin.ssec.wisc.edu/pub/realearth/brisk/2025/Island-Creek-ID-dNBR_20251016_235959.tif
Island-Creek,ID,2025-10-17,Island-Creek-ID-dNBR_20251017_235959.tif,https://bin.ssec.wisc.edu/pub/realearth/brisk/2025/Island-Creek-ID-dNBR_20251017_235959.tif
Island-Creek,ID,2025-10-18,Island-Creek-ID-dNBR_20251018_235959.tif,https://bin.ssec.wisc.edu/pub/realearth/brisk/2025/Island-Creek-ID-dNBR_20251018_235959.tif
Island-Creek,ID,2025-10-29,Island-Creek-ID-dNBR_20251029_235959.tif,https://bin.ssec.wisc.edu/pub/realearth/brisk/2025/Island-Creek-ID-dNBR_20251029_235959.tif
Island-Creek,ID,2025-11-05,Island-Creek-ID-dNBR_20251105_235959.tif,https://bin.ssec.wisc.edu/pub/realearth/brisk/2025/Island-Creek-ID-dNBR_20251105_235959.tif
Island-Creek,ID,2025-11-06,Island-Creek-ID-dNBR_20251106_235959.tif,https://bin.ssec.wisc.edu/pub/realearth/brisk/2025/Island-Creek-ID-dNBR_20251106_235959.tif
Island-Creek,ID,2025-11-07,Island-Creek-ID-dNBR_20251107_235959.tif,https://bin.ssec.wisc.edu/pub/realearth/brisk/2025/Island-Creek-ID-dNBR_20251107_235959.tif
Island-Creek,ID,2025-11-09,Island-Creek-ID-dNBR_20251109_235959.tif,https://bin.ssec.wisc.edu/pub/realearth/brisk/2025/Island-Creek-ID-dNBR_20251109_235959.tif
Island-Creek,ID,2025-11-10,Island-Creek-ID-dNBR_20251110_235959.tif,https://bin.ssec.wisc.edu/pub/realearth/brisk/2025/Island-Creek-ID-dNBR_20251110_235959.tif
Island-Creek,ID,2025-11-11,Island-Creek-ID-dNBR_20251111_235959.tif,https://bin.ssec.wisc.edu/pub/realearth/brisk/2025/Island-Creek-ID-dNBR_20251111_235959.tif
Island-Creek,ID,2025-11-12,Island-Creek-ID-dNBR_20251112_235959.tif,https://bin.ssec.wisc.edu/pub/realearth/brisk/2025/Island-Creek-ID-dNBR_20251112_235959.tif
Island-Creek,ID,2025-11-13,Island-Creek-ID-dNBR_20251113_235959.tif,https://bin.ssec.wisc.edu/pub/realearth/brisk/2025/Island-Creek-ID-dNBR_20251113_235959.tif
Island-Creek,ID,2025-11-14,Island-Creek-ID-dNBR_20251114_235959.tif,https://bin.ssec.wisc.edu/pub/realearth/brisk/2025/Island-Creek-ID-dNBR_20251114_235959.tif
Island-Creek,ID,2025-11-15,Island-Creek-ID-dNBR_20251115_235959.tif,https://bin.ssec.wisc.edu/pub/realearth/brisk/2025/Island-Creek-ID-dNBR_20251115_235959.tif
Island-Creek,ID,2025-11-16,Island-Creek-ID-dNBR_20251116_235959.tif,https://bin.ssec.wisc.edu/pub/realearth/brisk/2025/Island-Creek-ID-dNBR_20251116_235959.tif
Island-Creek,ID,2025-11-17,Island-Creek-ID-dNBR_20251117_235959.tif,https://bin.ssec.wisc.edu/pub/realearth/brisk/2025/Island-Creek-ID-dNBR_20251117_235959.tif
Island-Creek,ID,2025-11-18,Island-Creek-ID-dNBR_20251118_235959.tif,https://bin.ssec.wisc.edu/pub/realearth/brisk/2025/Island-Creek-ID-dNBR_20251118_235959.tif
Jakes,NV,2025-08-04,Jakes-NV-dNBR_20250804_235959.tif,https://bin.ssec.wisc.edu/pub/realearth/brisk/2025/Jakes-NV-dNBR_20250804_235959.tif
Jakes,NV,2025-08-05,Jakes-NV-dNBR_20250805_235959.tif,https://bin.ssec.wisc.edu/pub/realearth/brisk/2025/Jakes-NV-dNBR_20250805_235959.tif
Jakes,NV,2025-08-06,Jakes-NV-dNBR_20250806_235959.tif,https://bin.ssec.wisc.edu/pub/realearth/brisk/2025/Jakes-NV-dNBR_20250806_235959.tif
Jakes,NV,2025-08-07,Jakes-NV-dNBR_20250807_235959.tif,https://bin.ssec.wisc.edu/pub/realearth/brisk/2025/Jakes-NV-dNBR_20250807_235959.tif
Jakes,NV,2025-08-08,Jakes-NV-dNBR_20250808_235959.tif,https://bin.ssec.wisc.edu/pub/realearth/brisk/2025/Jakes-NV-dNBR_20250808_235959.tif
Jakes,NV,2025-08-09,Jakes-NV-dNBR_20250809_235959.tif,https://bin.ssec.wisc.edu/pub/realearth/brisk/2025/Jakes-NV-dNBR_20250809_235959.tif
Jakes,NV,2025-08-10,Jakes-NV-dNBR_20250810_235959.tif,https://bin.ssec.wisc.edu/pub/realearth/brisk/2025/Jakes-NV-dNBR_20250810_235959.tif
Jakes,NV,2025-08-11,Jakes-NV-dNBR_20250811_235959.tif,https://bin.ssec.wisc.edu/pub/realearth/brisk/2025/Jakes-NV-dNBR_20250811_235959.tif
Jakes,NV,2025-08-12,Jakes-NV-dNBR_20250812_235959.tif,https://bin.ssec.wisc.edu/pub/realearth/brisk/2025/Jakes-NV-dNBR_20250812_235959.tif
Jakes,NV,2025-08-13,Jakes-NV-dNBR_20250813_235959.tif,https://bin.ssec.wisc.edu/pub/realearth/brisk/2025/Jakes-NV-dNBR_20250813_235959.tif
Jakes,NV,2025-08-14,Jakes-NV-dNBR_20250814_235959.tif,https://bin.ssec.wisc.edu/pub/realearth/brisk/2025/Jakes-NV-dNBR_20250814_235959.tif
Jakes,NV,2025-08-15,Jakes-NV-dNBR_20250815_235959.tif,https://bin.ssec.wisc.edu/pub/realearth/brisk/2025/Jakes-NV-dNBR_20250815_235959.tif
Jakes,NV,2025-08-16,Jakes-NV-dNBR_20250816_235959.tif,https://bin.ssec.wisc.edu/pub/realearth/brisk/2025/Jakes-NV-dNBR_20250816_235959.tif
Jakes,NV,2025-09-16,Jakes-NV-dNBR_20250916_235959.tif,https://bin.ssec.wisc.edu/pub/realearth/brisk/2025/Jakes-NV-dNBR_20250916_235959.tif
Jakes,NV,2025-09-17,Jakes-NV-dNBR_20250917_235959.tif,https://bin.ssec.wisc.edu/pub/realearth/brisk/2025/Jakes-NV-dNBR_20250917_235959.tif
Jakes,NV,2025-09-18,Jakes-NV-dNBR_20250918_235959.tif,https://bin.ssec.wisc.edu/pub/realearth/brisk/2025/Jakes-NV-dNBR_20250918_235959.tif
Jakes,NV,2025-09-19,Jakes-NV-dNBR_20250919_235959.tif,https://bin.ssec.wisc.edu/pub/realearth/brisk/2025/Jakes-NV-dNBR_20250919_235959.tif
Jakes,NV,2025-09-20,Jakes-NV-dNBR_20250920_235959.tif,https://bin.ssec.wisc.edu/pub/realearth/brisk/2025/Jakes-NV-dNBR_20250920_235959.tif
Jakes,NV,2025-09-21,Jakes-NV-dNBR_20250921_235959.tif,https://bin.ssec.wisc.edu/pub/realearth/brisk/2025/Jakes-NV-dNBR_20250921_235959.tif
Jakes,NV,2025-09-22,Jakes-NV-dNBR_20250922_235959.tif,https://bin.ssec.wisc.edu/pub/realearth/brisk/2025/Jakes-NV-dNBR_20250922_235959.tif
Jakes,NV,2025-09-24,Jakes-NV-dNBR_20250924_235959.tif,https://bin.ssec.wisc.edu/pub/realearth/brisk/2025/Jakes-NV-dNBR_20250924_235959.tif
Jakes,NV,2025-09-25,Jakes-NV-dNBR_20250925_235959.tif,https://bin.ssec.wisc.edu/pub/realearth/brisk/2025/Jakes-NV-dNBR_20250925_235959.tif
Jakes,NV,2025-09-26,Jakes-NV-dNBR_20250926_235959.tif,https://bin.ssec.wisc.edu/pub/realearth/brisk/2025/Jakes-NV-dNBR_20250926_235959.tif
Jakes,NV,2025-09-27,Jakes-NV-dNBR_20250927_235959.tif,https://bin.ssec.wisc.edu/pub/realearth/brisk/2025/Jakes-NV-dNBR_20250927_235959.tif
Jakes,NV,2025-09-28,Jakes-NV-dNBR_20250928_235959.tif,https://bin.ssec.wisc.edu/pub/realearth/brisk/2025/Jakes-NV-dNBR_20250928_235959.tif
Jakes,NV,2025-09-29,Jakes-NV-dNBR_20250929_235959.tif,https://bin.ssec.wisc.edu/pub/realearth/brisk/2025/Jakes-NV-dNBR_20250929_235959.tif
Jakes,NV,2025-09-30,Jakes-NV-dNBR_20250930_235959.tif,https://bin.ssec.wisc.edu/pub/realearth/brisk/2025/Jakes-NV-dNBR_20250930_235959.tif
Jenkins-Creek,MN,2025-05-11,Jenkins-Creek-MN-dNBR_20250511_235959.tif,https://bin.ssec.wisc.edu/pub/realearth/brisk/2025/Jenkins-Creek-MN-dNBR_20250511_235959.tif
Jenkins-Creek,MN,2025-05-13,Jenkins-Creek-MN-dNBR_20250513_235959.tif,https://bin.ssec.wisc.edu/pub/realearth/brisk/2025/Jenkins-Creek-MN-dNBR_20250513_235959.tif
Jenkins-Creek,MN,2025-05-14,Jenkins-Creek-MN-dNBR_20250514_235959.tif,https://bin.ssec.wisc.edu/pub/realearth/brisk/2025/Jenkins-Creek-MN-dNBR_20250514_235959.tif
Jenkins-Creek,MN,2025-05-15,Jenkins-Creek-MN-dNBR_20250515_235959.tif,https://bin.ssec.wisc.edu/pub/realearth/brisk/2025/Jenkins-Creek-MN-dNBR_20250515_235959.tif
Jenkins-Creek,MN,2025-05-16,Jenkins-Creek-MN-dNBR_20250516_235959.tif,https://bin.ssec.wisc.edu/pub/realearth/brisk/2025/Jenkins-Creek-MN-dNBR_20250516_235959.tif
Jenkins-Creek,MN,2025-05-17,Jenkins-Creek-MN-dNBR_20250517_235959.tif,https://bin.ssec.wisc.edu/pub/realearth/brisk/2025/Jenkins-Creek-MN-dNBR_20250517_235959.tif
Jenkins-Creek,MN,2025-05-18,Jenkins-Creek-MN-dNBR_20250518_235959.tif,https://bin.ssec.wisc.edu/pub/realearth/brisk/2025/Jenkins-Creek-MN-dNBR_20250518_235959.tif
Jenkins-Creek,MN,2025-05-19,Jenkins-Creek-MN-dNBR_20250519_235959.tif,https://bin.ssec.wisc.edu/pub/realearth/brisk/2025/Jenkins-Creek-MN-dNBR_20250519_235959.tif
Jenkins-Creek,MN,2025-05-20,Jenkins-Creek-MN-dNBR_20250520_235959.tif,https://bin.ssec.wisc.edu/pub/realearth/brisk/2025/Jenkins-Creek-MN-dNBR_20250520_235959.tif
Jenkins-Creek,MN,2025-05-21,Jenkins-Creek-MN-dNBR_20250521_235959.tif,https://bin.ssec.wisc.edu/pub/realearth/brisk/2025/Jenkins-Creek-MN-dNBR_20250521_235959.tif
Jenkins-Creek,MN,2025-05-22,Jenkins-Creek-MN-dNBR_20250522_235959.tif,https://bin.ssec.wisc.edu/pub/realearth/brisk/2025/Jenkins-Creek-MN-dNBR_20250522_235959.tif
Jenkins-Creek,MN,2025-05-23,Jenkins-Creek-MN-dNBR_20250523_235959.tif,https://bin.ssec.wisc.edu/pub/realearth/brisk/2025/Jenkins-Creek-MN-dNBR_20250523_235959.tif
Jenkins-Creek,MN,2025-05-24,Jenkins-Creek-MN-dNBR_20250524_235959.tif,https://bin.ssec.wisc.edu/pub/realearth/brisk/2025/Jenkins-Creek-MN-dNBR_20250524_235959.tif
Jenkins-Creek,MN,2025-05-25,Jenkins-Creek-MN-dNBR_20250525_235959.tif,https://bin.ssec.wisc.edu/pub/realearth/brisk/2025/Jenkins-Creek-MN-dNBR_20250525_235959.tif
Jenkins-Creek,MN,2025-05-26,Jenkins-Creek-MN-dNBR_20250526_235959.tif,https://bin.ssec.wisc.edu/pub/realearth/brisk/2025/Jenkins-Creek-MN-dNBR_20250526_235959.tif
Jenkins-Creek,MN,2025-05-27,Jenkins-Creek-MN-dNBR_20250527_235959.tif,https://bin.ssec.wisc.edu/pub/realearth/brisk/2025/Jenkins-Creek-MN-dNBR_20250527_235959.tif
Jenkins-Creek,MN,2025-05-28,Jenkins-Creek-MN-dNBR_20250528_235959.tif,https://bin.ssec.wisc.edu/pub/realearth/brisk/2025/Jenkins-Creek-MN-dNBR_20250528_235959.tif
Jenkins-Creek,MN,2025-05-29,Jenkins-Creek-MN-dNBR_20250529_235959.tif,https://bin.ssec.wisc.edu/pub/realearth/brisk/2025/Jenkins-Creek-MN-dNBR_20250529_235959.tif
Jenkins-Creek,MN,2025-05-30,Jenkins-Creek-MN-dNBR_20250530_235959.tif,https://bin.ssec.wisc.edu/pub/realearth/brisk/2025/Jenkins-Creek-MN-dNBR_20250530_235959.tif
Jenkins-Creek,MN,2025-05-31,Jenkins-Creek-MN-dNBR_20250531_235959.tif,https://bin.ssec.wisc.edu/pub/realearth/brisk/2025/Jenkins-Creek-MN-dNBR_20250531_235959.tif
Jenkins-Creek,MN,2025-06-01,Jenkins-Creek-MN-dNBR_20250601_235959.tif,https://bin.ssec.wisc.edu/pub/realearth/brisk/2025/Jenkins-Creek-MN-dNBR_20250601_235959.tif
Jenkins-Creek,MN,2025-06-02,Jenkins-Creek-MN-dNBR_20250602_235959.tif,https://bin.ssec.wisc.edu/pub/realearth/brisk/2025/Jenkins-Creek-MN-dNBR_20250602_235959.tif
Jenkins-Creek,MN,2025-06-03,Jenkins-Creek-MN-dNBR_20250603_235959.tif,https://bin.ssec.wisc.edu/pub/realearth/brisk/2025/Jenkins-Creek-MN-dNBR_20250603_235959.tif
Jenkins-Creek,MN,2025-06-04,Jenkins-Creek-MN-dNBR_20250604_235959.tif,https://bin.ssec.wisc.edu/pub/realearth/brisk/2025/Jenkins-Creek-MN-dNBR_20250604_235959.tif
Jenkins-Creek,MN,2025-06-05,Jenkins-Creek-MN-dNBR_20250605_235959.tif,https://bin.ssec.wisc.edu/pub/realearth/brisk/2025/Jenkins-Creek-MN-dNBR_20250605_235959.tif
Jenkins-Creek,MN,2025-06-06,Jenkins-Creek-MN-dNBR_20250606_235959.tif,https://bin.ssec.wisc.edu/pub/realearth/brisk/2025/Jenkins-Creek-MN-dNBR_20250606_235959.tif
Jenkins-Creek,MN,2025-06-07,Jenkins-Creek-MN-dNBR_20250607_235959.tif,https://bin.ssec.wisc.edu/pub/realearth/brisk/2025/Jenkins-Creek-MN-dNBR_20250607_235959.tif
Jenkins-Creek,MN,2025-06-08,Jenkins-Creek-MN-dNBR_20250608_235959.tif,https://bin.ssec.wisc.edu/pub/realearth/brisk/2025/Jenkins-Creek-MN-dNBR_20250608_235959.tif
Jenkins-Creek,MN,2025-06-09,Jenkins-Creek-MN-dNBR_20250609_235959.tif,https://bin.ssec.wisc.edu/pub/realearth/brisk/2025/Jenkins-Creek-MN-dNBR_20250609_235959.tif
Jenkins-Creek,MN,2025-06-10,Jenkins-Creek-MN-dNBR_20250610_235959.tif,https://bin.ssec.wisc.edu/pub/realearth/brisk/2025/Jenkins-Creek-MN-dNBR_20250610_235959.tif
Jenkins-Creek,MN,2025-06-11,Jenkins-Creek-MN-dNBR_20250611_235959.tif,https://bin.ssec.wisc.edu/pub/realearth/brisk/2025/Jenkins-Creek-MN-dNBR_20250611_235959.tif
Jenkins-Creek,MN,2025-06-12,Jenkins-Creek-MN-dNBR_20250612_235959.tif,https://bin.ssec.wisc.edu/pub/realearth/brisk/2025/Jenkins-Creek-MN-dNBR_20250612_235959.tif
Jenkins-Creek,MN,2025-06-14,Jenkins-Creek-MN-dNBR_20250614_235959.tif,https://bin.ssec.wisc.edu/pub/realearth/brisk/2025/Jenkins-Creek-MN-dNBR_20250614_235959.tif
Jenkins-Creek,MN,2025-06-15,Jenkins-Creek-MN-dNBR_20250615_235959.tif,https://bin.ssec.wisc.edu/pub/realearth/brisk/2025/Jenkins-Creek-MN-dNBR_20250615_235959.tif
Jenkins-Creek,MN,2025-06-16,Jenkins-Creek-MN-dNBR_20250616_235959.tif,https://bin.ssec.wisc.edu/pub/realearth/brisk/2025/Jenkins-Creek-MN-dNBR_20250616_235959.tif
Jenkins-Creek,MN,2025-06-17,Jenkins-Creek-MN-dNBR_20250617_235959.tif,https://bin.ssec.wisc.edu/pub/realearth/brisk/2025/Jenkins-Creek-MN-dNBR_20250617_235959.tif
Jenkins-Creek,MN,2025-06-18,Jenkins-Creek-MN-dNBR_20250618_235959.tif,https://bin.ssec.wisc.edu/pub/realearth/brisk/2025/Jenkins-Creek-MN-dNBR_20250618_235959.tif
Jenkins-Creek,MN,2025-06-19,Jenkins-Creek-MN-dNBR_20250619_235959.tif,https://bin.ssec.wisc.edu/pub/realearth/brisk/2025/Jenkins-Creek-MN-dNBR_20250619_235959.tif
Jenkins-Creek,MN,2025-06-20,Jenkins-Creek-MN-dNBR_20250620_235959.tif,https://bin.ssec.wisc.edu/pub/realearth/brisk/2025/Jenkins-Creek-MN-dNBR_20250620_235959.tif
Jenkins-Creek,MN,2025-06-21,Jenkins-Creek-MN-dNBR_20250621_235959.tif,https://bin.ssec.wisc.edu/pub/realearth/brisk/2025/Jenkins-Creek-MN-dNBR_20250621_235959.tif
Jenkins-Creek,MN,2025-06-22,Jenkins-Creek-MN-dNBR_20250622_235959.tif,https://bin.ssec.wisc.edu/pub/realearth/brisk/2025/Jenkins-Creek-MN-dNBR_20250622_235959.tif
Jenkins-Creek,MN,2025-06-23,Jenkins-Creek-MN-dNBR_20250623_235959.tif,https://bin.ssec.wisc.edu/pub/realearth/brisk/2025/Jenkins-Creek-MN-dNBR_20250623_235959.tif
Jenkins-Creek,MN,2025-06-24,Jenkins-Creek-MN-dNBR_20250624_235959.tif,https://bin.ssec.wisc.edu/pub/realearth/brisk/2025/Jenkins-Creek-MN-dNBR_20250624_235959.tif
Jenkins-Creek,MN,2025-06-25,Jenkins-Creek-MN-dNBR_20250625_235959.tif,https://bin.ssec.wisc.edu/pub/realearth/brisk/2025/Jenkins-Creek-MN-dNBR_20250625_235959.tif
Jenkins-Creek,MN,2025-06-26,Jenkins-Creek-MN-dNBR_20250626_235959.tif,https://bin.ssec.wisc.edu/pub/realearth/brisk/2025/Jenkins-Creek-MN-dNBR_20250626_235959.tif
Johnson,FL,2025-04-30,Johnson-FL-dNBR_20250430_235959.tif,https://bin.ssec.wisc.edu/pub/realearth/brisk/2025/Johnson-FL-dNBR_20250430_235959.tif
Johnson,FL,2025-05-01,Johnson-FL-dNBR_20250501_235959.tif,https://bin.ssec.wisc.edu/pub/realearth/brisk/2025/Johnson-FL-dNBR_20250501_235959.tif
Johnson,FL,2025-05-02,Johnson-FL-dNBR_20250502_235959.tif,https://bin.ssec.wisc.edu/pub/realearth/brisk/2025/Johnson-FL-dNBR_20250502_235959.tif
Johnson,FL,2025-05-03,Johnson-FL-dNBR_20250503_235959.tif,https://bin.ssec.wisc.edu/pub/realearth/brisk/2025/Johnson-FL-dNBR_20250503_235959.tif
Johnson,FL,2025-05-04,Johnson-FL-dNBR_20250504_235959.tif,https://bin.ssec.wisc.edu/pub/realearth/brisk/2025/Johnson-FL-dNBR_20250504_235959.tif
Johnson,FL,2025-05-05,Johnson-FL-dNBR_20250505_235959.tif,https://bin.ssec.wisc.edu/pub/realearth/brisk/2025/Johnson-FL-dNBR_20250505_235959.tif
Johnson,FL,2025-05-06,Johnson-FL-dNBR_20250506_235959.tif,https://bin.ssec.wisc.edu/pub/realearth/brisk/2025/Johnson-FL-dNBR_20250506_235959.tif
Johnson,FL,2025-05-07,Johnson-FL-dNBR_20250507_235959.tif,https://bin.ssec.wisc.edu/pub/realearth/brisk/2025/Johnson-FL-dNBR_20250507_235959.tif
Johnson,FL,2025-05-08,Johnson-FL-dNBR_20250508_235959.tif,https://bin.ssec.wisc.edu/pub/realearth/brisk/2025/Johnson-FL-dNBR_20250508_235959.tif
Johnson,FL,2025-05-09,Johnson-FL-dNBR_20250509_235959.tif,https://bin.ssec.wisc.edu/pub/realearth/brisk/2025/Johnson-FL-dNBR_20250509_235959.tif
Johnson,FL,2025-05-10,Johnson-FL-dNBR_20250510_235959.tif,https://bin.ssec.wisc.edu/pub/realearth/brisk/2025/Johnson-FL-dNBR_20250510_235959.tif
Johnson,FL,2025-05-11,Johnson-FL-dNBR_20250511_235959.tif,https://bin.ssec.wisc.edu/pub/realearth/brisk/2025/Johnson-FL-dNBR_20250511_235959.tif
Johnson,FL,2025-05-12,Johnson-FL-dNBR_20250512_235959.tif,https://bin.ssec.wisc.edu/pub/realearth/brisk/2025/Johnson-FL-dNBR_20250512_235959.tif
Johnson,FL,2025-05-13,Johnson-FL-dNBR_20250513_235959.tif,https://bin.ssec.wisc.edu/pub/realearth/brisk/2025/Johnson-FL-dNBR_20250513_235959.tif
Johnson,FL,2025-05-14,Johnson-FL-dNBR_20250514_235959.tif,https://bin.ssec.wisc.edu/pub/realearth/brisk/2025/Johnson-FL-dNBR_20250514_235959.tif
Johnson,FL,2025-05-15,Johnson-FL-dNBR_20250515_235959.tif,https://bin.ssec.wisc.edu/pub/realearth/brisk/2025/Johnson-FL-dNBR_20250515_235959.tif
Johnson,FL,2025-05-16,Johnson-FL-dNBR_20250516_235959.tif,https://bin.ssec.wisc.edu/pub/realearth/brisk/2025/Johnson-FL-dNBR_20250516_235959.tif
Johnson,FL,2025-05-17,Johnson-FL-dNBR_20250517_235959.tif,https://bin.ssec.wisc.edu/pub/realearth/brisk/2025/Johnson-FL-dNBR_20250517_235959.tif
Johnson,FL,2025-05-18,Johnson-FL-dNBR_20250518_235959.tif,https://bin.ssec.wisc.edu/pub/realearth/brisk/2025/Johnson-FL-dNBR_20250518_235959.tif
Johnson,FL,2025-05-19,Johnson-FL-dNBR_20250519_235959.tif,https://bin.ssec.wisc.edu/pub/realearth/brisk/2025/Johnson-FL-dNBR_20250519_235959.tif
Johnson,FL,2025-05-20,Johnson-FL-dNBR_20250520_235959.tif,https://bin.ssec.wisc.edu/pub/realearth/brisk/2025/Johnson-FL-dNBR_20250520_235959.tif
Johnson,FL,2025-05-21,Johnson-FL-dNBR_20250521_235959.tif,https://bin.ssec.wisc.edu/pub/realearth/brisk/2025/Johnson-FL-dNBR_20250521_235959.tif
Johnson,FL,2025-05-22,Johnson-FL-dNBR_20250522_235959.tif,https://bin.ssec.wisc.edu/pub/realearth/brisk/2025/Johnson-FL-dNBR_20250522_235959.tif
Johnson,FL,2025-05-23,Johnson-FL-dNBR_20250523_235959.tif,https://bin.ssec.wisc.edu/pub/realearth/brisk/2025/Johnson-FL-dNBR_20250523_235959.tif
Johnson,FL,2025-05-24,Johnson-FL-dNBR_20250524_235959.tif,https://bin.ssec.wisc.edu/pub/realearth/brisk/2025/Johnson-FL-dNBR_20250524_235959.tif
Johnson,FL,2025-05-25,Johnson-FL-dNBR_20250525_235959.tif,https://bin.ssec.wisc.edu/pub/realearth/brisk/2025/Johnson-FL-dNBR_20250525_235959.tif
Johnson,FL,2025-05-26,Johnson-FL-dNBR_20250526_235959.tif,https://bin.ssec.wisc.edu/pub/realearth/brisk/2025/Johnson-FL-dNBR_20250526_235959.tif
Johnson,FL,2025-05-27,Johnson-FL-dNBR_20250527_235959.tif,https://bin.ssec.wisc.edu/pub/realearth/brisk/2025/Johnson-FL-dNBR_20250527_235959.tif
Johnson,FL,2025-05-28,Johnson-FL-dNBR_20250528_235959.tif,https://bin.ssec.wisc.edu/pub/realearth/brisk/2025/Johnson-FL-dNBR_20250528_235959.tif
Johnson,FL,2025-05-29,Johnson-FL-dNBR_20250529_235959.tif,https://bin.ssec.wisc.edu/pub/realearth/brisk/2025/Johnson-FL-dNBR_20250529_235959.tif
Johnson,FL,2025-05-30,Johnson-FL-dNBR_20250530_235959.tif,https://bin.ssec.wisc.edu/pub/realearth/brisk/2025/Johnson-FL-dNBR_20250530_235959.tif
Juniper-Canyon,OR,2025-09-05,Juniper-Canyon-OR-dNBR_20250905_235959.tif,https://bin.ssec.wisc.edu/pub/realearth/brisk/2025/Juniper-Canyon-OR-dNBR_20250905_235959.tif
Juniper-Canyon,OR,2025-09-06,Juniper-Canyon-OR-dNBR_20250906_235959.tif,https://bin.ssec.wisc.edu/pub/realearth/brisk/2025/Juniper-Canyon-OR-dNBR_20250906_235959.tif
Juniper-Canyon,OR,2025-09-07,Juniper-Canyon-OR-dNBR_20250907_235959.tif,https://bin.ssec.wisc.edu/pub/realearth/brisk/2025/Juniper-Canyon-OR-dNBR_20250907_235959.tif
Juniper-Canyon,OR,2025-09-08,Juniper-Canyon-OR-dNBR_20250908_235959.tif,https://bin.ssec.wisc.edu/pub/realearth/brisk/2025/Juniper-Canyon-OR-dNBR_20250908_235959.tif
Juniper-Canyon,OR,2025-09-09,Juniper-Canyon-OR-dNBR_20250909_235959.tif,https://bin.ssec.wisc.edu/pub/realearth/brisk/2025/Juniper-Canyon-OR-dNBR_20250909_235959.tif
Juniper-Canyon,OR,2025-09-10,Juniper-Canyon-OR-dNBR_20250910_235959.tif,https://bin.ssec.wisc.edu/pub/realearth/brisk/2025/Juniper-Canyon-OR-dNBR_20250910_235959.tif
Juniper-Canyon,OR,2025-09-11,Juniper-Canyon-OR-dNBR_20250911_235959.tif,https://bin.ssec.wisc.edu/pub/realearth/brisk/2025/Juniper-Canyon-OR-dNBR_20250911_235959.tif
Juniper-Canyon,OR,2025-09-12,Juniper-Canyon-OR-dNBR_20250912_235959.tif,https://bin.ssec.wisc.edu/pub/realearth/brisk/2025/Juniper-Canyon-OR-dNBR_20250912_235959.tif
Juniper-Canyon,OR,2025-09-13,Juniper-Canyon-OR-dNBR_20250913_235959.tif,https://bin.ssec.wisc.edu/pub/realearth/brisk/2025/Juniper-Canyon-OR-dNBR_20250913_235959.tif
Juniper-Canyon,OR,2025-09-14,Juniper-Canyon-OR-dNBR_20250914_235959.tif,https://bin.ssec.wisc.edu/pub/realearth/brisk/2025/Juniper-Canyon-OR-dNBR_20250914_235959.tif
Juniper-Canyon,OR,2025-09-15,Juniper-Canyon-OR-dNBR_20250915_235959.tif,https://bin.ssec.wisc.edu/pub/realearth/brisk/2025/Juniper-Canyon-OR-dNBR_20250915_235959.tif
Juniper-Canyon,OR,2025-09-16,Juniper-Canyon-OR-dNBR_20250916_235959.tif,https://bin.ssec.wisc.edu/pub/realearth/brisk/2025/Juniper-Canyon-OR-dNBR_20250916_235959.tif
Juniper-Swamp,FL,2025-05-02,Juniper-Swamp-FL-dNBR_20250502_235959.tif,https://bin.ssec.wisc.edu/pub/realearth/brisk/2025/Juniper-Swamp-FL-dNBR_20250502_235959.tif
Juniper-Swamp,FL,2025-05-03,Juniper-Swamp-FL-dNBR_20250503_235959.tif,https://bin.ssec.wisc.edu/pub/realearth/brisk/2025/Juniper-Swamp-FL-dNBR_20250503_235959.tif
Juniper-Swamp,FL,2025-05-04,Juniper-Swamp-FL-dNBR_20250504_235959.tif,https://bin.ssec.wisc.edu/pub/realearth/brisk/2025/Juniper-Swamp-FL-dNBR_20250504_235959.tif
Juniper-Swamp,FL,2025-05-05,Juniper-Swamp-FL-dNBR_20250505_235959.tif,https://bin.ssec.wisc.edu/pub/realearth/brisk/2025/Juniper-Swamp-FL-dNBR_20250505_235959.tif
Juniper-Swamp,FL,2025-05-06,Juniper-Swamp-FL-dNBR_20250506_235959.tif,https://bin.ssec.wisc.edu/pub/realearth/brisk/2025/Juniper-Swamp-FL-dNBR_20250506_235959.tif
Juniper-Swamp,FL,2025-05-07,Juniper-Swamp-FL-dNBR_20250507_235959.tif,https://bin.ssec.wisc.edu/pub/realearth/brisk/2025/Juniper-Swamp-FL-dNBR_20250507_235959.tif
Juniper-Swamp,FL,2025-05-08,Juniper-Swamp-FL-dNBR_20250508_235959.tif,https://bin.ssec.wisc.edu/pub/realearth/brisk/2025/Juniper-Swamp-FL-dNBR_20250508_235959.tif
Juniper-Swamp,FL,2025-05-09,Juniper-Swamp-FL-dNBR_20250509_235959.tif,https://bin.ssec.wisc.edu/pub/realearth/brisk/2025/Juniper-Swamp-FL-dNBR_20250509_235959.tif
Juniper-Swamp,FL,2025-05-10,Juniper-Swamp-FL-dNBR_20250510_235959.tif,https://bin.ssec.wisc.edu/pub/realearth/brisk/2025/Juniper-Swamp-FL-dNBR_20250510_235959.tif
Juniper-Swamp,FL,2025-05-11,Juniper-Swamp-FL-dNBR_20250511_235959.tif,https://bin.ssec.wisc.edu/pub/realearth/brisk/2025/Juniper-Swamp-FL-dNBR_20250511_235959.tif
Juniper-Swamp,FL,2025-05-12,Juniper-Swamp-FL-dNBR_20250512_235959.tif,https://bin.ssec.wisc.edu/pub/realearth/brisk/2025/Juniper-Swamp-FL-dNBR_20250512_235959.tif
LITTLE-JOHN,OR,2025-07-28,LITTLE-JOHN-OR-dNBR_20250728_235959.tif,https://bin.ssec.wisc.edu/pub/realearth/brisk/2025/LITTLE-JOHN-OR-dNBR_20250728_235959.tif
LITTLE-JOHN,OR,2025-07-29,LITTLE-JOHN-OR-dNBR_20250729_235959.tif,https://bin.ssec.wisc.edu/pub/realearth/brisk/2025/LITTLE-JOHN-OR-dNBR_20250729_235959.tif
LITTLE-JOHN,OR,2025-07-30,LITTLE-JOHN-OR-dNBR_20250730_235959.tif,https://bin.ssec.wisc.edu/pub/realearth/brisk/2025/LITTLE-JOHN-OR-dNBR_20250730_235959.tif
LITTLE-JOHN,OR,2025-07-31,LITTLE-JOHN-OR-dNBR_20250731_235959.tif,https://bin.ssec.wisc.edu/pub/realearth/brisk/2025/LITTLE-JOHN-OR-dNBR_20250731_235959.tif
LITTLE-JOHN,OR,2025-08-01,LITTLE-JOHN-OR-dNBR_20250801_235959.tif,https://bin.ssec.wisc.edu/pub/realearth/brisk/2025/LITTLE-JOHN-OR-dNBR_20250801_235959.tif
LITTLE-JOHN,OR,2025-08-02,LITTLE-JOHN-OR-dNBR_20250802_235959.tif,https://bin.ssec.wisc.edu/pub/realearth/brisk/2025/LITTLE-JOHN-OR-dNBR_20250802_235959.tif
LITTLE-JOHN,OR,2025-08-03,LITTLE-JOHN-OR-dNBR_20250803_235959.tif,https://bin.ssec.wisc.edu/pub/realearth/brisk/2025/LITTLE-JOHN-OR-dNBR_20250803_235959.tif
LITTLE-JOHN,OR,2025-08-04,LITTLE-JOHN-OR-dNBR_20250804_235959.tif,https://bin.ssec.wisc.edu/pub/realearth/brisk/2025/LITTLE-JOHN-OR-dNBR_20250804_235959.tif
LITTLE-JOHN,OR,2025-08-05,LITTLE-JOHN-OR-dNBR_20250805_235959.tif,https://bin.ssec.wisc.edu/pub/realearth/brisk/2025/LITTLE-JOHN-OR-dNBR_20250805_235959.tif
LYNX-MOUNTAIN,WA,2025-09-11,LYNX-MOUNTAIN-WA-dNBR_20250911_235959.tif,https://bin.ssec.wisc.edu/pub/realearth/brisk/2025/LYNX-MOUNTAIN-WA-dNBR_20250911_235959.tif
LYNX-MOUNTAIN,WA,2025-09-12,LYNX-MOUNTAIN-WA-dNBR_20250912_235959.tif,https://bin.ssec.wisc.edu/pub/realearth/brisk/2025/LYNX-MOUNTAIN-WA-dNBR_20250912_235959.tif
LYNX-MOUNTAIN,WA,2025-09-13,LYNX-MOUNTAIN-WA-dNBR_20250913_235959.tif,https://bin.ssec.wisc.edu/pub/realearth/brisk/2025/LYNX-MOUNTAIN-WA-dNBR_20250913_235959.tif
LYNX-MOUNTAIN,WA,2025-09-14,LYNX-MOUNTAIN-WA-dNBR_20250914_235959.tif,https://bin.ssec.wisc.edu/pub/realearth/brisk/2025/LYNX-MOUNTAIN-WA-dNBR_20250914_235959.tif
LYNX-MOUNTAIN,WA,2025-09-15,LYNX-MOUNTAIN-WA-dNBR_20250915_235959.tif,https://bin.ssec.wisc.edu/pub/realearth/brisk/2025/LYNX-MOUNTAIN-WA-dNBR_20250915_235959.tif
LYNX-MOUNTAIN,WA,2025-09-16,LYNX-MOUNTAIN-WA-dNBR_20250916_235959.tif,https://bin.ssec.wisc.edu/pub/realearth/brisk/2025/LYNX-MOUNTAIN-WA-dNBR_20250916_235959.tif
LYNX-MOUNTAIN,WA,2025-09-17,LYNX-MOUNTAIN-WA-dNBR_20250917_235959.tif,https://bin.ssec.wisc.edu/pub/realearth/brisk/2025/LYNX-MOUNTAIN-WA-dNBR_20250917_235959.tif
LYNX-MOUNTAIN,WA,2025-09-18,LYNX-MOUNTAIN-WA-dNBR_20250918_235959.tif,https://bin.ssec.wisc.edu/pub/realearth/brisk/2025/LYNX-MOUNTAIN-WA-dNBR_20250918_235959.tif
LYNX-MOUNTAIN,WA,2025-09-19,LYNX-MOUNTAIN-WA-dNBR_20250919_235959.tif,https://bin.ssec.wisc.edu/pub/realearth/brisk/2025/LYNX-MOUNTAIN-WA-dNBR_20250919_235959.tif
LYNX-MOUNTAIN,WA,2025-09-20,LYNX-MOUNTAIN-WA-dNBR_20250920_235959.tif,https://bin.ssec.wisc.edu/pub/realearth/brisk/2025/LYNX-MOUNTAIN-WA-dNBR_20250920_235959.tif
LYNX-MOUNTAIN,WA,2025-09-21,LYNX-MOUNTAIN-WA-dNBR_20250921_235959.tif,https://bin.ssec.wisc.edu/pub/realearth/brisk/2025/LYNX-MOUNTAIN-WA-dNBR_20250921_235959.tif
LYNX-MOUNTAIN,WA,2025-09-22,LYNX-MOUNTAIN-WA-dNBR_20250922_235959.tif,https://bin.ssec.wisc.edu/pub/realearth/brisk/2025/LYNX-MOUNTAIN-WA-dNBR_20250922_235959.tif
LYNX-MOUNTAIN,WA,2025-09-24,LYNX-MOUNTAIN-WA-dNBR_20250924_235959.tif,https://bin.ssec.wisc.edu/pub/realearth/brisk/2025/LYNX-MOUNTAIN-WA-dNBR_20250924_235959.tif
LYNX-MOUNTAIN,WA,2025-09-25,LYNX-MOUNTAIN-WA-dNBR_20250925_235959.tif,https://bin.ssec.wisc.edu/pub/realearth/brisk/2025/LYNX-MOUNTAIN-WA-dNBR_20250925_235959.tif
LYNX-MOUNTAIN,WA,2025-09-26,LYNX-MOUNTAIN-WA-dNBR_20250926_235959.tif,https://bin.ssec.wisc.edu/pub/realearth/brisk/2025/LYNX-MOUNTAIN-WA-dNBR_20250926_235959.tif
LYNX-MOUNTAIN,WA,2025-09-27,LYNX-MOUNTAIN-WA-dNBR_20250927_235959.tif,https://bin.ssec.wisc.edu/pub/realearth/brisk/2025/LYNX-MOUNTAIN-WA-dNBR_20250927_235959.tif
LYNX-MOUNTAIN,WA,2025-09-28,LYNX-MOUNTAIN-WA-dNBR_20250928_235959.tif,https://bin.ssec.wisc.edu/pub/realearth/brisk/2025/LYNX-MOUNTAIN-WA-dNBR_20250928_235959.tif
LYNX-MOUNTAIN,WA,2025-09-29,LYNX-MOUNTAIN-WA-dNBR_20250929_235959.tif,https://bin.ssec.wisc.edu/pub/realearth/brisk/2025/LYNX-MOUNTAIN-WA-dNBR_20250929_235959.tif
LYNX-MOUNTAIN,WA,2025-09-30,LYNX-MOUNTAIN-WA-dNBR_20250930_235959.tif,https://bin.ssec.wisc.edu/pub/realearth/brisk/2025/LYNX-MOUNTAIN-WA-dNBR_20250930_235959.tif
LYNX-MOUNTAIN,WA,2025-10-01,LYNX-MOUNTAIN-WA-dNBR_20251001_235959.tif,https://bin.ssec.wisc.edu/pub/realearth/brisk/2025/LYNX-MOUNTAIN-WA-dNBR_20251001_235959.tif
LYNX-MOUNTAIN,WA,2025-10-02,LYNX-MOUNTAIN-WA-dNBR_20251002_235959.tif,https://bin.ssec.wisc.edu/pub/realearth/brisk/2025/LYNX-MOUNTAIN-WA-dNBR_20251002_235959.tif
LYNX-MOUNTAIN,WA,2025-10-06,LYNX-MOUNTAIN-WA-dNBR_20251006_235959.tif,https://bin.ssec.wisc.edu/pub/realearth/brisk/2025/LYNX-MOUNTAIN-WA-dNBR_20251006_235959.tif
LYNX-MOUNTAIN,WA,2025-10-07,LYNX-MOUNTAIN-WA-dNBR_20251007_235959.tif,https://bin.ssec.wisc.edu/pub/realearth/brisk/2025/LYNX-MOUNTAIN-WA-dNBR_20251007_235959.tif
LYNX-MOUNTAIN,WA,2025-10-08,LYNX-MOUNTAIN-WA-dNBR_20251008_235959.tif,https://bin.ssec.wisc.edu/pub/realearth/brisk/2025/LYNX-MOUNTAIN-WA-dNBR_20251008_235959.tif
LYNX-MOUNTAIN,WA,2025-10-09,LYNX-MOUNTAIN-WA-dNBR_20251009_235959.tif,https://bin.ssec.wisc.edu/pub/realearth/brisk/2025/LYNX-MOUNTAIN-WA-dNBR_20251009_235959.tif
LYNX-MOUNTAIN,WA,2025-10-10,LYNX-MOUNTAIN-WA-dNBR_20251010_235959.tif,https://bin.ssec.wisc.edu/pub/realearth/brisk/2025/LYNX-MOUNTAIN-WA-dNBR_20251010_235959.tif
LYNX-MOUNTAIN,WA,2025-10-11,LYNX-MOUNTAIN-WA-dNBR_20251011_235959.tif,https://bin.ssec.wisc.edu/pub/realearth/brisk/2025/LYNX-MOUNTAIN-WA-dNBR_20251011_235959.tif
LYNX-MOUNTAIN,WA,2025-10-12,LYNX-MOUNTAIN-WA-dNBR_20251012_235959.tif,https://bin.ssec.wisc.edu/pub/realearth/brisk/2025/LYNX-MOUNTAIN-WA-dNBR_20251012_235959.tif
LYNX-MOUNTAIN,WA,2025-10-14,LYNX-MOUNTAIN-WA-dNBR_20251014_235959.tif,https://bin.ssec.wisc.edu/pub/realearth/brisk/2025/LYNX-MOUNTAIN-WA-dNBR_20251014_235959.tif
LYNX-MOUNTAIN,WA,2025-10-15,LYNX-MOUNTAIN-WA-dNBR_20251015_235959.tif,https://bin.ssec.wisc.edu/pub/realearth/brisk/2025/LYNX-MOUNTAIN-WA-dNBR_20251015_235959.tif
LYNX-MOUNTAIN,WA,2025-10-16,LYNX-MOUNTAIN-WA-dNBR_20251016_235959.tif,https://bin.ssec.wisc.edu/pub/realearth/brisk/2025/LYNX-MOUNTAIN-WA-dNBR_20251016_235959.tif
LYNX-MOUNTAIN,WA,2025-10-17,LYNX-MOUNTAIN-WA-dNBR_20251017_235959.tif,https://bin.ssec.wisc.edu/pub/realearth/brisk/2025/LYNX-MOUNTAIN-WA-dNBR_20251017_235959.tif
LYNX-MOUNTAIN,WA,2025-10-18,LYNX-MOUNTAIN-WA-dNBR_20251018_235959.tif,https://bin.ssec.wisc.edu/pub/realearth/brisk/2025/LYNX-MOUNTAIN-WA-dNBR_20251018_235959.tif
LYNX-MOUNTAIN,WA,2025-10-19,LYNX-MOUNTAIN-WA-dNBR_20251019_235959.tif,https://bin.ssec.wisc.edu/pub/realearth/brisk/2025/LYNX-MOUNTAIN-WA-dNBR_20251019_235959.tif
LYNX-MOUNTAIN,WA,2025-10-31,LYNX-MOUNTAIN-WA-dNBR_20251031_235959.tif,https://bin.ssec.wisc.edu/pub/realearth/brisk/2025/LYNX-MOUNTAIN-WA-dNBR_20251031_235959.tif
LYNX-MOUNTAIN,WA,2025-11-01,LYNX-MOUNTAIN-WA-dNBR_20251101_235959.tif,https://bin.ssec.wisc.edu/pub/realearth/brisk/2025/LYNX-MOUNTAIN-WA-dNBR_20251101_235959.tif
LYNX-MOUNTAIN,WA,2025-11-03,LYNX-MOUNTAIN-WA-dNBR_20251103_235959.tif,https://bin.ssec.wisc.edu/pub/realearth/brisk/2025/LYNX-MOUNTAIN-WA-dNBR_20251103_235959.tif
LYNX-MOUNTAIN,WA,2025-11-04,LYNX-MOUNTAIN-WA-dNBR_20251104_235959.tif,https://bin.ssec.wisc.edu/pub/realearth/brisk/2025/LYNX-MOUNTAIN-WA-dNBR_20251104_235959.tif
LYNX-MOUNTAIN,WA,2025-11-05,LYNX-MOUNTAIN-WA-dNBR_20251105_235959.tif,https://bin.ssec.wisc.edu/pub/realearth/brisk/2025/LYNX-MOUNTAIN-WA-dNBR_20251105_235959.tif
LYNX-MOUNTAIN,WA,2025-11-06,LYNX-MOUNTAIN-WA-dNBR_20251106_235959.tif,https://bin.ssec.wisc.edu/pub/realearth/brisk/2025/LYNX-MOUNTAIN-WA-dNBR_20251106_235959.tif
Labor-Mountain,WA,2025-09-16,Labor-Mountain-WA-dNBR_20250916_235959.tif,https://bin.ssec.wisc.edu/pub/realearth/brisk/2025/Labor-Mountain-WA-dNBR_20250916_235959.tif
Labor-Mountain,WA,2025-09-17,Labor-Mountain-WA-dNBR_20250917_235959.tif,https://bin.ssec.wisc.edu/pub/realearth/brisk/2025/Labor-Mountain-WA-dNBR_20250917_235959.tif
Labor-Mountain,WA,2025-09-18,Labor-Mountain-WA-dNBR_20250918_235959.tif,https://bin.ssec.wisc.edu/pub/realearth/brisk/2025/Labor-Mountain-WA-dNBR_20250918_235959.tif
Labor-Mountain,WA,2025-09-19,Labor-Mountain-WA-dNBR_20250919_235959.tif,https://bin.ssec.wisc.edu/pub/realearth/brisk/2025/Labor-Mountain-WA-dNBR_20250919_235959.tif
Labor-Mountain,WA,2025-09-20,Labor-Mountain-WA-dNBR_20250920_235959.tif,https://bin.ssec.wisc.edu/pub/realearth/brisk/2025/Labor-Mountain-WA-dNBR_20250920_235959.tif
Labor-Mountain,WA,2025-09-21,Labor-Mountain-WA-dNBR_20250921_235959.tif,https://bin.ssec.wisc.edu/pub/realearth/brisk/2025/Labor-Mountain-WA-dNBR_20250921_235959.tif
Labor-Mountain,WA,2025-09-24,Labor-Mountain-WA-dNBR_20250924_235959.tif,https://bin.ssec.wisc.edu/pub/realearth/brisk/2025/Labor-Mountain-WA-dNBR_20250924_235959.tif
Labor-Mountain,WA,2025-09-25,Labor-Mountain-WA-dNBR_20250925_235959.tif,https://bin.ssec.wisc.edu/pub/realearth/brisk/2025/Labor-Mountain-WA-dNBR_20250925_235959.tif
Labor-Mountain,WA,2025-09-26,Labor-Mountain-WA-dNBR_20250926_235959.tif,https://bin.ssec.wisc.edu/pub/realearth/brisk/2025/Labor-Mountain-WA-dNBR_20250926_235959.tif
Labor-Mountain,WA,2025-09-27,Labor-Mountain-WA-dNBR_20250927_235959.tif,https://bin.ssec.wisc.edu/pub/realearth/brisk/2025/Labor-Mountain-WA-dNBR_20250927_235959.tif
Labor-Mountain,WA,2025-09-28,Labor-Mountain-WA-dNBR_20250928_235959.tif,https://bin.ssec.wisc.edu/pub/realearth/brisk/2025/Labor-Mountain-WA-dNBR_20250928_235959.tif
Labor-Mountain,WA,2025-09-29,Labor-Mountain-WA-dNBR_20250929_235959.tif,https://bin.ssec.wisc.edu/pub/realearth/brisk/2025/Labor-Mountain-WA-dNBR_20250929_235959.tif
Labor-Mountain,WA,2025-10-01,Labor-Mountain-WA-dNBR_20251001_235959.tif,https://bin.ssec.wisc.edu/pub/realearth/brisk/2025/Labor-Mountain-WA-dNBR_20251001_235959.tif
Labor-Mountain,WA,2025-10-06,Labor-Mountain-WA-dNBR_20251006_235959.tif,https://bin.ssec.wisc.edu/pub/realearth/brisk/2025/Labor-Mountain-WA-dNBR_20251006_235959.tif
Labor-Mountain,WA,2025-10-08,Labor-Mountain-WA-dNBR_20251008_235959.tif,https://bin.ssec.wisc.edu/pub/realearth/brisk/2025/Labor-Mountain-WA-dNBR_20251008_235959.tif
Labor-Mountain,WA,2025-10-09,Labor-Mountain-WA-dNBR_20251009_235959.tif,https://bin.ssec.wisc.edu/pub/realearth/brisk/2025/Labor-Mountain-WA-dNBR_20251009_235959.tif
Labor-Mountain,WA,2025-10-10,Labor-Mountain-WA-dNBR_20251010_235959.tif,https://bin.ssec.wisc.edu/pub/realearth/brisk/2025/Labor-Mountain-WA-dNBR_20251010_235959.tif
Labor-Mountain,WA,2025-10-11,Labor-Mountain-WA-dNBR_20251011_235959.tif,https://bin.ssec.wisc.edu/pub/realearth/brisk/2025/Labor-Mountain-WA-dNBR_20251011_235959.tif
Labor-Mountain,WA,2025-10-12,Labor-Mountain-WA-dNBR_20251012_235959.tif,https://bin.ssec.wisc.edu/pub/realearth/brisk/2025/Labor-Mountain-WA-dNBR_20251012_235959.tif
Labor-Mountain,WA,2025-10-14,Labor-Mountain-WA-dNBR_20251014_235959.tif,https://bin.ssec.wisc.edu/pub/realearth/brisk/2025/Labor-Mountain-WA-dNBR_20251014_235959.tif
Labor-Mountain,WA,2025-10-15,Labor-Mountain-WA-dNBR_20251015_235959.tif,https://bin.ssec.wisc.edu/pub/realearth/brisk/2025/Labor-Mountain-WA-dNBR_20251015_235959.tif
Labor-Mountain,WA,2025-10-16,Labor-Mountain-WA-dNBR_20251016_235959.tif,https://bin.ssec.wisc.edu/pub/realearth/brisk/2025/Labor-Mountain-WA-dNBR_20251016_235959.tif
Labor-Mountain,WA,2025-10-18,Labor-Mountain-WA-dNBR_20251018_235959.tif,https://bin.ssec.wisc.edu/pub/realearth/brisk/2025/Labor-Mountain-WA-dNBR_20251018_235959.tif
Labor-Mountain,WA,2025-10-19,Labor-Mountain-WA-dNBR_20251019_235959.tif,https://bin.ssec.wisc.edu/pub/realearth/brisk/2025/Labor-Mountain-WA-dNBR_20251019_235959.tif
Labor-Mountain,WA,2025-10-30,Labor-Mountain-WA-dNBR_20251030_235959.tif,https://bin.ssec.wisc.edu/pub/realearth/brisk/2025/Labor-Mountain-WA-dNBR_20251030_235959.tif
Labor-Mountain,WA,2025-10-31,Labor-Mountain-WA-dNBR_20251031_235959.tif,https://bin.ssec.wisc.edu/pub/realearth/brisk/2025/Labor-Mountain-WA-dNBR_20251031_235959.tif
Labor-Mountain,WA,2025-11-01,Labor-Mountain-WA-dNBR_20251101_235959.tif,https://bin.ssec.wisc.edu/pub/realearth/brisk/2025/Labor-Mountain-WA-dNBR_20251101_235959.tif
Labor-Mountain,WA,2025-11-03,Labor-Mountain-WA-dNBR_20251103_235959.tif,https://bin.ssec.wisc.edu/pub/realearth/brisk/2025/Labor-Mountain-WA-dNBR_20251103_235959.tif
Labor-Mountain,WA,2025-11-04,Labor-Mountain-WA-dNBR_20251104_235959.tif,https://bin.ssec.wisc.edu/pub/realearth/brisk/2025/Labor-Mountain-WA-dNBR_20251104_235959.tif
Labor-Mountain,WA,2025-11-05,Labor-Mountain-WA-dNBR_20251105_235959.tif,https://bin.ssec.wisc.edu/pub/realearth/brisk/2025/Labor-Mountain-WA-dNBR_20251105_235959.tif
Labor-Mountain,WA,2025-11-06,Labor-Mountain-WA-dNBR_20251106_235959.tif,https://bin.ssec.wisc.edu/pub/realearth/brisk/2025/Labor-Mountain-WA-dNBR_20251106_235959.tif
Labor-Mountain,WA,2025-11-07,Labor-Mountain-WA-dNBR_20251107_235959.tif,https://bin.ssec.wisc.edu/pub/realearth/brisk/2025/Labor-Mountain-WA-dNBR_20251107_235959.tif
Labor-Mountain,WA,2025-11-08,Labor-Mountain-WA-dNBR_20251108_235959.tif,https://bin.ssec.wisc.edu/pub/realearth/brisk/2025/Labor-Mountain-WA-dNBR_20251108_235959.tif
Labor-Mountain,WA,2025-11-09,Labor-Mountain-WA-dNBR_20251109_235959.tif,https://bin.ssec.wisc.edu/pub/realearth/brisk/2025/Labor-Mountain-WA-dNBR_20251109_235959.tif
Labor-Mountain,WA,2025-11-10,Labor-Mountain-WA-dNBR_20251110_235959.tif,https://bin.ssec.wisc.edu/pub/realearth/brisk/2025/Labor-Mountain-WA-dNBR_20251110_235959.tif
Labor-Mountain,WA,2025-11-11,Labor-Mountain-WA-dNBR_20251111_235959.tif,https://bin.ssec.wisc.edu/pub/realearth/brisk/2025/Labor-Mountain-WA-dNBR_20251111_235959.tif
Labor-Mountain,WA,2025-11-12,Labor-Mountain-WA-dNBR_20251112_235959.tif,https://bin.ssec.wisc.edu/pub/realearth/brisk/2025/Labor-Mountain-WA-dNBR_20251112_235959.tif
Labor-Mountain,WA,2025-11-13,Labor-Mountain-WA-dNBR_20251113_235959.tif,https://bin.ssec.wisc.edu/pub/realearth/brisk/2025/Labor-Mountain-WA-dNBR_20251113_235959.tif
Labor-Mountain,WA,2025-11-14,Labor-Mountain-WA-dNBR_20251114_235959.tif,https://bin.ssec.wisc.edu/pub/realearth/brisk/2025/Labor-Mountain-WA-dNBR_20251114_235959.tif
Labor-Mountain,WA,2025-11-15,Labor-Mountain-WA-dNBR_20251115_235959.tif,https://bin.ssec.wisc.edu/pub/realearth/brisk/2025/Labor-Mountain-WA-dNBR_20251115_235959.tif
Labor-Mountain,WA,2025-11-17,Labor-Mountain-WA-dNBR_20251117_235959.tif,https://bin.ssec.wisc.edu/pub/realearth/brisk/2025/Labor-Mountain-WA-dNBR_20251117_235959.tif
Labor-Mountain,WA,2025-11-18,Labor-Mountain-WA-dNBR_20251118_235959.tif,https://bin.ssec.wisc.edu/pub/realearth/brisk/2025/Labor-Mountain-WA-dNBR_20251118_235959.tif
Labor-Mountain,WA,2025-11-19,Labor-Mountain-WA-dNBR_20251119_235959.tif,https://bin.ssec.wisc.edu/pub/realearth/brisk/2025/Labor-Mountain-WA-dNBR_20251119_235959.tif
Labor-Mountain,WA,2025-11-20,Labor-Mountain-WA-dNBR_20251120_235959.tif,https://bin.ssec.wisc.edu/pub/realearth/brisk/2025/Labor-Mountain-WA-dNBR_20251120_235959.tif
Labor-Mountain,WA,2025-11-21,Labor-Mountain-WA-dNBR_20251121_235959.tif,https://bin.ssec.wisc.edu/pub/realearth/brisk/2025/Labor-Mountain-WA-dNBR_20251121_235959.tif
Labor-Mountain,WA,2025-11-22,Labor-Mountain-WA-dNBR_20251122_235959.tif,https://bin.ssec.wisc.edu/pub/realearth/brisk/2025/Labor-Mountain-WA-dNBR_20251122_235959.tif
Labor-Mountain,WA,2025-11-23,Labor-Mountain-WA-dNBR_20251123_235959.tif,https://bin.ssec.wisc.edu/pub/realearth/brisk/2025/Labor-Mountain-WA-dNBR_20251123_235959.tif
Labor-Mountain,WA,2025-11-24,Labor-Mountain-WA-dNBR_20251124_235959.tif,https://bin.ssec.wisc.edu/pub/realearth/brisk/2025/Labor-Mountain-WA-dNBR_20251124_235959.tif
Labor-Mountain,WA,2025-11-25,Labor-Mountain-WA-dNBR_20251125_235959.tif,https://bin.ssec.wisc.edu/pub/realearth/brisk/2025/Labor-Mountain-WA-dNBR_20251125_235959.tif
Labor-Mountain,WA,2025-11-26,Labor-Mountain-WA-dNBR_20251126_235959.tif,https://bin.ssec.wisc.edu/pub/realearth/brisk/2025/Labor-Mountain-WA-dNBR_20251126_235959.tif
Labor-Mountain,WA,2025-11-27,Labor-Mountain-WA-dNBR_20251127_235959.tif,https://bin.ssec.wisc.edu/pub/realearth/brisk/2025/Labor-Mountain-WA-dNBR_20251127_235959.tif
Laguna,NM,2025-07-08,Laguna-NM-dNBR_20250708_235959.tif,https://bin.ssec.wisc.edu/pub/realearth/brisk/2025/Laguna-NM-dNBR_20250708_235959.tif
Laguna,NM,2025-07-09,Laguna-NM-dNBR_20250709_235959.tif,https://bin.ssec.wisc.edu/pub/realearth/brisk/2025/Laguna-NM-dNBR_20250709_235959.tif
Laguna,NM,2025-07-10,Laguna-NM-dNBR_20250710_235959.tif,https://bin.ssec.wisc.edu/pub/realearth/brisk/2025/Laguna-NM-dNBR_20250710_235959.tif
Laguna,NM,2025-07-11,Laguna-NM-dNBR_20250711_235959.tif,https://bin.ssec.wisc.edu/pub/realearth/brisk/2025/Laguna-NM-dNBR_20250711_235959.tif
Laguna,NM,2025-07-12,Laguna-NM-dNBR_20250712_235959.tif,https://bin.ssec.wisc.edu/pub/realearth/brisk/2025/Laguna-NM-dNBR_20250712_235959.tif
Laguna,NM,2025-07-13,Laguna-NM-dNBR_20250713_235959.tif,https://bin.ssec.wisc.edu/pub/realearth/brisk/2025/Laguna-NM-dNBR_20250713_235959.tif
Laguna,NM,2025-07-14,Laguna-NM-dNBR_20250714_235959.tif,https://bin.ssec.wisc.edu/pub/realearth/brisk/2025/Laguna-NM-dNBR_20250714_235959.tif
Laguna,NM,2025-07-15,Laguna-NM-dNBR_20250715_235959.tif,https://bin.ssec.wisc.edu/pub/realearth/brisk/2025/Laguna-NM-dNBR_20250715_235959.tif
Laguna,NM,2025-07-16,Laguna-NM-dNBR_20250716_235959.tif,https://bin.ssec.wisc.edu/pub/realearth/brisk/2025/Laguna-NM-dNBR_20250716_235959.tif
Laguna,NM,2025-07-17,Laguna-NM-dNBR_20250717_235959.tif,https://bin.ssec.wisc.edu/pub/realearth/brisk/2025/Laguna-NM-dNBR_20250717_235959.tif
Laguna,NM,2025-07-18,Laguna-NM-dNBR_20250718_235959.tif,https://bin.ssec.wisc.edu/pub/realearth/brisk/2025/Laguna-NM-dNBR_20250718_235959.tif
Laguna,NM,2025-07-19,Laguna-NM-dNBR_20250719_235959.tif,https://bin.ssec.wisc.edu/pub/realearth/brisk/2025/Laguna-NM-dNBR_20250719_235959.tif
Laguna,NM,2025-07-20,Laguna-NM-dNBR_20250720_235959.tif,https://bin.ssec.wisc.edu/pub/realearth/brisk/2025/Laguna-NM-dNBR_20250720_235959.tif
Laguna,NM,2025-07-21,Laguna-NM-dNBR_20250721_235959.tif,https://bin.ssec.wisc.edu/pub/realearth/brisk/2025/Laguna-NM-dNBR_20250721_235959.tif
Laguna,NM,2025-07-22,Laguna-NM-dNBR_20250722_235959.tif,https://bin.ssec.wisc.edu/pub/realearth/brisk/2025/Laguna-NM-dNBR_20250722_235959.tif
Laguna,NM,2025-07-23,Laguna-NM-dNBR_20250723_235959.tif,https://bin.ssec.wisc.edu/pub/realearth/brisk/2025/Laguna-NM-dNBR_20250723_235959.tif
Laguna,NM,2025-07-24,Laguna-NM-dNBR_20250724_235959.tif,https://bin.ssec.wisc.edu/pub/realearth/brisk/2025/Laguna-NM-dNBR_20250724_235959.tif
Laguna,NM,2025-07-25,Laguna-NM-dNBR_20250725_235959.tif,https://bin.ssec.wisc.edu/pub/realearth/brisk/2025/Laguna-NM-dNBR_20250725_235959.tif
Laguna,NM,2025-07-26,Laguna-NM-dNBR_20250726_235959.tif,https://bin.ssec.wisc.edu/pub/realearth/brisk/2025/Laguna-NM-dNBR_20250726_235959.tif
Laguna,NM,2025-07-27,Laguna-NM-dNBR_20250727_235959.tif,https://bin.ssec.wisc.edu/pub/realearth/brisk/2025/Laguna-NM-dNBR_20250727_235959.tif
Laguna,NM,2025-07-28,Laguna-NM-dNBR_20250728_235959.tif,https://bin.ssec.wisc.edu/pub/realearth/brisk/2025/Laguna-NM-dNBR_20250728_235959.tif
Laguna,NM,2025-07-29,Laguna-NM-dNBR_20250729_235959.tif,https://bin.ssec.wisc.edu/pub/realearth/brisk/2025/Laguna-NM-dNBR_20250729_235959.tif
Laguna,NM,2025-07-30,Laguna-NM-dNBR_20250730_235959.tif,https://bin.ssec.wisc.edu/pub/realearth/brisk/2025/Laguna-NM-dNBR_20250730_235959.tif
Laguna,NM,2025-07-31,Laguna-NM-dNBR_20250731_235959.tif,https://bin.ssec.wisc.edu/pub/realearth/brisk/2025/Laguna-NM-dNBR_20250731_235959.tif
Laguna,NM,2025-08-01,Laguna-NM-dNBR_20250801_235959.tif,https://bin.ssec.wisc.edu/pub/realearth/brisk/2025/Laguna-NM-dNBR_20250801_235959.tif
Laguna,NM,2025-08-02,Laguna-NM-dNBR_20250802_235959.tif,https://bin.ssec.wisc.edu/pub/realearth/brisk/2025/Laguna-NM-dNBR_20250802_235959.tif
Laguna,NM,2025-08-03,Laguna-NM-dNBR_20250803_235959.tif,https://bin.ssec.wisc.edu/pub/realearth/brisk/2025/Laguna-NM-dNBR_20250803_235959.tif
Laguna,NM,2025-08-04,Laguna-NM-dNBR_20250804_235959.tif,https://bin.ssec.wisc.edu/pub/realearth/brisk/2025/Laguna-NM-dNBR_20250804_235959.tif
Laguna,NM,2025-08-05,Laguna-NM-dNBR_20250805_235959.tif,https://bin.ssec.wisc.edu/pub/realearth/brisk/2025/Laguna-NM-dNBR_20250805_235959.tif
Laguna,NM,2025-08-06,Laguna-NM-dNBR_20250806_235959.tif,https://bin.ssec.wisc.edu/pub/realearth/brisk/2025/Laguna-NM-dNBR_20250806_235959.tif
Laguna,NM,2025-08-07,Laguna-NM-dNBR_20250807_235959.tif,https://bin.ssec.wisc.edu/pub/realearth/brisk/2025/Laguna-NM-dNBR_20250807_235959.tif
Laguna,NM,2025-08-08,Laguna-NM-dNBR_20250808_235959.tif,https://bin.ssec.wisc.edu/pub/realearth/brisk/2025/Laguna-NM-dNBR_20250808_235959.tif
Laguna,NM,2025-08-09,Laguna-NM-dNBR_20250809_235959.tif,https://bin.ssec.wisc.edu/pub/realearth/brisk/2025/Laguna-NM-dNBR_20250809_235959.tif
Laguna,NM,2025-08-10,Laguna-NM-dNBR_20250810_235959.tif,https://bin.ssec.wisc.edu/pub/realearth/brisk/2025/Laguna-NM-dNBR_20250810_235959.tif
Laguna,NM,2025-08-11,Laguna-NM-dNBR_20250811_235959.tif,https://bin.ssec.wisc.edu/pub/realearth/brisk/2025/Laguna-NM-dNBR_20250811_235959.tif
Laguna,NM,2025-08-12,Laguna-NM-dNBR_20250812_235959.tif,https://bin.ssec.wisc.edu/pub/realearth/brisk/2025/Laguna-NM-dNBR_20250812_235959.tif
Laguna,NM,2025-08-13,Laguna-NM-dNBR_20250813_235959.tif,https://bin.ssec.wisc.edu/pub/realearth/brisk/2025/Laguna-NM-dNBR_20250813_235959.tif
Laguna,NM,2025-08-14,Laguna-NM-dNBR_20250814_235959.tif,https://bin.ssec.wisc.edu/pub/realearth/brisk/2025/Laguna-NM-dNBR_20250814_235959.tif
Laguna,NM,2025-08-15,Laguna-NM-dNBR_20250815_235959.tif,https://bin.ssec.wisc.edu/pub/realearth/brisk/2025/Laguna-NM-dNBR_20250815_235959.tif
Laguna,NM,2025-08-16,Laguna-NM-dNBR_20250816_235959.tif,https://bin.ssec.wisc.edu/pub/realearth/brisk/2025/Laguna-NM-dNBR_20250816_235959.tif
Laguna,NM,2025-08-17,Laguna-NM-dNBR_20250817_235959.tif,https://bin.ssec.wisc.edu/pub/realearth/brisk/2025/Laguna-NM-dNBR_20250817_235959.tif
Laguna,NM,2025-08-18,Laguna-NM-dNBR_20250818_235959.tif,https://bin.ssec.wisc.edu/pub/realearth/brisk/2025/Laguna-NM-dNBR_20250818_235959.tif
Laguna,NM,2025-08-19,Laguna-NM-dNBR_20250819_235959.tif,https://bin.ssec.wisc.edu/pub/realearth/brisk/2025/Laguna-NM-dNBR_20250819_235959.tif
Laguna,NM,2025-08-20,Laguna-NM-dNBR_20250820_235959.tif,https://bin.ssec.wisc.edu/pub/realearth/brisk/2025/Laguna-NM-dNBR_20250820_235959.tif
Laguna,NM,2025-08-21,Laguna-NM-dNBR_20250821_235959.tif,https://bin.ssec.wisc.edu/pub/realearth/brisk/2025/Laguna-NM-dNBR_20250821_235959.tif
Laguna,NM,2025-08-22,Laguna-NM-dNBR_20250822_235959.tif,https://bin.ssec.wisc.edu/pub/realearth/brisk/2025/Laguna-NM-dNBR_20250822_235959.tif
Laguna,NM,2025-08-23,Laguna-NM-dNBR_20250823_235959.tif,https://bin.ssec.wisc.edu/pub/realearth/brisk/2025/Laguna-NM-dNBR_20250823_235959.tif
Laguna,NM,2025-08-24,Laguna-NM-dNBR_20250824_235959.tif,https://bin.ssec.wisc.edu/pub/realearth/brisk/2025/Laguna-NM-dNBR_20250824_235959.tif
Laguna,NM,2025-08-25,Laguna-NM-dNBR_20250825_235959.tif,https://bin.ssec.wisc.edu/pub/realearth/brisk/2025/Laguna-NM-dNBR_20250825_235959.tif
Laguna,NM,2025-08-26,Laguna-NM-dNBR_20250826_235959.tif,https://bin.ssec.wisc.edu/pub/realearth/brisk/2025/Laguna-NM-dNBR_20250826_235959.tif
Laguna,NM,2025-09-01,Laguna-NM-dNBR_20250901_235959.tif,https://bin.ssec.wisc.edu/pub/realearth/brisk/2025/Laguna-NM-dNBR_20250901_235959.tif
Laguna,NM,2025-09-02,Laguna-NM-dNBR_20250902_235959.tif,https://bin.ssec.wisc.edu/pub/realearth/brisk/2025/Laguna-NM-dNBR_20250902_235959.tif
Laguna,NM,2025-09-03,Laguna-NM-dNBR_20250903_235959.tif,https://bin.ssec.wisc.edu/pub/realearth/brisk/2025/Laguna-NM-dNBR_20250903_235959.tif
Laguna,NM,2025-09-04,Laguna-NM-dNBR_20250904_235959.tif,https://bin.ssec.wisc.edu/pub/realearth/brisk/2025/Laguna-NM-dNBR_20250904_235959.tif
Laguna,NM,2025-09-05,Laguna-NM-dNBR_20250905_235959.tif,https://bin.ssec.wisc.edu/pub/realearth/brisk/2025/Laguna-NM-dNBR_20250905_235959.tif
Laguna,NM,2025-09-06,Laguna-NM-dNBR_20250906_235959.tif,https://bin.ssec.wisc.edu/pub/realearth/brisk/2025/Laguna-NM-dNBR_20250906_235959.tif
Laguna,NM,2025-09-07,Laguna-NM-dNBR_20250907_235959.tif,https://bin.ssec.wisc.edu/pub/realearth/brisk/2025/Laguna-NM-dNBR_20250907_235959.tif
Laguna,NM,2025-09-08,Laguna-NM-dNBR_20250908_235959.tif,https://bin.ssec.wisc.edu/pub/realearth/brisk/2025/Laguna-NM-dNBR_20250908_235959.tif
Laguna,NM,2025-09-09,Laguna-NM-dNBR_20250909_235959.tif,https://bin.ssec.wisc.edu/pub/realearth/brisk/2025/Laguna-NM-dNBR_20250909_235959.tif
Laguna,NM,2025-09-10,Laguna-NM-dNBR_20250910_235959.tif,https://bin.ssec.wisc.edu/pub/realearth/brisk/2025/Laguna-NM-dNBR_20250910_235959.tif
Laguna,NM,2025-09-11,Laguna-NM-dNBR_20250911_235959.tif,https://bin.ssec.wisc.edu/pub/realearth/brisk/2025/Laguna-NM-dNBR_20250911_235959.tif
Laguna,NM,2025-09-12,Laguna-NM-dNBR_20250912_235959.tif,https://bin.ssec.wisc.edu/pub/realearth/brisk/2025/Laguna-NM-dNBR_20250912_235959.tif
Laguna,NM,2025-09-13,Laguna-NM-dNBR_20250913_235959.tif,https://bin.ssec.wisc.edu/pub/realearth/brisk/2025/Laguna-NM-dNBR_20250913_235959.tif
Laguna,NM,2025-09-14,Laguna-NM-dNBR_20250914_235959.tif,https://bin.ssec.wisc.edu/pub/realearth/brisk/2025/Laguna-NM-dNBR_20250914_235959.tif
Laguna,NM,2025-09-15,Laguna-NM-dNBR_20250915_235959.tif,https://bin.ssec.wisc.edu/pub/realearth/brisk/2025/Laguna-NM-dNBR_20250915_235959.tif
Laguna,NM,2025-09-16,Laguna-NM-dNBR_20250916_235959.tif,https://bin.ssec.wisc.edu/pub/realearth/brisk/2025/Laguna-NM-dNBR_20250916_235959.tif
Laguna,NM,2025-09-17,Laguna-NM-dNBR_20250917_235959.tif,https://bin.ssec.wisc.edu/pub/realearth/brisk/2025/Laguna-NM-dNBR_20250917_235959.tif
Laguna,NM,2025-09-18,Laguna-NM-dNBR_20250918_235959.tif,https://bin.ssec.wisc.edu/pub/realearth/brisk/2025/Laguna-NM-dNBR_20250918_235959.tif
Laguna,NM,2025-09-19,Laguna-NM-dNBR_20250919_235959.tif,https://bin.ssec.wisc.edu/pub/realearth/brisk/2025/Laguna-NM-dNBR_20250919_235959.tif
Laguna,NM,2025-09-20,Laguna-NM-dNBR_20250920_235959.tif,https://bin.ssec.wisc.edu/pub/realearth/brisk/2025/Laguna-NM-dNBR_20250920_235959.tif
Laguna,NM,2025-09-21,Laguna-NM-dNBR_20250921_235959.tif,https://bin.ssec.wisc.edu/pub/realearth/brisk/2025/Laguna-NM-dNBR_20250921_235959.tif
Laguna,NM,2025-09-22,Laguna-NM-dNBR_20250922_235959.tif,https://bin.ssec.wisc.edu/pub/realearth/brisk/2025/Laguna-NM-dNBR_20250922_235959.tif
Laguna,NM,2025-09-24,Laguna-NM-dNBR_20250924_235959.tif,https://bin.ssec.wisc.edu/pub/realearth/brisk/2025/Laguna-NM-dNBR_20250924_235959.tif
Laguna,NM,2025-09-25,Laguna-NM-dNBR_20250925_235959.tif,https://bin.ssec.wisc.edu/pub/realearth/brisk/2025/Laguna-NM-dNBR_20250925_235959.tif
Laguna,NM,2025-09-26,Laguna-NM-dNBR_20250926_235959.tif,https://bin.ssec.wisc.edu/pub/realearth/brisk/2025/Laguna-NM-dNBR_20250926_235959.tif
Laguna,NM,2025-09-27,Laguna-NM-dNBR_20250927_235959.tif,https://bin.ssec.wisc.edu/pub/realearth/brisk/2025/Laguna-NM-dNBR_20250927_235959.tif
Laguna,NM,2025-09-28,Laguna-NM-dNBR_20250928_235959.tif,https://bin.ssec.wisc.edu/pub/realearth/brisk/2025/Laguna-NM-dNBR_20250928_235959.tif
Laguna,NM,2025-09-29,Laguna-NM-dNBR_20250929_235959.tif,https://bin.ssec.wisc.edu/pub/realearth/brisk/2025/Laguna-NM-dNBR_20250929_235959.tif
Laguna,NM,2025-09-30,Laguna-NM-dNBR_20250930_235959.tif,https://bin.ssec.wisc.edu/pub/realearth/brisk/2025/Laguna-NM-dNBR_20250930_235959.tif
Laguna,NM,2025-10-01,Laguna-NM-dNBR_20251001_235959.tif,https://bin.ssec.wisc.edu/pub/realearth/brisk/2025/Laguna-NM-dNBR_20251001_235959.tif
Laguna,NM,2025-10-02,Laguna-NM-dNBR_20251002_235959.tif,https://bin.ssec.wisc.edu/pub/realearth/brisk/2025/Laguna-NM-dNBR_20251002_235959.tif
Lee,CO,2025-08-04,Lee-CO-dNBR_20250804_235959.tif,https://bin.ssec.wisc.edu/pub/realearth/brisk/2025/Lee-CO-dNBR_20250804_235959.tif
Lee,CO,2025-08-05,Lee-CO-dNBR_20250805_235959.tif,https://bin.ssec.wisc.edu/pub/realearth/brisk/2025/Lee-CO-dNBR_20250805_235959.tif
Lee,CO,2025-08-06,Lee-CO-dNBR_20250806_235959.tif,https://bin.ssec.wisc.edu/pub/realearth/brisk/2025/Lee-CO-dNBR_20250806_235959.tif
Lee,CO,2025-08-07,Lee-CO-dNBR_20250807_235959.tif,https://bin.ssec.wisc.edu/pub/realearth/brisk/2025/Lee-CO-dNBR_20250807_235959.tif
Lee,CO,2025-08-08,Lee-CO-dNBR_20250808_235959.tif,https://bin.ssec.wisc.edu/pub/realearth/brisk/2025/Lee-CO-dNBR_20250808_235959.tif
Lee,CO,2025-08-09,Lee-CO-dNBR_20250809_235959.tif,https://bin.ssec.wisc.edu/pub/realearth/brisk/2025/Lee-CO-dNBR_20250809_235959.tif
Lee,CO,2025-08-10,Lee-CO-dNBR_20250810_235959.tif,https://bin.ssec.wisc.edu/pub/realearth/brisk/2025/Lee-CO-dNBR_20250810_235959.tif
Lee,CO,2025-08-11,Lee-CO-dNBR_20250811_235959.tif,https://bin.ssec.wisc.edu/pub/realearth/brisk/2025/Lee-CO-dNBR_20250811_235959.tif
Lee,CO,2025-08-12,Lee-CO-dNBR_20250812_235959.tif,https://bin.ssec.wisc.edu/pub/realearth/brisk/2025/Lee-CO-dNBR_20250812_235959.tif
Lee,CO,2025-08-13,Lee-CO-dNBR_20250813_235959.tif,https://bin.ssec.wisc.edu/pub/realearth/brisk/2025/Lee-CO-dNBR_20250813_235959.tif
Lee,CO,2025-08-14,Lee-CO-dNBR_20250814_235959.tif,https://bin.ssec.wisc.edu/pub/realearth/brisk/2025/Lee-CO-dNBR_20250814_235959.tif
Lee,CO,2025-08-15,Lee-CO-dNBR_20250815_235959.tif,https://bin.ssec.wisc.edu/pub/realearth/brisk/2025/Lee-CO-dNBR_20250815_235959.tif
Lee,CO,2025-08-16,Lee-CO-dNBR_20250816_235959.tif,https://bin.ssec.wisc.edu/pub/realearth/brisk/2025/Lee-CO-dNBR_20250816_235959.tif
Lee,CO,2025-08-17,Lee-CO-dNBR_20250817_235959.tif,https://bin.ssec.wisc.edu/pub/realearth/brisk/2025/Lee-CO-dNBR_20250817_235959.tif
Lee,CO,2025-08-18,Lee-CO-dNBR_20250818_235959.tif,https://bin.ssec.wisc.edu/pub/realearth/brisk/2025/Lee-CO-dNBR_20250818_235959.tif
Lee,CO,2025-08-19,Lee-CO-dNBR_20250819_235959.tif,https://bin.ssec.wisc.edu/pub/realearth/brisk/2025/Lee-CO-dNBR_20250819_235959.tif
Lee,CO,2025-08-20,Lee-CO-dNBR_20250820_235959.tif,https://bin.ssec.wisc.edu/pub/realearth/brisk/2025/Lee-CO-dNBR_20250820_235959.tif
Lee,CO,2025-08-21,Lee-CO-dNBR_20250821_235959.tif,https://bin.ssec.wisc.edu/pub/realearth/brisk/2025/Lee-CO-dNBR_20250821_235959.tif
Lee,CO,2025-08-22,Lee-CO-dNBR_20250822_235959.tif,https://bin.ssec.wisc.edu/pub/realearth/brisk/2025/Lee-CO-dNBR_20250822_235959.tif
Lee,CO,2025-08-23,Lee-CO-dNBR_20250823_235959.tif,https://bin.ssec.wisc.edu/pub/realearth/brisk/2025/Lee-CO-dNBR_20250823_235959.tif
Lee,CO,2025-08-25,Lee-CO-dNBR_20250825_235959.tif,https://bin.ssec.wisc.edu/pub/realearth/brisk/2025/Lee-CO-dNBR_20250825_235959.tif
Lee,CO,2025-08-26,Lee-CO-dNBR_20250826_235959.tif,https://bin.ssec.wisc.edu/pub/realearth/brisk/2025/Lee-CO-dNBR_20250826_235959.tif
Lee,CO,2025-09-01,Lee-CO-dNBR_20250901_235959.tif,https://bin.ssec.wisc.edu/pub/realearth/brisk/2025/Lee-CO-dNBR_20250901_235959.tif
Lee,CO,2025-09-02,Lee-CO-dNBR_20250902_235959.tif,https://bin.ssec.wisc.edu/pub/realearth/brisk/2025/Lee-CO-dNBR_20250902_235959.tif
Lee,CO,2025-09-03,Lee-CO-dNBR_20250903_235959.tif,https://bin.ssec.wisc.edu/pub/realearth/brisk/2025/Lee-CO-dNBR_20250903_235959.tif
Lee,CO,2025-09-04,Lee-CO-dNBR_20250904_235959.tif,https://bin.ssec.wisc.edu/pub/realearth/brisk/2025/Lee-CO-dNBR_20250904_235959.tif
Lee,CO,2025-09-05,Lee-CO-dNBR_20250905_235959.tif,https://bin.ssec.wisc.edu/pub/realearth/brisk/2025/Lee-CO-dNBR_20250905_235959.tif
Lee,CO,2025-09-06,Lee-CO-dNBR_20250906_235959.tif,https://bin.ssec.wisc.edu/pub/realearth/brisk/2025/Lee-CO-dNBR_20250906_235959.tif
Lee,CO,2025-09-07,Lee-CO-dNBR_20250907_235959.tif,https://bin.ssec.wisc.edu/pub/realearth/brisk/2025/Lee-CO-dNBR_20250907_235959.tif
Lee,CO,2025-09-08,Lee-CO-dNBR_20250908_235959.tif,https://bin.ssec.wisc.edu/pub/realearth/brisk/2025/Lee-CO-dNBR_20250908_235959.tif
Lee,CO,2025-09-09,Lee-CO-dNBR_20250909_235959.tif,https://bin.ssec.wisc.edu/pub/realearth/brisk/2025/Lee-CO-dNBR_20250909_235959.tif
Lee,CO,2025-09-10,Lee-CO-dNBR_20250910_235959.tif,https://bin.ssec.wisc.edu/pub/realearth/brisk/2025/Lee-CO-dNBR_20250910_235959.tif
Lee,CO,2025-09-11,Lee-CO-dNBR_20250911_235959.tif,https://bin.ssec.wisc.edu/pub/realearth/brisk/2025/Lee-CO-dNBR_20250911_235959.tif
Lee,CO,2025-09-12,Lee-CO-dNBR_20250912_235959.tif,https://bin.ssec.wisc.edu/pub/realearth/brisk/2025/Lee-CO-dNBR_20250912_235959.tif
Lee,CO,2025-09-13,Lee-CO-dNBR_20250913_235959.tif,https://bin.ssec.wisc.edu/pub/realearth/brisk/2025/Lee-CO-dNBR_20250913_235959.tif
Lee,CO,2025-09-14,Lee-CO-dNBR_20250914_235959.tif,https://bin.ssec.wisc.edu/pub/realearth/brisk/2025/Lee-CO-dNBR_20250914_235959.tif
Lee,CO,2025-09-15,Lee-CO-dNBR_20250915_235959.tif,https://bin.ssec.wisc.edu/pub/realearth/brisk/2025/Lee-CO-dNBR_20250915_235959.tif
Lee,CO,2025-09-16,Lee-CO-dNBR_20250916_235959.tif,https://bin.ssec.wisc.edu/pub/realearth/brisk/2025/Lee-CO-dNBR_20250916_235959.tif
Lee,CO,2025-09-17,Lee-CO-dNBR_20250917_235959.tif,https://bin.ssec.wisc.edu/pub/realearth/brisk/2025/Lee-CO-dNBR_20250917_235959.tif
Lee,CO,2025-09-18,Lee-CO-dNBR_20250918_235959.tif,https://bin.ssec.wisc.edu/pub/realearth/brisk/2025/Lee-CO-dNBR_20250918_235959.tif
Lee,CO,2025-09-19,Lee-CO-dNBR_20250919_235959.tif,https://bin.ssec.wisc.edu/pub/realearth/brisk/2025/Lee-CO-dNBR_20250919_235959.tif
Lee,CO,2025-09-20,Lee-CO-dNBR_20250920_235959.tif,https://bin.ssec.wisc.edu/pub/realearth/brisk/2025/Lee-CO-dNBR_20250920_235959.tif
Lee,CO,2025-09-21,Lee-CO-dNBR_20250921_235959.tif,https://bin.ssec.wisc.edu/pub/realearth/brisk/2025/Lee-CO-dNBR_20250921_235959.tif
Lee,CO,2025-09-22,Lee-CO-dNBR_20250922_235959.tif,https://bin.ssec.wisc.edu/pub/realearth/brisk/2025/Lee-CO-dNBR_20250922_235959.tif
Lee,CO,2025-09-24,Lee-CO-dNBR_20250924_235959.tif,https://bin.ssec.wisc.edu/pub/realearth/brisk/2025/Lee-CO-dNBR_20250924_235959.tif
Lee,CO,2025-09-25,Lee-CO-dNBR_20250925_235959.tif,https://bin.ssec.wisc.edu/pub/realearth/brisk/2025/Lee-CO-dNBR_20250925_235959.tif
Lee,CO,2025-09-26,Lee-CO-dNBR_20250926_235959.tif,https://bin.ssec.wisc.edu/pub/realearth/brisk/2025/Lee-CO-dNBR_20250926_235959.tif
Lee,CO,2025-09-27,Lee-CO-dNBR_20250927_235959.tif,https://bin.ssec.wisc.edu/pub/realearth/brisk/2025/Lee-CO-dNBR_20250927_235959.tif
Lee,CO,2025-09-28,Lee-CO-dNBR_20250928_235959.tif,https://bin.ssec.wisc.edu/pub/realearth/brisk/2025/Lee-CO-dNBR_20250928_235959.tif
Lee,CO,2025-09-29,Lee-CO-dNBR_20250929_235959.tif,https://bin.ssec.wisc.edu/pub/realearth/brisk/2025/Lee-CO-dNBR_20250929_235959.tif
Lee,CO,2025-09-30,Lee-CO-dNBR_20250930_235959.tif,https://bin.ssec.wisc.edu/pub/realearth/brisk/2025/Lee-CO-dNBR_20250930_235959.tif
Lee,CO,2025-10-01,Lee-CO-dNBR_20251001_235959.tif,https://bin.ssec.wisc.edu/pub/realearth/brisk/2025/Lee-CO-dNBR_20251001_235959.tif
Lower-Sugarloaf,WA,2025-09-05,Lower-Sugarloaf-WA-dNBR_20250905_235959.tif,https://bin.ssec.wisc.edu/pub/realearth/brisk/2025/Lower-Sugarloaf-WA-dNBR_20250905_235959.tif
Lower-Sugarloaf,WA,2025-09-06,Lower-Sugarloaf-WA-dNBR_20250906_235959.tif,https://bin.ssec.wisc.edu/pub/realearth/brisk/2025/Lower-Sugarloaf-WA-dNBR_20250906_235959.tif
Lower-Sugarloaf,WA,2025-09-07,Lower-Sugarloaf-WA-dNBR_20250907_235959.tif,https://bin.ssec.wisc.edu/pub/realearth/brisk/2025/Lower-Sugarloaf-WA-dNBR_20250907_235959.tif
Lower-Sugarloaf,WA,2025-09-08,Lower-Sugarloaf-WA-dNBR_20250908_235959.tif,https://bin.ssec.wisc.edu/pub/realearth/brisk/2025/Lower-Sugarloaf-WA-dNBR_20250908_235959.tif
Lower-Sugarloaf,WA,2025-09-09,Lower-Sugarloaf-WA-dNBR_20250909_235959.tif,https://bin.ssec.wisc.edu/pub/realearth/brisk/2025/Lower-Sugarloaf-WA-dNBR_20250909_235959.tif
Lower-Sugarloaf,WA,2025-09-10,Lower-Sugarloaf-WA-dNBR_20250910_235959.tif,https://bin.ssec.wisc.edu/pub/realearth/brisk/2025/Lower-Sugarloaf-WA-dNBR_20250910_235959.tif
Lower-Sugarloaf,WA,2025-09-11,Lower-Sugarloaf-WA-dNBR_20250911_235959.tif,https://bin.ssec.wisc.edu/pub/realearth/brisk/2025/Lower-Sugarloaf-WA-dNBR_20250911_235959.tif
Lower-Sugarloaf,WA,2025-09-12,Lower-Sugarloaf-WA-dNBR_20250912_235959.tif,https://bin.ssec.wisc.edu/pub/realearth/brisk/2025/Lower-Sugarloaf-WA-dNBR_20250912_235959.tif
Lower-Sugarloaf,WA,2025-09-13,Lower-Sugarloaf-WA-dNBR_20250913_235959.tif,https://bin.ssec.wisc.edu/pub/realearth/brisk/2025/Lower-Sugarloaf-WA-dNBR_20250913_235959.tif
Lower-Sugarloaf,WA,2025-09-14,Lower-Sugarloaf-WA-dNBR_20250914_235959.tif,https://bin.ssec.wisc.edu/pub/realearth/brisk/2025/Lower-Sugarloaf-WA-dNBR_20250914_235959.tif
Lower-Sugarloaf,WA,2025-09-15,Lower-Sugarloaf-WA-dNBR_20250915_235959.tif,https://bin.ssec.wisc.edu/pub/realearth/brisk/2025/Lower-Sugarloaf-WA-dNBR_20250915_235959.tif
Lower-Sugarloaf,WA,2025-09-16,Lower-Sugarloaf-WA-dNBR_20250916_235959.tif,https://bin.ssec.wisc.edu/pub/realearth/brisk/2025/Lower-Sugarloaf-WA-dNBR_20250916_235959.tif
Lower-Sugarloaf,WA,2025-09-17,Lower-Sugarloaf-WA-dNBR_20250917_235959.tif,https://bin.ssec.wisc.edu/pub/realearth/brisk/2025/Lower-Sugarloaf-WA-dNBR_20250917_235959.tif
Lower-Sugarloaf,WA,2025-09-18,Lower-Sugarloaf-WA-dNBR_20250918_235959.tif,https://bin.ssec.wisc.edu/pub/realearth/brisk/2025/Lower-Sugarloaf-WA-dNBR_20250918_235959.tif
Lower-Sugarloaf,WA,2025-09-19,Lower-Sugarloaf-WA-dNBR_20250919_235959.tif,https://bin.ssec.wisc.edu/pub/realearth/brisk/2025/Lower-Sugarloaf-WA-dNBR_20250919_235959.tif
Lower-Sugarloaf,WA,2025-09-20,Lower-Sugarloaf-WA-dNBR_20250920_235959.tif,https://bin.ssec.wisc.edu/pub/realearth/brisk/2025/Lower-Sugarloaf-WA-dNBR_20250920_235959.tif
Lower-Sugarloaf,WA,2025-09-21,Lower-Sugarloaf-WA-dNBR_20250921_235959.tif,https://bin.ssec.wisc.edu/pub/realearth/brisk/2025/Lower-Sugarloaf-WA-dNBR_20250921_235959.tif
Lower-Sugarloaf,WA,2025-09-22,Lower-Sugarloaf-WA-dNBR_20250922_235959.tif,https://bin.ssec.wisc.edu/pub/realearth/brisk/2025/Lower-Sugarloaf-WA-dNBR_20250922_235959.tif
Lower-Sugarloaf,WA,2025-09-24,Lower-Sugarloaf-WA-dNBR_20250924_235959.tif,https://bin.ssec.wisc.edu/pub/realearth/brisk/2025/Lower-Sugarloaf-WA-dNBR_20250924_235959.tif
Lower-Sugarloaf,WA,2025-09-25,Lower-Sugarloaf-WA-dNBR_20250925_235959.tif,https://bin.ssec.wisc.edu/pub/realearth/brisk/2025/Lower-Sugarloaf-WA-dNBR_20250925_235959.tif
Lower-Sugarloaf,WA,2025-09-26,Lower-Sugarloaf-WA-dNBR_20250926_235959.tif,https://bin.ssec.wisc.edu/pub/realearth/brisk/2025/Lower-Sugarloaf-WA-dNBR_20250926_235959.tif
Lower-Sugarloaf,WA,2025-09-27,Lower-Sugarloaf-WA-dNBR_20250927_235959.tif,https://bin.ssec.wisc.edu/pub/realearth/brisk/2025/Lower-Sugarloaf-WA-dNBR_20250927_235959.tif
Lower-Sugarloaf,WA,2025-09-28,Lower-Sugarloaf-WA-dNBR_20250928_235959.tif,https://bin.ssec.wisc.edu/pub/realearth/brisk/2025/Lower-Sugarloaf-WA-dNBR_20250928_235959.tif
Lower-Sugarloaf,WA,2025-09-29,Lower-Sugarloaf-WA-dNBR_20250929_235959.tif,https://bin.ssec.wisc.edu/pub/realearth/brisk/2025/Lower-Sugarloaf-WA-dNBR_20250929_235959.tif
Lower-Sugarloaf,WA,2025-09-30,Lower-Sugarloaf-WA-dNBR_20250930_235959.tif,https://bin.ssec.wisc.edu/pub/realearth/brisk/2025/Lower-Sugarloaf-WA-dNBR_20250930_235959.tif
Lower-Sugarloaf,WA,2025-10-01,Lower-Sugarloaf-WA-dNBR_20251001_235959.tif,https://bin.ssec.wisc.edu/pub/realearth/brisk/2025/Lower-Sugarloaf-WA-dNBR_20251001_235959.tif
Lower-Sugarloaf,WA,2025-10-02,Lower-Sugarloaf-WA-dNBR_20251002_235959.tif,https://bin.ssec.wisc.edu/pub/realearth/brisk/2025/Lower-Sugarloaf-WA-dNBR_20251002_235959.tif
Lower-Sugarloaf,WA,2025-10-06,Lower-Sugarloaf-WA-dNBR_20251006_235959.tif,https://bin.ssec.wisc.edu/pub/realearth/brisk/2025/Lower-Sugarloaf-WA-dNBR_20251006_235959.tif
Lower-Sugarloaf,WA,2025-10-07,Lower-Sugarloaf-WA-dNBR_20251007_235959.tif,https://bin.ssec.wisc.edu/pub/realearth/brisk/2025/Lower-Sugarloaf-WA-dNBR_20251007_235959.tif
Lower-Sugarloaf,WA,2025-10-08,Lower-Sugarloaf-WA-dNBR_20251008_235959.tif,https://bin.ssec.wisc.edu/pub/realearth/brisk/2025/Lower-Sugarloaf-WA-dNBR_20251008_235959.tif
Lower-Sugarloaf,WA,2025-10-09,Lower-Sugarloaf-WA-dNBR_20251009_235959.tif,https://bin.ssec.wisc.edu/pub/realearth/brisk/2025/Lower-Sugarloaf-WA-dNBR_20251009_235959.tif
Lower-Sugarloaf,WA,2025-10-10,Lower-Sugarloaf-WA-dNBR_20251010_235959.tif,https://bin.ssec.wisc.edu/pub/realearth/brisk/2025/Lower-Sugarloaf-WA-dNBR_20251010_235959.tif
Lower-Sugarloaf,WA,2025-10-11,Lower-Sugarloaf-WA-dNBR_20251011_235959.tif,https://bin.ssec.wisc.edu/pub/realearth/brisk/2025/Lower-Sugarloaf-WA-dNBR_20251011_235959.tif
Lower-Sugarloaf,WA,2025-10-12,Lower-Sugarloaf-WA-dNBR_20251012_235959.tif,https://bin.ssec.wisc.edu/pub/realearth/brisk/2025/Lower-Sugarloaf-WA-dNBR_20251012_235959.tif
Lower-Sugarloaf,WA,2025-10-13,Lower-Sugarloaf-WA-dNBR_20251013_235959.tif,https://bin.ssec.wisc.edu/pub/realearth/brisk/2025/Lower-Sugarloaf-WA-dNBR_20251013_235959.tif
Lower-Sugarloaf,WA,2025-10-14,Lower-Sugarloaf-WA-dNBR_20251014_235959.tif,https://bin.ssec.wisc.edu/pub/realearth/brisk/2025/Lower-Sugarloaf-WA-dNBR_20251014_235959.tif
Lower-Sugarloaf,WA,2025-10-15,Lower-Sugarloaf-WA-dNBR_20251015_235959.tif,https://bin.ssec.wisc.edu/pub/realearth/brisk/2025/Lower-Sugarloaf-WA-dNBR_20251015_235959.tif
Lower-Sugarloaf,WA,2025-10-16,Lower-Sugarloaf-WA-dNBR_20251016_235959.tif,https://bin.ssec.wisc.edu/pub/realearth/brisk/2025/Lower-Sugarloaf-WA-dNBR_20251016_235959.tif
Lower-Sugarloaf,WA,2025-10-17,Lower-Sugarloaf-WA-dNBR_20251017_235959.tif,https://bin.ssec.wisc.edu/pub/realearth/brisk/2025/Lower-Sugarloaf-WA-dNBR_20251017_235959.tif
Lower-Sugarloaf,WA,2025-10-18,Lower-Sugarloaf-WA-dNBR_20251018_235959.tif,https://bin.ssec.wisc.edu/pub/realearth/brisk/2025/Lower-Sugarloaf-WA-dNBR_20251018_235959.tif
Lower-Sugarloaf,WA,2025-10-19,Lower-Sugarloaf-WA-dNBR_20251019_235959.tif,https://bin.ssec.wisc.edu/pub/realearth/brisk/2025/Lower-Sugarloaf-WA-dNBR_20251019_235959.tif
Lower-Sugarloaf,WA,2025-10-29,Lower-Sugarloaf-WA-dNBR_20251029_235959.tif,https://bin.ssec.wisc.edu/pub/realearth/brisk/2025/Lower-Sugarloaf-WA-dNBR_20251029_235959.tif
Lower-Sugarloaf,WA,2025-10-30,Lower-Sugarloaf-WA-dNBR_20251030_235959.tif,https://bin.ssec.wisc.edu/pub/realearth/brisk/2025/Lower-Sugarloaf-WA-dNBR_20251030_235959.tif
Lower-Sugarloaf,WA,2025-10-31,Lower-Sugarloaf-WA-dNBR_20251031_235959.tif,https://bin.ssec.wisc.edu/pub/realearth/brisk/2025/Lower-Sugarloaf-WA-dNBR_20251031_235959.tif
Lower-Sugarloaf,WA,2025-11-01,Lower-Sugarloaf-WA-dNBR_20251101_235959.tif,https://bin.ssec.wisc.edu/pub/realearth/brisk/2025/Lower-Sugarloaf-WA-dNBR_20251101_235959.tif
Lower-Sugarloaf,WA,2025-11-03,Lower-Sugarloaf-WA-dNBR_20251103_235959.tif,https://bin.ssec.wisc.edu/pub/realearth/brisk/2025/Lower-Sugarloaf-WA-dNBR_20251103_235959.tif
Lower-Sugarloaf,WA,2025-11-04,Lower-Sugarloaf-WA-dNBR_20251104_235959.tif,https://bin.ssec.wisc.edu/pub/realearth/brisk/2025/Lower-Sugarloaf-WA-dNBR_20251104_235959.tif
Lower-Sugarloaf,WA,2025-11-05,Lower-Sugarloaf-WA-dNBR_20251105_235959.tif,https://bin.ssec.wisc.edu/pub/realearth/brisk/2025/Lower-Sugarloaf-WA-dNBR_20251105_235959.tif
Lower-Sugarloaf,WA,2025-11-06,Lower-Sugarloaf-WA-dNBR_20251106_235959.tif,https://bin.ssec.wisc.edu/pub/realearth/brisk/2025/Lower-Sugarloaf-WA-dNBR_20251106_235959.tif
Lower-Sugarloaf,WA,2025-11-07,Lower-Sugarloaf-WA-dNBR_20251107_235959.tif,https://bin.ssec.wisc.edu/pub/realearth/brisk/2025/Lower-Sugarloaf-WA-dNBR_20251107_235959.tif
Lower-Sugarloaf,WA,2025-11-08,Lower-Sugarloaf-WA-dNBR_20251108_235959.tif,https://bin.ssec.wisc.edu/pub/realearth/brisk/2025/Lower-Sugarloaf-WA-dNBR_20251108_235959.tif
Lower-Sugarloaf,WA,2025-11-09,Lower-Sugarloaf-WA-dNBR_20251109_235959.tif,https://bin.ssec.wisc.edu/pub/realearth/brisk/2025/Lower-Sugarloaf-WA-dNBR_20251109_235959.tif
Lower-Sugarloaf,WA,2025-11-10,Lower-Sugarloaf-WA-dNBR_20251110_235959.tif,https://bin.ssec.wisc.edu/pub/realearth/brisk/2025/Lower-Sugarloaf-WA-dNBR_20251110_235959.tif
Lower-Sugarloaf,WA,2025-11-11,Lower-Sugarloaf-WA-dNBR_20251111_235959.tif,https://bin.ssec.wisc.edu/pub/realearth/brisk/2025/Lower-Sugarloaf-WA-dNBR_20251111_235959.tif
Lower-Sugarloaf,WA,2025-11-12,Lower-Sugarloaf-WA-dNBR_20251112_235959.tif,https://bin.ssec.wisc.edu/pub/realearth/brisk/2025/Lower-Sugarloaf-WA-dNBR_20251112_235959.tif
Lower-Sugarloaf,WA,2025-11-13,Lower-Sugarloaf-WA-dNBR_20251113_235959.tif,https://bin.ssec.wisc.edu/pub/realearth/brisk/2025/Lower-Sugarloaf-WA-dNBR_20251113_235959.tif
Lower-Sugarloaf,WA,2025-11-14,Lower-Sugarloaf-WA-dNBR_20251114_235959.tif,https://bin.ssec.wisc.edu/pub/realearth/brisk/2025/Lower-Sugarloaf-WA-dNBR_20251114_235959.tif
Lower-Sugarloaf,WA,2025-11-15,Lower-Sugarloaf-WA-dNBR_20251115_235959.tif,https://bin.ssec.wisc.edu/pub/realearth/brisk/2025/Lower-Sugarloaf-WA-dNBR_20251115_235959.tif
Lower-Sugarloaf,WA,2025-11-17,Lower-Sugarloaf-WA-dNBR_20251117_235959.tif,https://bin.ssec.wisc.edu/pub/realearth/brisk/2025/Lower-Sugarloaf-WA-dNBR_20251117_235959.tif
Lower-Sugarloaf,WA,2025-11-18,Lower-Sugarloaf-WA-dNBR_20251118_235959.tif,https://bin.ssec.wisc.edu/pub/realearth/brisk/2025/Lower-Sugarloaf-WA-dNBR_20251118_235959.tif
Lower-Sugarloaf,WA,2025-11-19,Lower-Sugarloaf-WA-dNBR_20251119_235959.tif,https://bin.ssec.wisc.edu/pub/realearth/brisk/2025/Lower-Sugarloaf-WA-dNBR_20251119_235959.tif
Lower-Sugarloaf,WA,2025-11-20,Lower-Sugarloaf-WA-dNBR_20251120_235959.tif,https://bin.ssec.wisc.edu/pub/realearth/brisk/2025/Lower-Sugarloaf-WA-dNBR_20251120_235959.tif
Madre,CA,2025-07-03,Madre-CA-dNBR_20250703_235959.tif,https://bin.ssec.wisc.edu/pub/realearth/brisk/2025/Madre-CA-dNBR_20250703_235959.tif
Madre,CA,2025-07-05,Madre-CA-dNBR_20250705_235959.tif,https://bin.ssec.wisc.edu/pub/realearth/brisk/2025/Madre-CA-dNBR_20250705_235959.tif
Madre,CA,2025-07-06,Madre-CA-dNBR_20250706_235959.tif,https://bin.ssec.wisc.edu/pub/realearth/brisk/2025/Madre-CA-dNBR_20250706_235959.tif
Madre,CA,2025-07-07,Madre-CA-dNBR_20250707_235959.tif,https://bin.ssec.wisc.edu/pub/realearth/brisk/2025/Madre-CA-dNBR_20250707_235959.tif
Madre,CA,2025-07-08,Madre-CA-dNBR_20250708_235959.tif,https://bin.ssec.wisc.edu/pub/realearth/brisk/2025/Madre-CA-dNBR_20250708_235959.tif
Madre,CA,2025-07-09,Madre-CA-dNBR_20250709_235959.tif,https://bin.ssec.wisc.edu/pub/realearth/brisk/2025/Madre-CA-dNBR_20250709_235959.tif
Madre,CA,2025-07-10,Madre-CA-dNBR_20250710_235959.tif,https://bin.ssec.wisc.edu/pub/realearth/brisk/2025/Madre-CA-dNBR_20250710_235959.tif
Madre,CA,2025-07-11,Madre-CA-dNBR_20250711_235959.tif,https://bin.ssec.wisc.edu/pub/realearth/brisk/2025/Madre-CA-dNBR_20250711_235959.tif
Madre,CA,2025-07-12,Madre-CA-dNBR_20250712_235959.tif,https://bin.ssec.wisc.edu/pub/realearth/brisk/2025/Madre-CA-dNBR_20250712_235959.tif
Madre,CA,2025-07-13,Madre-CA-dNBR_20250713_235959.tif,https://bin.ssec.wisc.edu/pub/realearth/brisk/2025/Madre-CA-dNBR_20250713_235959.tif
Madre,CA,2025-07-14,Madre-CA-dNBR_20250714_235959.tif,https://bin.ssec.wisc.edu/pub/realearth/brisk/2025/Madre-CA-dNBR_20250714_235959.tif
Madre,CA,2025-07-15,Madre-CA-dNBR_20250715_235959.tif,https://bin.ssec.wisc.edu/pub/realearth/brisk/2025/Madre-CA-dNBR_20250715_235959.tif
Madre,CA,2025-07-16,Madre-CA-dNBR_20250716_235959.tif,https://bin.ssec.wisc.edu/pub/realearth/brisk/2025/Madre-CA-dNBR_20250716_235959.tif
Madre,CA,2025-07-17,Madre-CA-dNBR_20250717_235959.tif,https://bin.ssec.wisc.edu/pub/realearth/brisk/2025/Madre-CA-dNBR_20250717_235959.tif
Madre,CA,2025-07-18,Madre-CA-dNBR_20250718_235959.tif,https://bin.ssec.wisc.edu/pub/realearth/brisk/2025/Madre-CA-dNBR_20250718_235959.tif
Madre,CA,2025-07-19,Madre-CA-dNBR_20250719_235959.tif,https://bin.ssec.wisc.edu/pub/realearth/brisk/2025/Madre-CA-dNBR_20250719_235959.tif
Madre,CA,2025-07-20,Madre-CA-dNBR_20250720_235959.tif,https://bin.ssec.wisc.edu/pub/realearth/brisk/2025/Madre-CA-dNBR_20250720_235959.tif
Madre,CA,2025-07-21,Madre-CA-dNBR_20250721_235959.tif,https://bin.ssec.wisc.edu/pub/realearth/brisk/2025/Madre-CA-dNBR_20250721_235959.tif
Madre,CA,2025-07-22,Madre-CA-dNBR_20250722_235959.tif,https://bin.ssec.wisc.edu/pub/realearth/brisk/2025/Madre-CA-dNBR_20250722_235959.tif
Madre,CA,2025-07-23,Madre-CA-dNBR_20250723_235959.tif,https://bin.ssec.wisc.edu/pub/realearth/brisk/2025/Madre-CA-dNBR_20250723_235959.tif
Madre,CA,2025-07-24,Madre-CA-dNBR_20250724_235959.tif,https://bin.ssec.wisc.edu/pub/realearth/brisk/2025/Madre-CA-dNBR_20250724_235959.tif
Madre,CA,2025-07-25,Madre-CA-dNBR_20250725_235959.tif,https://bin.ssec.wisc.edu/pub/realearth/brisk/2025/Madre-CA-dNBR_20250725_235959.tif
Middle-Mesa,NM,2025-08-09,Middle-Mesa-NM-dNBR_20250809_235959.tif,https://bin.ssec.wisc.edu/pub/realearth/brisk/2025/Middle-Mesa-NM-dNBR_20250809_235959.tif
Middle-Mesa,NM,2025-08-10,Middle-Mesa-NM-dNBR_20250810_235959.tif,https://bin.ssec.wisc.edu/pub/realearth/brisk/2025/Middle-Mesa-NM-dNBR_20250810_235959.tif
Middle-Mesa,NM,2025-08-11,Middle-Mesa-NM-dNBR_20250811_235959.tif,https://bin.ssec.wisc.edu/pub/realearth/brisk/2025/Middle-Mesa-NM-dNBR_20250811_235959.tif
Middle-Mesa,NM,2025-08-12,Middle-Mesa-NM-dNBR_20250812_235959.tif,https://bin.ssec.wisc.edu/pub/realearth/brisk/2025/Middle-Mesa-NM-dNBR_20250812_235959.tif
Middle-Mesa,NM,2025-08-13,Middle-Mesa-NM-dNBR_20250813_235959.tif,https://bin.ssec.wisc.edu/pub/realearth/brisk/2025/Middle-Mesa-NM-dNBR_20250813_235959.tif
Middle-Mesa,NM,2025-08-14,Middle-Mesa-NM-dNBR_20250814_235959.tif,https://bin.ssec.wisc.edu/pub/realearth/brisk/2025/Middle-Mesa-NM-dNBR_20250814_235959.tif
Middle-Mesa,NM,2025-08-15,Middle-Mesa-NM-dNBR_20250815_235959.tif,https://bin.ssec.wisc.edu/pub/realearth/brisk/2025/Middle-Mesa-NM-dNBR_20250815_235959.tif
Middle-Mesa,NM,2025-08-16,Middle-Mesa-NM-dNBR_20250816_235959.tif,https://bin.ssec.wisc.edu/pub/realearth/brisk/2025/Middle-Mesa-NM-dNBR_20250816_235959.tif
Middle-Mesa,NM,2025-08-17,Middle-Mesa-NM-dNBR_20250817_235959.tif,https://bin.ssec.wisc.edu/pub/realearth/brisk/2025/Middle-Mesa-NM-dNBR_20250817_235959.tif
Middle-Mesa,NM,2025-08-18,Middle-Mesa-NM-dNBR_20250818_235959.tif,https://bin.ssec.wisc.edu/pub/realearth/brisk/2025/Middle-Mesa-NM-dNBR_20250818_235959.tif
Middle-Mesa,NM,2025-08-19,Middle-Mesa-NM-dNBR_20250819_235959.tif,https://bin.ssec.wisc.edu/pub/realearth/brisk/2025/Middle-Mesa-NM-dNBR_20250819_235959.tif
Middle-Mesa,NM,2025-08-20,Middle-Mesa-NM-dNBR_20250820_235959.tif,https://bin.ssec.wisc.edu/pub/realearth/brisk/2025/Middle-Mesa-NM-dNBR_20250820_235959.tif
Middle-Mesa,NM,2025-08-21,Middle-Mesa-NM-dNBR_20250821_235959.tif,https://bin.ssec.wisc.edu/pub/realearth/brisk/2025/Middle-Mesa-NM-dNBR_20250821_235959.tif
Middle-Mesa,NM,2025-08-22,Middle-Mesa-NM-dNBR_20250822_235959.tif,https://bin.ssec.wisc.edu/pub/realearth/brisk/2025/Middle-Mesa-NM-dNBR_20250822_235959.tif
Middle-Mesa,NM,2025-08-23,Middle-Mesa-NM-dNBR_20250823_235959.tif,https://bin.ssec.wisc.edu/pub/realearth/brisk/2025/Middle-Mesa-NM-dNBR_20250823_235959.tif
Middle-Mesa,NM,2025-08-25,Middle-Mesa-NM-dNBR_20250825_235959.tif,https://bin.ssec.wisc.edu/pub/realearth/brisk/2025/Middle-Mesa-NM-dNBR_20250825_235959.tif
Middle-Mesa,NM,2025-08-26,Middle-Mesa-NM-dNBR_20250826_235959.tif,https://bin.ssec.wisc.edu/pub/realearth/brisk/2025/Middle-Mesa-NM-dNBR_20250826_235959.tif
Middle-Mesa,NM,2025-09-01,Middle-Mesa-NM-dNBR_20250901_235959.tif,https://bin.ssec.wisc.edu/pub/realearth/brisk/2025/Middle-Mesa-NM-dNBR_20250901_235959.tif
Middle-Mesa,NM,2025-09-02,Middle-Mesa-NM-dNBR_20250902_235959.tif,https://bin.ssec.wisc.edu/pub/realearth/brisk/2025/Middle-Mesa-NM-dNBR_20250902_235959.tif
Middle-Mesa,NM,2025-09-03,Middle-Mesa-NM-dNBR_20250903_235959.tif,https://bin.ssec.wisc.edu/pub/realearth/brisk/2025/Middle-Mesa-NM-dNBR_20250903_235959.tif
Middle-Mesa,NM,2025-09-04,Middle-Mesa-NM-dNBR_20250904_235959.tif,https://bin.ssec.wisc.edu/pub/realearth/brisk/2025/Middle-Mesa-NM-dNBR_20250904_235959.tif
Middle-Mesa,NM,2025-09-05,Middle-Mesa-NM-dNBR_20250905_235959.tif,https://bin.ssec.wisc.edu/pub/realearth/brisk/2025/Middle-Mesa-NM-dNBR_20250905_235959.tif
Middle-Mesa,NM,2025-09-06,Middle-Mesa-NM-dNBR_20250906_235959.tif,https://bin.ssec.wisc.edu/pub/realearth/brisk/2025/Middle-Mesa-NM-dNBR_20250906_235959.tif
Middle-Mesa,NM,2025-09-07,Middle-Mesa-NM-dNBR_20250907_235959.tif,https://bin.ssec.wisc.edu/pub/realearth/brisk/2025/Middle-Mesa-NM-dNBR_20250907_235959.tif
Middle-Mesa,NM,2025-09-08,Middle-Mesa-NM-dNBR_20250908_235959.tif,https://bin.ssec.wisc.edu/pub/realearth/brisk/2025/Middle-Mesa-NM-dNBR_20250908_235959.tif
Middle-Mesa,NM,2025-09-09,Middle-Mesa-NM-dNBR_20250909_235959.tif,https://bin.ssec.wisc.edu/pub/realearth/brisk/2025/Middle-Mesa-NM-dNBR_20250909_235959.tif
Middle-Mesa,NM,2025-09-10,Middle-Mesa-NM-dNBR_20250910_235959.tif,https://bin.ssec.wisc.edu/pub/realearth/brisk/2025/Middle-Mesa-NM-dNBR_20250910_235959.tif
Monroe-Canyon,UT,2025-07-15,Monroe-Canyon-UT-dNBR_20250715_235959.tif,https://bin.ssec.wisc.edu/pub/realearth/brisk/2025/Monroe-Canyon-UT-dNBR_20250715_235959.tif
Monroe-Canyon,UT,2025-07-16,Monroe-Canyon-UT-dNBR_20250716_235959.tif,https://bin.ssec.wisc.edu/pub/realearth/brisk/2025/Monroe-Canyon-UT-dNBR_20250716_235959.tif
Monroe-Canyon,UT,2025-07-17,Monroe-Canyon-UT-dNBR_20250717_235959.tif,https://bin.ssec.wisc.edu/pub/realearth/brisk/2025/Monroe-Canyon-UT-dNBR_20250717_235959.tif
Monroe-Canyon,UT,2025-07-18,Monroe-Canyon-UT-dNBR_20250718_235959.tif,https://bin.ssec.wisc.edu/pub/realearth/brisk/2025/Monroe-Canyon-UT-dNBR_20250718_235959.tif
Monroe-Canyon,UT,2025-07-19,Monroe-Canyon-UT-dNBR_20250719_235959.tif,https://bin.ssec.wisc.edu/pub/realearth/brisk/2025/Monroe-Canyon-UT-dNBR_20250719_235959.tif
Monroe-Canyon,UT,2025-07-20,Monroe-Canyon-UT-dNBR_20250720_235959.tif,https://bin.ssec.wisc.edu/pub/realearth/brisk/2025/Monroe-Canyon-UT-dNBR_20250720_235959.tif
Monroe-Canyon,UT,2025-07-21,Monroe-Canyon-UT-dNBR_20250721_235959.tif,https://bin.ssec.wisc.edu/pub/realearth/brisk/2025/Monroe-Canyon-UT-dNBR_20250721_235959.tif
Monroe-Canyon,UT,2025-07-22,Monroe-Canyon-UT-dNBR_20250722_235959.tif,https://bin.ssec.wisc.edu/pub/realearth/brisk/2025/Monroe-Canyon-UT-dNBR_20250722_235959.tif
Monroe-Canyon,UT,2025-07-23,Monroe-Canyon-UT-dNBR_20250723_235959.tif,https://bin.ssec.wisc.edu/pub/realearth/brisk/2025/Monroe-Canyon-UT-dNBR_20250723_235959.tif
Monroe-Canyon,UT,2025-07-24,Monroe-Canyon-UT-dNBR_20250724_235959.tif,https://bin.ssec.wisc.edu/pub/realearth/brisk/2025/Monroe-Canyon-UT-dNBR_20250724_235959.tif
Monroe-Canyon,UT,2025-07-25,Monroe-Canyon-UT-dNBR_20250725_235959.tif,https://bin.ssec.wisc.edu/pub/realearth/brisk/2025/Monroe-Canyon-UT-dNBR_20250725_235959.tif
Monroe-Canyon,UT,2025-07-26,Monroe-Canyon-UT-dNBR_20250726_235959.tif,https://bin.ssec.wisc.edu/pub/realearth/brisk/2025/Monroe-Canyon-UT-dNBR_20250726_235959.tif
Monroe-Canyon,UT,2025-07-27,Monroe-Canyon-UT-dNBR_20250727_235959.tif,https://bin.ssec.wisc.edu/pub/realearth/brisk/2025/Monroe-Canyon-UT-dNBR_20250727_235959.tif
Monroe-Canyon,UT,2025-07-28,Monroe-Canyon-UT-dNBR_20250728_235959.tif,https://bin.ssec.wisc.edu/pub/realearth/brisk/2025/Monroe-Canyon-UT-dNBR_20250728_235959.tif
Monroe-Canyon,UT,2025-07-29,Monroe-Canyon-UT-dNBR_20250729_235959.tif,https://bin.ssec.wisc.edu/pub/realearth/brisk/2025/Monroe-Canyon-UT-dNBR_20250729_235959.tif
Monroe-Canyon,UT,2025-07-30,Monroe-Canyon-UT-dNBR_20250730_235959.tif,https://bin.ssec.wisc.edu/pub/realearth/brisk/2025/Monroe-Canyon-UT-dNBR_20250730_235959.tif
Monroe-Canyon,UT,2025-07-31,Monroe-Canyon-UT-dNBR_20250731_235959.tif,https://bin.ssec.wisc.edu/pub/realearth/brisk/2025/Monroe-Canyon-UT-dNBR_20250731_235959.tif
Monroe-Canyon,UT,2025-08-01,Monroe-Canyon-UT-dNBR_20250801_235959.tif,https://bin.ssec.wisc.edu/pub/realearth/brisk/2025/Monroe-Canyon-UT-dNBR_20250801_235959.tif
Monroe-Canyon,UT,2025-08-02,Monroe-Canyon-UT-dNBR_20250802_235959.tif,https://bin.ssec.wisc.edu/pub/realearth/brisk/2025/Monroe-Canyon-UT-dNBR_20250802_235959.tif
Monroe-Canyon,UT,2025-08-03,Monroe-Canyon-UT-dNBR_20250803_235959.tif,https://bin.ssec.wisc.edu/pub/realearth/brisk/2025/Monroe-Canyon-UT-dNBR_20250803_235959.tif
Monroe-Canyon,UT,2025-08-04,Monroe-Canyon-UT-dNBR_20250804_235959.tif,https://bin.ssec.wisc.edu/pub/realearth/brisk/2025/Monroe-Canyon-UT-dNBR_20250804_235959.tif
Monroe-Canyon,UT,2025-08-05,Monroe-Canyon-UT-dNBR_20250805_235959.tif,https://bin.ssec.wisc.edu/pub/realearth/brisk/2025/Monroe-Canyon-UT-dNBR_20250805_235959.tif
Monroe-Canyon,UT,2025-08-06,Monroe-Canyon-UT-dNBR_20250806_235959.tif,https://bin.ssec.wisc.edu/pub/realearth/brisk/2025/Monroe-Canyon-UT-dNBR_20250806_235959.tif
Monroe-Canyon,UT,2025-08-07,Monroe-Canyon-UT-dNBR_20250807_235959.tif,https://bin.ssec.wisc.edu/pub/realearth/brisk/2025/Monroe-Canyon-UT-dNBR_20250807_235959.tif
Monroe-Canyon,UT,2025-08-08,Monroe-Canyon-UT-dNBR_20250808_235959.tif,https://bin.ssec.wisc.edu/pub/realearth/brisk/2025/Monroe-Canyon-UT-dNBR_20250808_235959.tif
Monroe-Canyon,UT,2025-08-09,Monroe-Canyon-UT-dNBR_20250809_235959.tif,https://bin.ssec.wisc.edu/pub/realearth/brisk/2025/Monroe-Canyon-UT-dNBR_20250809_235959.tif
Monroe-Canyon,UT,2025-08-10,Monroe-Canyon-UT-dNBR_20250810_235959.tif,https://bin.ssec.wisc.edu/pub/realearth/brisk/2025/Monroe-Canyon-UT-dNBR_20250810_235959.tif
Monroe-Canyon,UT,2025-08-11,Monroe-Canyon-UT-dNBR_20250811_235959.tif,https://bin.ssec.wisc.edu/pub/realearth/brisk/2025/Monroe-Canyon-UT-dNBR_20250811_235959.tif
Monroe-Canyon,UT,2025-08-12,Monroe-Canyon-UT-dNBR_20250812_235959.tif,https://bin.ssec.wisc.edu/pub/realearth/brisk/2025/Monroe-Canyon-UT-dNBR_20250812_235959.tif
Monroe-Canyon,UT,2025-08-13,Monroe-Canyon-UT-dNBR_20250813_235959.tif,https://bin.ssec.wisc.edu/pub/realearth/brisk/2025/Monroe-Canyon-UT-dNBR_20250813_235959.tif
Monroe-Canyon,UT,2025-08-14,Monroe-Canyon-UT-dNBR_20250814_235959.tif,https://bin.ssec.wisc.edu/pub/realearth/brisk/2025/Monroe-Canyon-UT-dNBR_20250814_235959.tif
Monroe-Canyon,UT,2025-08-15,Monroe-Canyon-UT-dNBR_20250815_235959.tif,https://bin.ssec.wisc.edu/pub/realearth/brisk/2025/Monroe-Canyon-UT-dNBR_20250815_235959.tif
Monroe-Canyon,UT,2025-08-16,Monroe-Canyon-UT-dNBR_20250816_235959.tif,https://bin.ssec.wisc.edu/pub/realearth/brisk/2025/Monroe-Canyon-UT-dNBR_20250816_235959.tif
Monroe-Canyon,UT,2025-08-17,Monroe-Canyon-UT-dNBR_20250817_235959.tif,https://bin.ssec.wisc.edu/pub/realearth/brisk/2025/Monroe-Canyon-UT-dNBR_20250817_235959.tif
Monroe-Canyon,UT,2025-08-18,Monroe-Canyon-UT-dNBR_20250818_235959.tif,https://bin.ssec.wisc.edu/pub/realearth/brisk/2025/Monroe-Canyon-UT-dNBR_20250818_235959.tif
Monroe-Canyon,UT,2025-08-19,Monroe-Canyon-UT-dNBR_20250819_235959.tif,https://bin.ssec.wisc.edu/pub/realearth/brisk/2025/Monroe-Canyon-UT-dNBR_20250819_235959.tif
Monroe-Canyon,UT,2025-08-20,Monroe-Canyon-UT-dNBR_20250820_235959.tif,https://bin.ssec.wisc.edu/pub/realearth/brisk/2025/Monroe-Canyon-UT-dNBR_20250820_235959.tif
Monroe-Canyon,UT,2025-08-21,Monroe-Canyon-UT-dNBR_20250821_235959.tif,https://bin.ssec.wisc.edu/pub/realearth/brisk/2025/Monroe-Canyon-UT-dNBR_20250821_235959.tif
Monroe-Canyon,UT,2025-08-22,Monroe-Canyon-UT-dNBR_20250822_235959.tif,https://bin.ssec.wisc.edu/pub/realearth/brisk/2025/Monroe-Canyon-UT-dNBR_20250822_235959.tif
Monroe-Canyon,UT,2025-08-23,Monroe-Canyon-UT-dNBR_20250823_235959.tif,https://bin.ssec.wisc.edu/pub/realearth/brisk/2025/Monroe-Canyon-UT-dNBR_20250823_235959.tif
Monroe-Canyon,UT,2025-08-24,Monroe-Canyon-UT-dNBR_20250824_235959.tif,https://bin.ssec.wisc.edu/pub/realearth/brisk/2025/Monroe-Canyon-UT-dNBR_20250824_235959.tif
Monroe-Canyon,UT,2025-08-25,Monroe-Canyon-UT-dNBR_20250825_235959.tif,https://bin.ssec.wisc.edu/pub/realearth/brisk/2025/Monroe-Canyon-UT-dNBR_20250825_235959.tif
Monroe-Canyon,UT,2025-08-26,Monroe-Canyon-UT-dNBR_20250826_235959.tif,https://bin.ssec.wisc.edu/pub/realearth/brisk/2025/Monroe-Canyon-UT-dNBR_20250826_235959.tif
Monroe-Canyon,UT,2025-09-01,Monroe-Canyon-UT-dNBR_20250901_235959.tif,https://bin.ssec.wisc.edu/pub/realearth/brisk/2025/Monroe-Canyon-UT-dNBR_20250901_235959.tif
Monroe-Canyon,UT,2025-09-02,Monroe-Canyon-UT-dNBR_20250902_235959.tif,https://bin.ssec.wisc.edu/pub/realearth/brisk/2025/Monroe-Canyon-UT-dNBR_20250902_235959.tif
Monroe-Canyon,UT,2025-09-03,Monroe-Canyon-UT-dNBR_20250903_235959.tif,https://bin.ssec.wisc.edu/pub/realearth/brisk/2025/Monroe-Canyon-UT-dNBR_20250903_235959.tif
Monroe-Canyon,UT,2025-09-04,Monroe-Canyon-UT-dNBR_20250904_235959.tif,https://bin.ssec.wisc.edu/pub/realearth/brisk/2025/Monroe-Canyon-UT-dNBR_20250904_235959.tif
Monroe-Canyon,UT,2025-09-05,Monroe-Canyon-UT-dNBR_20250905_235959.tif,https://bin.ssec.wisc.edu/pub/realearth/brisk/2025/Monroe-Canyon-UT-dNBR_20250905_235959.tif
Monroe-Canyon,UT,2025-09-06,Monroe-Canyon-UT-dNBR_20250906_235959.tif,https://bin.ssec.wisc.edu/pub/realearth/brisk/2025/Monroe-Canyon-UT-dNBR_20250906_235959.tif
Monroe-Canyon,UT,2025-09-07,Monroe-Canyon-UT-dNBR_20250907_235959.tif,https://bin.ssec.wisc.edu/pub/realearth/brisk/2025/Monroe-Canyon-UT-dNBR_20250907_235959.tif
Monroe-Canyon,UT,2025-09-08,Monroe-Canyon-UT-dNBR_20250908_235959.tif,https://bin.ssec.wisc.edu/pub/realearth/brisk/2025/Monroe-Canyon-UT-dNBR_20250908_235959.tif
Mosquito,FL,2025-07-09,Mosquito-FL-dNBR_20250709_235959.tif,https://bin.ssec.wisc.edu/pub/realearth/brisk/2025/Mosquito-FL-dNBR_20250709_235959.tif
Mosquito,FL,2025-07-10,Mosquito-FL-dNBR_20250710_235959.tif,https://bin.ssec.wisc.edu/pub/realearth/brisk/2025/Mosquito-FL-dNBR_20250710_235959.tif
Mosquito,FL,2025-07-11,Mosquito-FL-dNBR_20250711_235959.tif,https://bin.ssec.wisc.edu/pub/realearth/brisk/2025/Mosquito-FL-dNBR_20250711_235959.tif
Mount-Irish,NV,2025-07-02,Mount-Irish-NV-dNBR_20250702_235959.tif,https://bin.ssec.wisc.edu/pub/realearth/brisk/2025/Mount-Irish-NV-dNBR_20250702_235959.tif
Mount-Irish,NV,2025-07-03,Mount-Irish-NV-dNBR_20250703_235959.tif,https://bin.ssec.wisc.edu/pub/realearth/brisk/2025/Mount-Irish-NV-dNBR_20250703_235959.tif
Mount-Irish,NV,2025-07-04,Mount-Irish-NV-dNBR_20250704_235959.tif,https://bin.ssec.wisc.edu/pub/realearth/brisk/2025/Mount-Irish-NV-dNBR_20250704_235959.tif
Mount-Irish,NV,2025-07-05,Mount-Irish-NV-dNBR_20250705_235959.tif,https://bin.ssec.wisc.edu/pub/realearth/brisk/2025/Mount-Irish-NV-dNBR_20250705_235959.tif
Mount-Irish,NV,2025-07-06,Mount-Irish-NV-dNBR_20250706_235959.tif,https://bin.ssec.wisc.edu/pub/realearth/brisk/2025/Mount-Irish-NV-dNBR_20250706_235959.tif
Mount-Irish,NV,2025-07-07,Mount-Irish-NV-dNBR_20250707_235959.tif,https://bin.ssec.wisc.edu/pub/realearth/brisk/2025/Mount-Irish-NV-dNBR_20250707_235959.tif
Mount-Irish,NV,2025-07-08,Mount-Irish-NV-dNBR_20250708_235959.tif,https://bin.ssec.wisc.edu/pub/realearth/brisk/2025/Mount-Irish-NV-dNBR_20250708_235959.tif
Mount-Irish,NV,2025-07-09,Mount-Irish-NV-dNBR_20250709_235959.tif,https://bin.ssec.wisc.edu/pub/realearth/brisk/2025/Mount-Irish-NV-dNBR_20250709_235959.tif
Mount-Irish,NV,2025-07-10,Mount-Irish-NV-dNBR_20250710_235959.tif,https://bin.ssec.wisc.edu/pub/realearth/brisk/2025/Mount-Irish-NV-dNBR_20250710_235959.tif
Mount-Irish,NV,2025-07-11,Mount-Irish-NV-dNBR_20250711_235959.tif,https://bin.ssec.wisc.edu/pub/realearth/brisk/2025/Mount-Irish-NV-dNBR_20250711_235959.tif
Mount-Irish,NV,2025-07-12,Mount-Irish-NV-dNBR_20250712_235959.tif,https://bin.ssec.wisc.edu/pub/realearth/brisk/2025/Mount-Irish-NV-dNBR_20250712_235959.tif
Mount-Irish,NV,2025-07-13,Mount-Irish-NV-dNBR_20250713_235959.tif,https://bin.ssec.wisc.edu/pub/realearth/brisk/2025/Mount-Irish-NV-dNBR_20250713_235959.tif
Mount-Irish,NV,2025-07-14,Mount-Irish-NV-dNBR_20250714_235959.tif,https://bin.ssec.wisc.edu/pub/realearth/brisk/2025/Mount-Irish-NV-dNBR_20250714_235959.tif
Mount-Irish,NV,2025-07-15,Mount-Irish-NV-dNBR_20250715_235959.tif,https://bin.ssec.wisc.edu/pub/realearth/brisk/2025/Mount-Irish-NV-dNBR_20250715_235959.tif
Mount-Irish,NV,2025-07-16,Mount-Irish-NV-dNBR_20250716_235959.tif,https://bin.ssec.wisc.edu/pub/realearth/brisk/2025/Mount-Irish-NV-dNBR_20250716_235959.tif
Mount-Irish,NV,2025-07-17,Mount-Irish-NV-dNBR_20250717_235959.tif,https://bin.ssec.wisc.edu/pub/realearth/brisk/2025/Mount-Irish-NV-dNBR_20250717_235959.tif
Mount-Irish,NV,2025-07-18,Mount-Irish-NV-dNBR_20250718_235959.tif,https://bin.ssec.wisc.edu/pub/realearth/brisk/2025/Mount-Irish-NV-dNBR_20250718_235959.tif
Mount-Irish,NV,2025-07-19,Mount-Irish-NV-dNBR_20250719_235959.tif,https://bin.ssec.wisc.edu/pub/realearth/brisk/2025/Mount-Irish-NV-dNBR_20250719_235959.tif
Mount-Irish,NV,2025-07-20,Mount-Irish-NV-dNBR_20250720_235959.tif,https://bin.ssec.wisc.edu/pub/realearth/brisk/2025/Mount-Irish-NV-dNBR_20250720_235959.tif
Mount-Irish,NV,2025-07-21,Mount-Irish-NV-dNBR_20250721_235959.tif,https://bin.ssec.wisc.edu/pub/realearth/brisk/2025/Mount-Irish-NV-dNBR_20250721_235959.tif
Mount-Irish,NV,2025-07-22,Mount-Irish-NV-dNBR_20250722_235959.tif,https://bin.ssec.wisc.edu/pub/realearth/brisk/2025/Mount-Irish-NV-dNBR_20250722_235959.tif
Mount-Irish,NV,2025-07-23,Mount-Irish-NV-dNBR_20250723_235959.tif,https://bin.ssec.wisc.edu/pub/realearth/brisk/2025/Mount-Irish-NV-dNBR_20250723_235959.tif
Mount-Irish,NV,2025-07-24,Mount-Irish-NV-dNBR_20250724_235959.tif,https://bin.ssec.wisc.edu/pub/realearth/brisk/2025/Mount-Irish-NV-dNBR_20250724_235959.tif
Mount-Irish,NV,2025-07-25,Mount-Irish-NV-dNBR_20250725_235959.tif,https://bin.ssec.wisc.edu/pub/realearth/brisk/2025/Mount-Irish-NV-dNBR_20250725_235959.tif
Mount-Irish,NV,2025-07-26,Mount-Irish-NV-dNBR_20250726_235959.tif,https://bin.ssec.wisc.edu/pub/realearth/brisk/2025/Mount-Irish-NV-dNBR_20250726_235959.tif
Mount-Irish,NV,2025-07-27,Mount-Irish-NV-dNBR_20250727_235959.tif,https://bin.ssec.wisc.edu/pub/realearth/brisk/2025/Mount-Irish-NV-dNBR_20250727_235959.tif
Mount-Irish,NV,2025-07-28,Mount-Irish-NV-dNBR_20250728_235959.tif,https://bin.ssec.wisc.edu/pub/realearth/brisk/2025/Mount-Irish-NV-dNBR_20250728_235959.tif
Mount-Irish,NV,2025-07-29,Mount-Irish-NV-dNBR_20250729_235959.tif,https://bin.ssec.wisc.edu/pub/realearth/brisk/2025/Mount-Irish-NV-dNBR_20250729_235959.tif
Mount-Irish,NV,2025-07-30,Mount-Irish-NV-dNBR_20250730_235959.tif,https://bin.ssec.wisc.edu/pub/realearth/brisk/2025/Mount-Irish-NV-dNBR_20250730_235959.tif
Mount-Irish,NV,2025-07-31,Mount-Irish-NV-dNBR_20250731_235959.tif,https://bin.ssec.wisc.edu/pub/realearth/brisk/2025/Mount-Irish-NV-dNBR_20250731_235959.tif
Mount-Irish,NV,2025-08-01,Mount-Irish-NV-dNBR_20250801_235959.tif,https://bin.ssec.wisc.edu/pub/realearth/brisk/2025/Mount-Irish-NV-dNBR_20250801_235959.tif
Mount-Irish,NV,2025-08-02,Mount-Irish-NV-dNBR_20250802_235959.tif,https://bin.ssec.wisc.edu/pub/realearth/brisk/2025/Mount-Irish-NV-dNBR_20250802_235959.tif
Mount-Irish,NV,2025-08-03,Mount-Irish-NV-dNBR_20250803_235959.tif,https://bin.ssec.wisc.edu/pub/realearth/brisk/2025/Mount-Irish-NV-dNBR_20250803_235959.tif
Mount-Irish,NV,2025-08-04,Mount-Irish-NV-dNBR_20250804_235959.tif,https://bin.ssec.wisc.edu/pub/realearth/brisk/2025/Mount-Irish-NV-dNBR_20250804_235959.tif
Mount-Irish,NV,2025-08-05,Mount-Irish-NV-dNBR_20250805_235959.tif,https://bin.ssec.wisc.edu/pub/realearth/brisk/2025/Mount-Irish-NV-dNBR_20250805_235959.tif
Mount-Irish,NV,2025-08-06,Mount-Irish-NV-dNBR_20250806_235959.tif,https://bin.ssec.wisc.edu/pub/realearth/brisk/2025/Mount-Irish-NV-dNBR_20250806_235959.tif
Mount-Irish,NV,2025-08-07,Mount-Irish-NV-dNBR_20250807_235959.tif,https://bin.ssec.wisc.edu/pub/realearth/brisk/2025/Mount-Irish-NV-dNBR_20250807_235959.tif
Mount-Irish,NV,2025-09-05,Mount-Irish-NV-dNBR_20250905_235959.tif,https://bin.ssec.wisc.edu/pub/realearth/brisk/2025/Mount-Irish-NV-dNBR_20250905_235959.tif
Mount-Irish,NV,2025-09-06,Mount-Irish-NV-dNBR_20250906_235959.tif,https://bin.ssec.wisc.edu/pub/realearth/brisk/2025/Mount-Irish-NV-dNBR_20250906_235959.tif
Mount-Irish,NV,2025-09-07,Mount-Irish-NV-dNBR_20250907_235959.tif,https://bin.ssec.wisc.edu/pub/realearth/brisk/2025/Mount-Irish-NV-dNBR_20250907_235959.tif
Mount-Irish,NV,2025-09-08,Mount-Irish-NV-dNBR_20250908_235959.tif,https://bin.ssec.wisc.edu/pub/realearth/brisk/2025/Mount-Irish-NV-dNBR_20250908_235959.tif
Mount-Irish,NV,2025-09-09,Mount-Irish-NV-dNBR_20250909_235959.tif,https://bin.ssec.wisc.edu/pub/realearth/brisk/2025/Mount-Irish-NV-dNBR_20250909_235959.tif
Mount-Irish,NV,2025-09-10,Mount-Irish-NV-dNBR_20250910_235959.tif,https://bin.ssec.wisc.edu/pub/realearth/brisk/2025/Mount-Irish-NV-dNBR_20250910_235959.tif
Mount-Irish,NV,2025-09-11,Mount-Irish-NV-dNBR_20250911_235959.tif,https://bin.ssec.wisc.edu/pub/realearth/brisk/2025/Mount-Irish-NV-dNBR_20250911_235959.tif
Mount-Irish,NV,2025-09-12,Mount-Irish-NV-dNBR_20250912_235959.tif,https://bin.ssec.wisc.edu/pub/realearth/brisk/2025/Mount-Irish-NV-dNBR_20250912_235959.tif
Mount-Irish,NV,2025-09-13,Mount-Irish-NV-dNBR_20250913_235959.tif,https://bin.ssec.wisc.edu/pub/realearth/brisk/2025/Mount-Irish-NV-dNBR_20250913_235959.tif
Mount-Irish,NV,2025-09-14,Mount-Irish-NV-dNBR_20250914_235959.tif,https://bin.ssec.wisc.edu/pub/realearth/brisk/2025/Mount-Irish-NV-dNBR_20250914_235959.tif
Mount-Irish,NV,2025-09-15,Mount-Irish-NV-dNBR_20250915_235959.tif,https://bin.ssec.wisc.edu/pub/realearth/brisk/2025/Mount-Irish-NV-dNBR_20250915_235959.tif
Oak-Ridge,AZ,2025-06-30,Oak-Ridge-AZ-dNBR_20250630_235959.tif,https://bin.ssec.wisc.edu/pub/realearth/brisk/2025/Oak-Ridge-AZ-dNBR_20250630_235959.tif
Oak-Ridge,AZ,2025-07-01,Oak-Ridge-AZ-dNBR_20250701_235959.tif,https://bin.ssec.wisc.edu/pub/realearth/brisk/2025/Oak-Ridge-AZ-dNBR_20250701_235959.tif
Oak-Ridge,AZ,2025-07-02,Oak-Ridge-AZ-dNBR_20250702_235959.tif,https://bin.ssec.wisc.edu/pub/realearth/brisk/2025/Oak-Ridge-AZ-dNBR_20250702_235959.tif
Oak-Ridge,AZ,2025-07-03,Oak-Ridge-AZ-dNBR_20250703_235959.tif,https://bin.ssec.wisc.edu/pub/realearth/brisk/2025/Oak-Ridge-AZ-dNBR_20250703_235959.tif
Oak-Ridge,AZ,2025-07-04,Oak-Ridge-AZ-dNBR_20250704_235959.tif,https://bin.ssec.wisc.edu/pub/realearth/brisk/2025/Oak-Ridge-AZ-dNBR_20250704_235959.tif
Oak-Ridge,AZ,2025-07-05,Oak-Ridge-AZ-dNBR_20250705_235959.tif,https://bin.ssec.wisc.edu/pub/realearth/brisk/2025/Oak-Ridge-AZ-dNBR_20250705_235959.tif
Oak-Ridge,AZ,2025-07-06,Oak-Ridge-AZ-dNBR_20250706_235959.tif,https://bin.ssec.wisc.edu/pub/realearth/brisk/2025/Oak-Ridge-AZ-dNBR_20250706_235959.tif
Oak-Ridge,AZ,2025-07-07,Oak-Ridge-AZ-dNBR_20250707_235959.tif,https://bin.ssec.wisc.edu/pub/realearth/brisk/2025/Oak-Ridge-AZ-dNBR_20250707_235959.tif
Oak-Ridge,AZ,2025-07-08,Oak-Ridge-AZ-dNBR_20250708_235959.tif,https://bin.ssec.wisc.edu/pub/realearth/brisk/2025/Oak-Ridge-AZ-dNBR_20250708_235959.tif
Oak-Ridge,AZ,2025-07-09,Oak-Ridge-AZ-dNBR_20250709_235959.tif,https://bin.ssec.wisc.edu/pub/realearth/brisk/2025/Oak-Ridge-AZ-dNBR_20250709_235959.tif
Oak-Ridge,AZ,2025-07-10,Oak-Ridge-AZ-dNBR_20250710_235959.tif,https://bin.ssec.wisc.edu/pub/realearth/brisk/2025/Oak-Ridge-AZ-dNBR_20250710_235959.tif
Oak-Ridge,AZ,2025-07-11,Oak-Ridge-AZ-dNBR_20250711_235959.tif,https://bin.ssec.wisc.edu/pub/realearth/brisk/2025/Oak-Ridge-AZ-dNBR_20250711_235959.tif
Oak-Ridge,AZ,2025-07-12,Oak-Ridge-AZ-dNBR_20250712_235959.tif,https://bin.ssec.wisc.edu/pub/realearth/brisk/2025/Oak-Ridge-AZ-dNBR_20250712_235959.tif
Oak-Ridge,AZ,2025-07-13,Oak-Ridge-AZ-dNBR_20250713_235959.tif,https://bin.ssec.wisc.edu/pub/realearth/brisk/2025/Oak-Ridge-AZ-dNBR_20250713_235959.tif
Oak-Ridge,AZ,2025-07-14,Oak-Ridge-AZ-dNBR_20250714_235959.tif,https://bin.ssec.wisc.edu/pub/realearth/brisk/2025/Oak-Ridge-AZ-dNBR_20250714_235959.tif
Oak-Ridge,AZ,2025-07-15,Oak-Ridge-AZ-dNBR_20250715_235959.tif,https://bin.ssec.wisc.edu/pub/realearth/brisk/2025/Oak-Ridge-AZ-dNBR_20250715_235959.tif
Oak-Ridge,AZ,2025-07-16,Oak-Ridge-AZ-dNBR_20250716_235959.tif,https://bin.ssec.wisc.edu/pub/realearth/brisk/2025/Oak-Ridge-AZ-dNBR_20250716_235959.tif
Oak-Ridge,AZ,2025-07-17,Oak-Ridge-AZ-dNBR_20250717_235959.tif,https://bin.ssec.wisc.edu/pub/realearth/brisk/2025/Oak-Ridge-AZ-dNBR_20250717_235959.tif
Oak-Ridge,AZ,2025-07-18,Oak-Ridge-AZ-dNBR_20250718_235959.tif,https://bin.ssec.wisc.edu/pub/realearth/brisk/2025/Oak-Ridge-AZ-dNBR_20250718_235959.tif
Oak-Ridge,AZ,2025-07-19,Oak-Ridge-AZ-dNBR_20250719_235959.tif,https://bin.ssec.wisc.edu/pub/realearth/brisk/2025/Oak-Ridge-AZ-dNBR_20250719_235959.tif
Oak-Ridge,AZ,2025-07-20,Oak-Ridge-AZ-dNBR_20250720_235959.tif,https://bin.ssec.wisc.edu/pub/realearth/brisk/2025/Oak-Ridge-AZ-dNBR_20250720_235959.tif
Oak-Ridge,AZ,2025-07-21,Oak-Ridge-AZ-dNBR_20250721_235959.tif,https://bin.ssec.wisc.edu/pub/realearth/brisk/2025/Oak-Ridge-AZ-dNBR_20250721_235959.tif
Oak-Ridge,AZ,2025-07-22,Oak-Ridge-AZ-dNBR_20250722_235959.tif,https://bin.ssec.wisc.edu/pub/realearth/brisk/2025/Oak-Ridge-AZ-dNBR_20250722_235959.tif
Oak-Ridge,AZ,2025-07-23,Oak-Ridge-AZ-dNBR_20250723_235959.tif,https://bin.ssec.wisc.edu/pub/realearth/brisk/2025/Oak-Ridge-AZ-dNBR_20250723_235959.tif
Oak-Ridge,AZ,2025-07-24,Oak-Ridge-AZ-dNBR_20250724_235959.tif,https://bin.ssec.wisc.edu/pub/realearth/brisk/2025/Oak-Ridge-AZ-dNBR_20250724_235959.tif
Oak-Ridge,AZ,2025-07-25,Oak-Ridge-AZ-dNBR_20250725_235959.tif,https://bin.ssec.wisc.edu/pub/realearth/brisk/2025/Oak-Ridge-AZ-dNBR_20250725_235959.tif
Oak-Ridge,AZ,2025-07-26,Oak-Ridge-AZ-dNBR_20250726_235959.tif,https://bin.ssec.wisc.edu/pub/realearth/brisk/2025/Oak-Ridge-AZ-dNBR_20250726_235959.tif
Oak-Ridge,AZ,2025-07-27,Oak-Ridge-AZ-dNBR_20250727_235959.tif,https://bin.ssec.wisc.edu/pub/realearth/brisk/2025/Oak-Ridge-AZ-dNBR_20250727_235959.tif
Oak-Ridge,AZ,2025-07-28,Oak-Ridge-AZ-dNBR_20250728_235959.tif,https://bin.ssec.wisc.edu/pub/realearth/brisk/2025/Oak-Ridge-AZ-dNBR_20250728_235959.tif
Oak-Ridge,AZ,2025-09-25,Oak-Ridge-AZ-dNBR_20250925_235959.tif,https://bin.ssec.wisc.edu/pub/realearth/brisk/2025/Oak-Ridge-AZ-dNBR_20250925_235959.tif
Oak-Ridge,AZ,2025-09-26,Oak-Ridge-AZ-dNBR_20250926_235959.tif,https://bin.ssec.wisc.edu/pub/realearth/brisk/2025/Oak-Ridge-AZ-dNBR_20250926_235959.tif
Oak-Ridge,AZ,2025-09-27,Oak-Ridge-AZ-dNBR_20250927_235959.tif,https://bin.ssec.wisc.edu/pub/realearth/brisk/2025/Oak-Ridge-AZ-dNBR_20250927_235959.tif
Oak-Ridge,AZ,2025-09-28,Oak-Ridge-AZ-dNBR_20250928_235959.tif,https://bin.ssec.wisc.edu/pub/realearth/brisk/2025/Oak-Ridge-AZ-dNBR_20250928_235959.tif
Oak-Ridge,AZ,2025-09-30,Oak-Ridge-AZ-dNBR_20250930_235959.tif,https://bin.ssec.wisc.edu/pub/realearth/brisk/2025/Oak-Ridge-AZ-dNBR_20250930_235959.tif
Oak-Ridge,AZ,2025-10-06,Oak-Ridge-AZ-dNBR_20251006_235959.tif,https://bin.ssec.wisc.edu/pub/realearth/brisk/2025/Oak-Ridge-AZ-dNBR_20251006_235959.tif
Oak-Ridge,AZ,2025-10-07,Oak-Ridge-AZ-dNBR_20251007_235959.tif,https://bin.ssec.wisc.edu/pub/realearth/brisk/2025/Oak-Ridge-AZ-dNBR_20251007_235959.tif
Oak-Ridge,AZ,2025-10-08,Oak-Ridge-AZ-dNBR_20251008_235959.tif,https://bin.ssec.wisc.edu/pub/realearth/brisk/2025/Oak-Ridge-AZ-dNBR_20251008_235959.tif
PICKETT,CA,2025-08-24,PICKETT-CA-dNBR_20250824_235959.tif,https://bin.ssec.wisc.edu/pub/realearth/brisk/2025/PICKETT-CA-dNBR_20250824_235959.tif
PICKETT,CA,2025-08-25,PICKETT-CA-dNBR_20250825_235959.tif,https://bin.ssec.wisc.edu/pub/realearth/brisk/2025/PICKETT-CA-dNBR_20250825_235959.tif
PICKETT,CA,2025-08-26,PICKETT-CA-dNBR_20250826_235959.tif,https://bin.ssec.wisc.edu/pub/realearth/brisk/2025/PICKETT-CA-dNBR_20250826_235959.tif
PICKETT,CA,2025-09-01,PICKETT-CA-dNBR_20250901_235959.tif,https://bin.ssec.wisc.edu/pub/realearth/brisk/2025/PICKETT-CA-dNBR_20250901_235959.tif
PICKETT,CA,2025-09-02,PICKETT-CA-dNBR_20250902_235959.tif,https://bin.ssec.wisc.edu/pub/realearth/brisk/2025/PICKETT-CA-dNBR_20250902_235959.tif
PICKETT,CA,2025-09-03,PICKETT-CA-dNBR_20250903_235959.tif,https://bin.ssec.wisc.edu/pub/realearth/brisk/2025/PICKETT-CA-dNBR_20250903_235959.tif
PICKETT,CA,2025-09-04,PICKETT-CA-dNBR_20250904_235959.tif,https://bin.ssec.wisc.edu/pub/realearth/brisk/2025/PICKETT-CA-dNBR_20250904_235959.tif
PICKETT,CA,2025-09-05,PICKETT-CA-dNBR_20250905_235959.tif,https://bin.ssec.wisc.edu/pub/realearth/brisk/2025/PICKETT-CA-dNBR_20250905_235959.tif
PICKETT,CA,2025-09-06,PICKETT-CA-dNBR_20250906_235959.tif,https://bin.ssec.wisc.edu/pub/realearth/brisk/2025/PICKETT-CA-dNBR_20250906_235959.tif
PICKETT,CA,2025-09-07,PICKETT-CA-dNBR_20250907_235959.tif,https://bin.ssec.wisc.edu/pub/realearth/brisk/2025/PICKETT-CA-dNBR_20250907_235959.tif
PICKETT,CA,2025-09-08,PICKETT-CA-dNBR_20250908_235959.tif,https://bin.ssec.wisc.edu/pub/realearth/brisk/2025/PICKETT-CA-dNBR_20250908_235959.tif
PICKETT,CA,2025-09-09,PICKETT-CA-dNBR_20250909_235959.tif,https://bin.ssec.wisc.edu/pub/realearth/brisk/2025/PICKETT-CA-dNBR_20250909_235959.tif
Pinnacle,OR,2025-09-27,Pinnacle-OR-dNBR_20250927_235959.tif,https://bin.ssec.wisc.edu/pub/realearth/brisk/2025/Pinnacle-OR-dNBR_20250927_235959.tif
Pinnacle,OR,2025-09-28,Pinnacle-OR-dNBR_20250928_235959.tif,https://bin.ssec.wisc.edu/pub/realearth/brisk/2025/Pinnacle-OR-dNBR_20250928_235959.tif
Pinnacle,OR,2025-09-29,Pinnacle-OR-dNBR_20250929_235959.tif,https://bin.ssec.wisc.edu/pub/realearth/brisk/2025/Pinnacle-OR-dNBR_20250929_235959.tif
Pinnacle,OR,2025-09-30,Pinnacle-OR-dNBR_20250930_235959.tif,https://bin.ssec.wisc.edu/pub/realearth/brisk/2025/Pinnacle-OR-dNBR_20250930_235959.tif
Pinnacle,OR,2025-10-02,Pinnacle-OR-dNBR_20251002_235959.tif,https://bin.ssec.wisc.edu/pub/realearth/brisk/2025/Pinnacle-OR-dNBR_20251002_235959.tif
Pinnacle,OR,2025-10-06,Pinnacle-OR-dNBR_20251006_235959.tif,https://bin.ssec.wisc.edu/pub/realearth/brisk/2025/Pinnacle-OR-dNBR_20251006_235959.tif
Pinnacle,OR,2025-10-07,Pinnacle-OR-dNBR_20251007_235959.tif,https://bin.ssec.wisc.edu/pub/realearth/brisk/2025/Pinnacle-OR-dNBR_20251007_235959.tif
Pinnacle,OR,2025-10-08,Pinnacle-OR-dNBR_20251008_235959.tif,https://bin.ssec.wisc.edu/pub/realearth/brisk/2025/Pinnacle-OR-dNBR_20251008_235959.tif
Pinnacle,OR,2025-10-09,Pinnacle-OR-dNBR_20251009_235959.tif,https://bin.ssec.wisc.edu/pub/realearth/brisk/2025/Pinnacle-OR-dNBR_20251009_235959.tif
Pinnacle,OR,2025-10-10,Pinnacle-OR-dNBR_20251010_235959.tif,https://bin.ssec.wisc.edu/pub/realearth/brisk/2025/Pinnacle-OR-dNBR_20251010_235959.tif
Pinnacle,OR,2025-10-12,Pinnacle-OR-dNBR_20251012_235959.tif,https://bin.ssec.wisc.edu/pub/realearth/brisk/2025/Pinnacle-OR-dNBR_20251012_235959.tif
Pinnacle,OR,2025-10-14,Pinnacle-OR-dNBR_20251014_235959.tif,https://bin.ssec.wisc.edu/pub/realearth/brisk/2025/Pinnacle-OR-dNBR_20251014_235959.tif
Pinnacle,OR,2025-10-15,Pinnacle-OR-dNBR_20251015_235959.tif,https://bin.ssec.wisc.edu/pub/realearth/brisk/2025/Pinnacle-OR-dNBR_20251015_235959.tif
Pinnacle,OR,2025-10-16,Pinnacle-OR-dNBR_20251016_235959.tif,https://bin.ssec.wisc.edu/pub/realearth/brisk/2025/Pinnacle-OR-dNBR_20251016_235959.tif
Pinnacle,OR,2025-10-17,Pinnacle-OR-dNBR_20251017_235959.tif,https://bin.ssec.wisc.edu/pub/realearth/brisk/2025/Pinnacle-OR-dNBR_20251017_235959.tif
Pinnacle,OR,2025-10-18,Pinnacle-OR-dNBR_20251018_235959.tif,https://bin.ssec.wisc.edu/pub/realearth/brisk/2025/Pinnacle-OR-dNBR_20251018_235959.tif
Pinnacle,OR,2025-10-29,Pinnacle-OR-dNBR_20251029_235959.tif,https://bin.ssec.wisc.edu/pub/realearth/brisk/2025/Pinnacle-OR-dNBR_20251029_235959.tif
Pinnacle,OR,2025-10-30,Pinnacle-OR-dNBR_20251030_235959.tif,https://bin.ssec.wisc.edu/pub/realearth/brisk/2025/Pinnacle-OR-dNBR_20251030_235959.tif
Pinnacle,OR,2025-10-31,Pinnacle-OR-dNBR_20251031_235959.tif,https://bin.ssec.wisc.edu/pub/realearth/brisk/2025/Pinnacle-OR-dNBR_20251031_235959.tif
Pinnacle,OR,2025-11-01,Pinnacle-OR-dNBR_20251101_235959.tif,https://bin.ssec.wisc.edu/pub/realearth/brisk/2025/Pinnacle-OR-dNBR_20251101_235959.tif
Pinnacle,OR,2025-11-04,Pinnacle-OR-dNBR_20251104_235959.tif,https://bin.ssec.wisc.edu/pub/realearth/brisk/2025/Pinnacle-OR-dNBR_20251104_235959.tif
Pinnacle,OR,2025-11-05,Pinnacle-OR-dNBR_20251105_235959.tif,https://bin.ssec.wisc.edu/pub/realearth/brisk/2025/Pinnacle-OR-dNBR_20251105_235959.tif
Pinnacle,OR,2025-11-06,Pinnacle-OR-dNBR_20251106_235959.tif,https://bin.ssec.wisc.edu/pub/realearth/brisk/2025/Pinnacle-OR-dNBR_20251106_235959.tif
Pinnacle,OR,2025-11-07,Pinnacle-OR-dNBR_20251107_235959.tif,https://bin.ssec.wisc.edu/pub/realearth/brisk/2025/Pinnacle-OR-dNBR_20251107_235959.tif
Pinnacle,OR,2025-11-08,Pinnacle-OR-dNBR_20251108_235959.tif,https://bin.ssec.wisc.edu/pub/realearth/brisk/2025/Pinnacle-OR-dNBR_20251108_235959.tif
Pinnacle,OR,2025-11-09,Pinnacle-OR-dNBR_20251109_235959.tif,https://bin.ssec.wisc.edu/pub/realearth/brisk/2025/Pinnacle-OR-dNBR_20251109_235959.tif
Pinnacle,OR,2025-11-10,Pinnacle-OR-dNBR_20251110_235959.tif,https://bin.ssec.wisc.edu/pub/realearth/brisk/2025/Pinnacle-OR-dNBR_20251110_235959.tif
Pinnacle,OR,2025-11-15,Pinnacle-OR-dNBR_20251115_235959.tif,https://bin.ssec.wisc.edu/pub/realearth/brisk/2025/Pinnacle-OR-dNBR_20251115_235959.tif
Pinnacle,OR,2025-11-17,Pinnacle-OR-dNBR_20251117_235959.tif,https://bin.ssec.wisc.edu/pub/realearth/brisk/2025/Pinnacle-OR-dNBR_20251117_235959.tif
Pinnacle,OR,2025-11-18,Pinnacle-OR-dNBR_20251118_235959.tif,https://bin.ssec.wisc.edu/pub/realearth/brisk/2025/Pinnacle-OR-dNBR_20251118_235959.tif
Pinnacle,OR,2025-11-19,Pinnacle-OR-dNBR_20251119_235959.tif,https://bin.ssec.wisc.edu/pub/realearth/brisk/2025/Pinnacle-OR-dNBR_20251119_235959.tif
Pinnacle,OR,2025-11-20,Pinnacle-OR-dNBR_20251120_235959.tif,https://bin.ssec.wisc.edu/pub/realearth/brisk/2025/Pinnacle-OR-dNBR_20251120_235959.tif
Pinnacle,OR,2025-11-21,Pinnacle-OR-dNBR_20251121_235959.tif,https://bin.ssec.wisc.edu/pub/realearth/brisk/2025/Pinnacle-OR-dNBR_20251121_235959.tif
Pinnacle,OR,2025-11-22,Pinnacle-OR-dNBR_20251122_235959.tif,https://bin.ssec.wisc.edu/pub/realearth/brisk/2025/Pinnacle-OR-dNBR_20251122_235959.tif
Pinnacle,OR,2025-11-23,Pinnacle-OR-dNBR_20251123_235959.tif,https://bin.ssec.wisc.edu/pub/realearth/brisk/2025/Pinnacle-OR-dNBR_20251123_235959.tif
Pinnacle,OR,2025-11-24,Pinnacle-OR-dNBR_20251124_235959.tif,https://bin.ssec.wisc.edu/pub/realearth/brisk/2025/Pinnacle-OR-dNBR_20251124_235959.tif
Pinnacle,OR,2025-11-25,Pinnacle-OR-dNBR_20251125_235959.tif,https://bin.ssec.wisc.edu/pub/realearth/brisk/2025/Pinnacle-OR-dNBR_20251125_235959.tif
Pinnacle,OR,2025-11-26,Pinnacle-OR-dNBR_20251126_235959.tif,https://bin.ssec.wisc.edu/pub/realearth/brisk/2025/Pinnacle-OR-dNBR_20251126_235959.tif
Pinnacle,OR,2025-11-27,Pinnacle-OR-dNBR_20251127_235959.tif,https://bin.ssec.wisc.edu/pub/realearth/brisk/2025/Pinnacle-OR-dNBR_20251127_235959.tif
Pinnacle,OR,2025-11-28,Pinnacle-OR-dNBR_20251128_235959.tif,https://bin.ssec.wisc.edu/pub/realearth/brisk/2025/Pinnacle-OR-dNBR_20251128_235959.tif
Pinnacle,OR,2025-11-29,Pinnacle-OR-dNBR_20251129_235959.tif,https://bin.ssec.wisc.edu/pub/realearth/brisk/2025/Pinnacle-OR-dNBR_20251129_235959.tif
Pinnacle,OR,2025-11-30,Pinnacle-OR-dNBR_20251130_235959.tif,https://bin.ssec.wisc.edu/pub/realearth/brisk/2025/Pinnacle-OR-dNBR_20251130_235959.tif
Pinnacle,OR,2025-12-18,Pinnacle-OR-dNBR_20251218_235959.tif,https://bin.ssec.wisc.edu/pub/realearth/brisk/2025/Pinnacle-OR-dNBR_20251218_235959.tif
Pinnacle,OR,2025-12-19,Pinnacle-OR-dNBR_20251219_235959.tif,https://bin.ssec.wisc.edu/pub/realearth/brisk/2025/Pinnacle-OR-dNBR_20251219_235959.tif
Pinnacle,OR,2025-12-20,Pinnacle-OR-dNBR_20251220_235959.tif,https://bin.ssec.wisc.edu/pub/realearth/brisk/2025/Pinnacle-OR-dNBR_20251220_235959.tif
Pinnacle,OR,2025-12-21,Pinnacle-OR-dNBR_20251221_235959.tif,https://bin.ssec.wisc.edu/pub/realearth/brisk/2025/Pinnacle-OR-dNBR_20251221_235959.tif
Pinnacle,OR,2025-12-22,Pinnacle-OR-dNBR_20251222_235959.tif,https://bin.ssec.wisc.edu/pub/realearth/brisk/2025/Pinnacle-OR-dNBR_20251222_235959.tif
Pinnacle,OR,2025-12-23,Pinnacle-OR-dNBR_20251223_235959.tif,https://bin.ssec.wisc.edu/pub/realearth/brisk/2025/Pinnacle-OR-dNBR_20251223_235959.tif
Pinnacle,OR,2025-12-24,Pinnacle-OR-dNBR_20251224_235959.tif,https://bin.ssec.wisc.edu/pub/realearth/brisk/2025/Pinnacle-OR-dNBR_20251224_235959.tif
Pinnacle,OR,2025-12-25,Pinnacle-OR-dNBR_20251225_235959.tif,https://bin.ssec.wisc.edu/pub/realearth/brisk/2025/Pinnacle-OR-dNBR_20251225_235959.tif
Plum-Creek,NE,2025-04-30,Plum-Creek-NE-dNBR_20250430_235959.tif,https://bin.ssec.wisc.edu/pub/realearth/brisk/2025/Plum-Creek-NE-dNBR_20250430_235959.tif
Plum-Creek,NE,2025-05-01,Plum-Creek-NE-dNBR_20250501_235959.tif,https://bin.ssec.wisc.edu/pub/realearth/brisk/2025/Plum-Creek-NE-dNBR_20250501_235959.tif
Plum-Creek,NE,2025-05-02,Plum-Creek-NE-dNBR_20250502_235959.tif,https://bin.ssec.wisc.edu/pub/realearth/brisk/2025/Plum-Creek-NE-dNBR_20250502_235959.tif
Plum-Creek,NE,2025-05-03,Plum-Creek-NE-dNBR_20250503_235959.tif,https://bin.ssec.wisc.edu/pub/realearth/brisk/2025/Plum-Creek-NE-dNBR_20250503_235959.tif
Plum-Creek,NE,2025-05-04,Plum-Creek-NE-dNBR_20250504_235959.tif,https://bin.ssec.wisc.edu/pub/realearth/brisk/2025/Plum-Creek-NE-dNBR_20250504_235959.tif
Plum-Creek,NE,2025-05-05,Plum-Creek-NE-dNBR_20250505_235959.tif,https://bin.ssec.wisc.edu/pub/realearth/brisk/2025/Plum-Creek-NE-dNBR_20250505_235959.tif
Plum-Creek,NE,2025-05-06,Plum-Creek-NE-dNBR_20250506_235959.tif,https://bin.ssec.wisc.edu/pub/realearth/brisk/2025/Plum-Creek-NE-dNBR_20250506_235959.tif
Plum-Creek,NE,2025-05-07,Plum-Creek-NE-dNBR_20250507_235959.tif,https://bin.ssec.wisc.edu/pub/realearth/brisk/2025/Plum-Creek-NE-dNBR_20250507_235959.tif
Plum-Creek,NE,2025-05-08,Plum-Creek-NE-dNBR_20250508_235959.tif,https://bin.ssec.wisc.edu/pub/realearth/brisk/2025/Plum-Creek-NE-dNBR_20250508_235959.tif
Plum-Creek,NE,2025-05-09,Plum-Creek-NE-dNBR_20250509_235959.tif,https://bin.ssec.wisc.edu/pub/realearth/brisk/2025/Plum-Creek-NE-dNBR_20250509_235959.tif
Plum-Creek,NE,2025-05-10,Plum-Creek-NE-dNBR_20250510_235959.tif,https://bin.ssec.wisc.edu/pub/realearth/brisk/2025/Plum-Creek-NE-dNBR_20250510_235959.tif
Plum-Creek,NE,2025-05-11,Plum-Creek-NE-dNBR_20250511_235959.tif,https://bin.ssec.wisc.edu/pub/realearth/brisk/2025/Plum-Creek-NE-dNBR_20250511_235959.tif
Plum-Creek,NE,2025-05-12,Plum-Creek-NE-dNBR_20250512_235959.tif,https://bin.ssec.wisc.edu/pub/realearth/brisk/2025/Plum-Creek-NE-dNBR_20250512_235959.tif
Plum-Creek,NE,2025-05-13,Plum-Creek-NE-dNBR_20250513_235959.tif,https://bin.ssec.wisc.edu/pub/realearth/brisk/2025/Plum-Creek-NE-dNBR_20250513_235959.tif
Plum-Creek,NE,2025-06-03,Plum-Creek-NE-dNBR_20250603_235959.tif,https://bin.ssec.wisc.edu/pub/realearth/brisk/2025/Plum-Creek-NE-dNBR_20250603_235959.tif
Plum-Creek,NE,2025-06-04,Plum-Creek-NE-dNBR_20250604_235959.tif,https://bin.ssec.wisc.edu/pub/realearth/brisk/2025/Plum-Creek-NE-dNBR_20250604_235959.tif
Plum-Creek,NE,2025-06-05,Plum-Creek-NE-dNBR_20250605_235959.tif,https://bin.ssec.wisc.edu/pub/realearth/brisk/2025/Plum-Creek-NE-dNBR_20250605_235959.tif
Plum-Creek,NE,2025-06-06,Plum-Creek-NE-dNBR_20250606_235959.tif,https://bin.ssec.wisc.edu/pub/realearth/brisk/2025/Plum-Creek-NE-dNBR_20250606_235959.tif
Plum-Creek,NE,2025-06-07,Plum-Creek-NE-dNBR_20250607_235959.tif,https://bin.ssec.wisc.edu/pub/realearth/brisk/2025/Plum-Creek-NE-dNBR_20250607_235959.tif
Plum-Creek,NE,2025-06-08,Plum-Creek-NE-dNBR_20250608_235959.tif,https://bin.ssec.wisc.edu/pub/realearth/brisk/2025/Plum-Creek-NE-dNBR_20250608_235959.tif
Plum-Creek,NE,2025-06-09,Plum-Creek-NE-dNBR_20250609_235959.tif,https://bin.ssec.wisc.edu/pub/realearth/brisk/2025/Plum-Creek-NE-dNBR_20250609_235959.tif
Plum-Creek,NE,2025-06-10,Plum-Creek-NE-dNBR_20250610_235959.tif,https://bin.ssec.wisc.edu/pub/realearth/brisk/2025/Plum-Creek-NE-dNBR_20250610_235959.tif
Plum-Creek,NE,2025-06-11,Plum-Creek-NE-dNBR_20250611_235959.tif,https://bin.ssec.wisc.edu/pub/realearth/brisk/2025/Plum-Creek-NE-dNBR_20250611_235959.tif
Plum-Creek,NE,2025-06-12,Plum-Creek-NE-dNBR_20250612_235959.tif,https://bin.ssec.wisc.edu/pub/realearth/brisk/2025/Plum-Creek-NE-dNBR_20250612_235959.tif
Plum-Creek,NE,2025-06-14,Plum-Creek-NE-dNBR_20250614_235959.tif,https://bin.ssec.wisc.edu/pub/realearth/brisk/2025/Plum-Creek-NE-dNBR_20250614_235959.tif
Plum-Creek,NE,2025-06-15,Plum-Creek-NE-dNBR_20250615_235959.tif,https://bin.ssec.wisc.edu/pub/realearth/brisk/2025/Plum-Creek-NE-dNBR_20250615_235959.tif
Plum-Creek,NE,2025-06-16,Plum-Creek-NE-dNBR_20250616_235959.tif,https://bin.ssec.wisc.edu/pub/realearth/brisk/2025/Plum-Creek-NE-dNBR_20250616_235959.tif
RATTLESNAKE,WA,2025-09-05,RATTLESNAKE-WA-dNBR_20250905_235959.tif,https://bin.ssec.wisc.edu/pub/realearth/brisk/2025/RATTLESNAKE-WA-dNBR_20250905_235959.tif
RATTLESNAKE,WA,2025-09-06,RATTLESNAKE-WA-dNBR_20250906_235959.tif,https://bin.ssec.wisc.edu/pub/realearth/brisk/2025/RATTLESNAKE-WA-dNBR_20250906_235959.tif
RATTLESNAKE,WA,2025-09-07,RATTLESNAKE-WA-dNBR_20250907_235959.tif,https://bin.ssec.wisc.edu/pub/realearth/brisk/2025/RATTLESNAKE-WA-dNBR_20250907_235959.tif
RATTLESNAKE,WA,2025-09-08,RATTLESNAKE-WA-dNBR_20250908_235959.tif,https://bin.ssec.wisc.edu/pub/realearth/brisk/2025/RATTLESNAKE-WA-dNBR_20250908_235959.tif
RATTLESNAKE,WA,2025-09-09,RATTLESNAKE-WA-dNBR_20250909_235959.tif,https://bin.ssec.wisc.edu/pub/realearth/brisk/2025/RATTLESNAKE-WA-dNBR_20250909_235959.tif
RATTLESNAKE,WA,2025-09-10,RATTLESNAKE-WA-dNBR_20250910_235959.tif,https://bin.ssec.wisc.edu/pub/realearth/brisk/2025/RATTLESNAKE-WA-dNBR_20250910_235959.tif
RATTLESNAKE,WA,2025-09-11,RATTLESNAKE-WA-dNBR_20250911_235959.tif,https://bin.ssec.wisc.edu/pub/realearth/brisk/2025/RATTLESNAKE-WA-dNBR_20250911_235959.tif
RATTLESNAKE,WA,2025-09-12,RATTLESNAKE-WA-dNBR_20250912_235959.tif,https://bin.ssec.wisc.edu/pub/realearth/brisk/2025/RATTLESNAKE-WA-dNBR_20250912_235959.tif
RATTLESNAKE,WA,2025-09-13,RATTLESNAKE-WA-dNBR_20250913_235959.tif,https://bin.ssec.wisc.edu/pub/realearth/brisk/2025/RATTLESNAKE-WA-dNBR_20250913_235959.tif
RATTLESNAKE,WA,2025-09-14,RATTLESNAKE-WA-dNBR_20250914_235959.tif,https://bin.ssec.wisc.edu/pub/realearth/brisk/2025/RATTLESNAKE-WA-dNBR_20250914_235959.tif
RATTLESNAKE,WA,2025-09-15,RATTLESNAKE-WA-dNBR_20250915_235959.tif,https://bin.ssec.wisc.edu/pub/realearth/brisk/2025/RATTLESNAKE-WA-dNBR_20250915_235959.tif
RATTLESNAKE,WA,2025-09-16,RATTLESNAKE-WA-dNBR_20250916_235959.tif,https://bin.ssec.wisc.edu/pub/realearth/brisk/2025/RATTLESNAKE-WA-dNBR_20250916_235959.tif
RATTLESNAKE,WA,2025-09-17,RATTLESNAKE-WA-dNBR_20250917_235959.tif,https://bin.ssec.wisc.edu/pub/realearth/brisk/2025/RATTLESNAKE-WA-dNBR_20250917_235959.tif
RATTLESNAKE,WA,2025-09-18,RATTLESNAKE-WA-dNBR_20250918_235959.tif,https://bin.ssec.wisc.edu/pub/realearth/brisk/2025/RATTLESNAKE-WA-dNBR_20250918_235959.tif
RATTLESNAKE,WA,2025-09-19,RATTLESNAKE-WA-dNBR_20250919_235959.tif,https://bin.ssec.wisc.edu/pub/realearth/brisk/2025/RATTLESNAKE-WA-dNBR_20250919_235959.tif
RATTLESNAKE,WA,2025-09-20,RATTLESNAKE-WA-dNBR_20250920_235959.tif,https://bin.ssec.wisc.edu/pub/realearth/brisk/2025/RATTLESNAKE-WA-dNBR_20250920_235959.tif
RATTLESNAKE,WA,2025-09-21,RATTLESNAKE-WA-dNBR_20250921_235959.tif,https://bin.ssec.wisc.edu/pub/realearth/brisk/2025/RATTLESNAKE-WA-dNBR_20250921_235959.tif
RATTLESNAKE,WA,2025-09-22,RATTLESNAKE-WA-dNBR_20250922_235959.tif,https://bin.ssec.wisc.edu/pub/realearth/brisk/2025/RATTLESNAKE-WA-dNBR_20250922_235959.tif
RATTLESNAKE,WA,2025-09-24,RATTLESNAKE-WA-dNBR_20250924_235959.tif,https://bin.ssec.wisc.edu/pub/realearth/brisk/2025/RATTLESNAKE-WA-dNBR_20250924_235959.tif
RATTLESNAKE,WA,2025-09-25,RATTLESNAKE-WA-dNBR_20250925_235959.tif,https://bin.ssec.wisc.edu/pub/realearth/brisk/2025/RATTLESNAKE-WA-dNBR_20250925_235959.tif
RATTLESNAKE,WA,2025-09-26,RATTLESNAKE-WA-dNBR_20250926_235959.tif,https://bin.ssec.wisc.edu/pub/realearth/brisk/2025/RATTLESNAKE-WA-dNBR_20250926_235959.tif
RATTLESNAKE,WA,2025-09-27,RATTLESNAKE-WA-dNBR_20250927_235959.tif,https://bin.ssec.wisc.edu/pub/realearth/brisk/2025/RATTLESNAKE-WA-dNBR_20250927_235959.tif
RATTLESNAKE,WA,2025-09-28,RATTLESNAKE-WA-dNBR_20250928_235959.tif,https://bin.ssec.wisc.edu/pub/realearth/brisk/2025/RATTLESNAKE-WA-dNBR_20250928_235959.tif
RATTLESNAKE,WA,2025-09-29,RATTLESNAKE-WA-dNBR_20250929_235959.tif,https://bin.ssec.wisc.edu/pub/realearth/brisk/2025/RATTLESNAKE-WA-dNBR_20250929_235959.tif
RATTLESNAKE,WA,2025-09-30,RATTLESNAKE-WA-dNBR_20250930_235959.tif,https://bin.ssec.wisc.edu/pub/realearth/brisk/2025/RATTLESNAKE-WA-dNBR_20250930_235959.tif
RATTLESNAKE,WA,2025-10-01,RATTLESNAKE-WA-dNBR_20251001_235959.tif,https://bin.ssec.wisc.edu/pub/realearth/brisk/2025/RATTLESNAKE-WA-dNBR_20251001_235959.tif
RATTLESNAKE,WA,2025-10-02,RATTLESNAKE-WA-dNBR_20251002_235959.tif,https://bin.ssec.wisc.edu/pub/realearth/brisk/2025/RATTLESNAKE-WA-dNBR_20251002_235959.tif
RATTLESNAKE,WA,2025-10-06,RATTLESNAKE-WA-dNBR_20251006_235959.tif,https://bin.ssec.wisc.edu/pub/realearth/brisk/2025/RATTLESNAKE-WA-dNBR_20251006_235959.tif
RATTLESNAKE,WA,2025-10-07,RATTLESNAKE-WA-dNBR_20251007_235959.tif,https://bin.ssec.wisc.edu/pub/realearth/brisk/2025/RATTLESNAKE-WA-dNBR_20251007_235959.tif
RATTLESNAKE,WA,2025-10-08,RATTLESNAKE-WA-dNBR_20251008_235959.tif,https://bin.ssec.wisc.edu/pub/realearth/brisk/2025/RATTLESNAKE-WA-dNBR_20251008_235959.tif
RATTLESNAKE,WA,2025-10-09,RATTLESNAKE-WA-dNBR_20251009_235959.tif,https://bin.ssec.wisc.edu/pub/realearth/brisk/2025/RATTLESNAKE-WA-dNBR_20251009_235959.tif
RATTLESNAKE,WA,2025-10-10,RATTLESNAKE-WA-dNBR_20251010_235959.tif,https://bin.ssec.wisc.edu/pub/realearth/brisk/2025/RATTLESNAKE-WA-dNBR_20251010_235959.tif
RATTLESNAKE,WA,2025-10-11,RATTLESNAKE-WA-dNBR_20251011_235959.tif,https://bin.ssec.wisc.edu/pub/realearth/brisk/2025/RATTLESNAKE-WA-dNBR_20251011_235959.tif
RATTLESNAKE,WA,2025-10-12,RATTLESNAKE-WA-dNBR_20251012_235959.tif,https://bin.ssec.wisc.edu/pub/realearth/brisk/2025/RATTLESNAKE-WA-dNBR_20251012_235959.tif
RATTLESNAKE,WA,2025-12-17,RATTLESNAKE-WA-dNBR_20251217_235959.tif,https://bin.ssec.wisc.edu/pub/realearth/brisk/2025/RATTLESNAKE-WA-dNBR_20251217_235959.tif
RATTLESNAKE,WA,2025-12-18,RATTLESNAKE-WA-dNBR_20251218_235959.tif,https://bin.ssec.wisc.edu/pub/realearth/brisk/2025/RATTLESNAKE-WA-dNBR_20251218_235959.tif
RATTLESNAKE,WA,2025-12-19,RATTLESNAKE-WA-dNBR_20251219_235959.tif,https://bin.ssec.wisc.edu/pub/realearth/brisk/2025/RATTLESNAKE-WA-dNBR_20251219_235959.tif
RATTLESNAKE,WA,2025-12-20,RATTLESNAKE-WA-dNBR_20251220_235959.tif,https://bin.ssec.wisc.edu/pub/realearth/brisk/2025/RATTLESNAKE-WA-dNBR_20251220_235959.tif
RATTLESNAKE,WA,2025-12-21,RATTLESNAKE-WA-dNBR_20251221_235959.tif,https://bin.ssec.wisc.edu/pub/realearth/brisk/2025/RATTLESNAKE-WA-dNBR_20251221_235959.tif
ROCK-CREEK,OR,2025-08-01,ROCK-CREEK-OR-dNBR_20250801_235959.tif,https://bin.ssec.wisc.edu/pub/realearth/brisk/2025/ROCK-CREEK-OR-dNBR_20250801_235959.tif
ROCK-CREEK,OR,2025-08-02,ROCK-CREEK-OR-dNBR_20250802_235959.tif,https://bin.ssec.wisc.edu/pub/realearth/brisk/2025/ROCK-CREEK-OR-dNBR_20250802_235959.tif
ROCK-CREEK,OR,2025-08-03,ROCK-CREEK-OR-dNBR_20250803_235959.tif,https://bin.ssec.wisc.edu/pub/realearth/brisk/2025/ROCK-CREEK-OR-dNBR_20250803_235959.tif
ROCK-CREEK,OR,2025-08-04,ROCK-CREEK-OR-dNBR_20250804_235959.tif,https://bin.ssec.wisc.edu/pub/realearth/brisk/2025/ROCK-CREEK-OR-dNBR_20250804_235959.tif
ROCK-CREEK,OR,2025-08-05,ROCK-CREEK-OR-dNBR_20250805_235959.tif,https://bin.ssec.wisc.edu/pub/realearth/brisk/2025/ROCK-CREEK-OR-dNBR_20250805_235959.tif
Red-Canyon,WY,2025-08-15,Red-Canyon-WY-dNBR_20250815_235959.tif,https://bin.ssec.wisc.edu/pub/realearth/brisk/2025/Red-Canyon-WY-dNBR_20250815_235959.tif
Red-Canyon,WY,2025-08-16,Red-Canyon-WY-dNBR_20250816_235959.tif,https://bin.ssec.wisc.edu/pub/realearth/brisk/2025/Red-Canyon-WY-dNBR_20250816_235959.tif
Red-Canyon,WY,2025-08-17,Red-Canyon-WY-dNBR_20250817_235959.tif,https://bin.ssec.wisc.edu/pub/realearth/brisk/2025/Red-Canyon-WY-dNBR_20250817_235959.tif
Red-Canyon,WY,2025-08-18,Red-Canyon-WY-dNBR_20250818_235959.tif,https://bin.ssec.wisc.edu/pub/realearth/brisk/2025/Red-Canyon-WY-dNBR_20250818_235959.tif
Red-Canyon,WY,2025-08-19,Red-Canyon-WY-dNBR_20250819_235959.tif,https://bin.ssec.wisc.edu/pub/realearth/brisk/2025/Red-Canyon-WY-dNBR_20250819_235959.tif
Red-Canyon,WY,2025-08-20,Red-Canyon-WY-dNBR_20250820_235959.tif,https://bin.ssec.wisc.edu/pub/realearth/brisk/2025/Red-Canyon-WY-dNBR_20250820_235959.tif
Red-Canyon,WY,2025-08-21,Red-Canyon-WY-dNBR_20250821_235959.tif,https://bin.ssec.wisc.edu/pub/realearth/brisk/2025/Red-Canyon-WY-dNBR_20250821_235959.tif
Red-Canyon,WY,2025-08-22,Red-Canyon-WY-dNBR_20250822_235959.tif,https://bin.ssec.wisc.edu/pub/realearth/brisk/2025/Red-Canyon-WY-dNBR_20250822_235959.tif
Red-Canyon,WY,2025-08-23,Red-Canyon-WY-dNBR_20250823_235959.tif,https://bin.ssec.wisc.edu/pub/realearth/brisk/2025/Red-Canyon-WY-dNBR_20250823_235959.tif
Red-Canyon,WY,2025-08-25,Red-Canyon-WY-dNBR_20250825_235959.tif,https://bin.ssec.wisc.edu/pub/realearth/brisk/2025/Red-Canyon-WY-dNBR_20250825_235959.tif
Red-Canyon,WY,2025-08-26,Red-Canyon-WY-dNBR_20250826_235959.tif,https://bin.ssec.wisc.edu/pub/realearth/brisk/2025/Red-Canyon-WY-dNBR_20250826_235959.tif
Red-Canyon,WY,2025-09-01,Red-Canyon-WY-dNBR_20250901_235959.tif,https://bin.ssec.wisc.edu/pub/realearth/brisk/2025/Red-Canyon-WY-dNBR_20250901_235959.tif
Red-Canyon,WY,2025-09-02,Red-Canyon-WY-dNBR_20250902_235959.tif,https://bin.ssec.wisc.edu/pub/realearth/brisk/2025/Red-Canyon-WY-dNBR_20250902_235959.tif
Red-Canyon,WY,2025-09-03,Red-Canyon-WY-dNBR_20250903_235959.tif,https://bin.ssec.wisc.edu/pub/realearth/brisk/2025/Red-Canyon-WY-dNBR_20250903_235959.tif
Red-Canyon,WY,2025-09-04,Red-Canyon-WY-dNBR_20250904_235959.tif,https://bin.ssec.wisc.edu/pub/realearth/brisk/2025/Red-Canyon-WY-dNBR_20250904_235959.tif
Red-Canyon,WY,2025-09-05,Red-Canyon-WY-dNBR_20250905_235959.tif,https://bin.ssec.wisc.edu/pub/realearth/brisk/2025/Red-Canyon-WY-dNBR_20250905_235959.tif
Red-Canyon,WY,2025-09-06,Red-Canyon-WY-dNBR_20250906_235959.tif,https://bin.ssec.wisc.edu/pub/realearth/brisk/2025/Red-Canyon-WY-dNBR_20250906_235959.tif
Red-Canyon,WY,2025-09-07,Red-Canyon-WY-dNBR_20250907_235959.tif,https://bin.ssec.wisc.edu/pub/realearth/brisk/2025/Red-Canyon-WY-dNBR_20250907_235959.tif
Red-Canyon,WY,2025-09-08,Red-Canyon-WY-dNBR_20250908_235959.tif,https://bin.ssec.wisc.edu/pub/realearth/brisk/2025/Red-Canyon-WY-dNBR_20250908_235959.tif
Red-Canyon,WY,2025-09-09,Red-Canyon-WY-dNBR_20250909_235959.tif,https://bin.ssec.wisc.edu/pub/realearth/brisk/2025/Red-Canyon-WY-dNBR_20250909_235959.tif
Red-Canyon,WY,2025-09-10,Red-Canyon-WY-dNBR_20250910_235959.tif,https://bin.ssec.wisc.edu/pub/realearth/brisk/2025/Red-Canyon-WY-dNBR_20250910_235959.tif
Red-Canyon,WY,2025-09-11,Red-Canyon-WY-dNBR_20250911_235959.tif,https://bin.ssec.wisc.edu/pub/realearth/brisk/2025/Red-Canyon-WY-dNBR_20250911_235959.tif
Red-Canyon,WY,2025-09-12,Red-Canyon-WY-dNBR_20250912_235959.tif,https://bin.ssec.wisc.edu/pub/realearth/brisk/2025/Red-Canyon-WY-dNBR_20250912_235959.tif
Red-Canyon,WY,2025-09-13,Red-Canyon-WY-dNBR_20250913_235959.tif,https://bin.ssec.wisc.edu/pub/realearth/brisk/2025/Red-Canyon-WY-dNBR_20250913_235959.tif
Red-Canyon,WY,2025-09-14,Red-Canyon-WY-dNBR_20250914_235959.tif,https://bin.ssec.wisc.edu/pub/realearth/brisk/2025/Red-Canyon-WY-dNBR_20250914_235959.tif
Red-Canyon,WY,2025-09-15,Red-Canyon-WY-dNBR_20250915_235959.tif,https://bin.ssec.wisc.edu/pub/realearth/brisk/2025/Red-Canyon-WY-dNBR_20250915_235959.tif
Red-Canyon,WY,2025-09-16,Red-Canyon-WY-dNBR_20250916_235959.tif,https://bin.ssec.wisc.edu/pub/realearth/brisk/2025/Red-Canyon-WY-dNBR_20250916_235959.tif
Red-Canyon,WY,2025-09-17,Red-Canyon-WY-dNBR_20250917_235959.tif,https://bin.ssec.wisc.edu/pub/realearth/brisk/2025/Red-Canyon-WY-dNBR_20250917_235959.tif
Red-Canyon,WY,2025-09-18,Red-Canyon-WY-dNBR_20250918_235959.tif,https://bin.ssec.wisc.edu/pub/realearth/brisk/2025/Red-Canyon-WY-dNBR_20250918_235959.tif
Red-Canyon,WY,2025-09-19,Red-Canyon-WY-dNBR_20250919_235959.tif,https://bin.ssec.wisc.edu/pub/realearth/brisk/2025/Red-Canyon-WY-dNBR_20250919_235959.tif
Red-Canyon,WY,2025-09-20,Red-Canyon-WY-dNBR_20250920_235959.tif,https://bin.ssec.wisc.edu/pub/realearth/brisk/2025/Red-Canyon-WY-dNBR_20250920_235959.tif
Red-Canyon,WY,2025-09-21,Red-Canyon-WY-dNBR_20250921_235959.tif,https://bin.ssec.wisc.edu/pub/realearth/brisk/2025/Red-Canyon-WY-dNBR_20250921_235959.tif
Red-Canyon,WY,2025-09-22,Red-Canyon-WY-dNBR_20250922_235959.tif,https://bin.ssec.wisc.edu/pub/realearth/brisk/2025/Red-Canyon-WY-dNBR_20250922_235959.tif
Red-Canyon,WY,2025-09-24,Red-Canyon-WY-dNBR_20250924_235959.tif,https://bin.ssec.wisc.edu/pub/realearth/brisk/2025/Red-Canyon-WY-dNBR_20250924_235959.tif
Red-Canyon,WY,2025-09-26,Red-Canyon-WY-dNBR_20250926_235959.tif,https://bin.ssec.wisc.edu/pub/realearth/brisk/2025/Red-Canyon-WY-dNBR_20250926_235959.tif
Red-Canyon,WY,2025-09-27,Red-Canyon-WY-dNBR_20250927_235959.tif,https://bin.ssec.wisc.edu/pub/realearth/brisk/2025/Red-Canyon-WY-dNBR_20250927_235959.tif
Red-Canyon,WY,2025-09-28,Red-Canyon-WY-dNBR_20250928_235959.tif,https://bin.ssec.wisc.edu/pub/realearth/brisk/2025/Red-Canyon-WY-dNBR_20250928_235959.tif
Red-Canyon,WY,2025-09-29,Red-Canyon-WY-dNBR_20250929_235959.tif,https://bin.ssec.wisc.edu/pub/realearth/brisk/2025/Red-Canyon-WY-dNBR_20250929_235959.tif
Red-Canyon,WY,2025-10-01,Red-Canyon-WY-dNBR_20251001_235959.tif,https://bin.ssec.wisc.edu/pub/realearth/brisk/2025/Red-Canyon-WY-dNBR_20251001_235959.tif
Rush,ID,2025-07-20,Rush-ID-dNBR_20250720_235959.tif,https://bin.ssec.wisc.edu/pub/realearth/brisk/2025/Rush-ID-dNBR_20250720_235959.tif
Rush,ID,2025-07-21,Rush-ID-dNBR_20250721_235959.tif,https://bin.ssec.wisc.edu/pub/realearth/brisk/2025/Rush-ID-dNBR_20250721_235959.tif
Rush,ID,2025-07-22,Rush-ID-dNBR_20250722_235959.tif,https://bin.ssec.wisc.edu/pub/realearth/brisk/2025/Rush-ID-dNBR_20250722_235959.tif
Rush,ID,2025-07-23,Rush-ID-dNBR_20250723_235959.tif,https://bin.ssec.wisc.edu/pub/realearth/brisk/2025/Rush-ID-dNBR_20250723_235959.tif
Rush,ID,2025-07-24,Rush-ID-dNBR_20250724_235959.tif,https://bin.ssec.wisc.edu/pub/realearth/brisk/2025/Rush-ID-dNBR_20250724_235959.tif
Rush,ID,2025-07-25,Rush-ID-dNBR_20250725_235959.tif,https://bin.ssec.wisc.edu/pub/realearth/brisk/2025/Rush-ID-dNBR_20250725_235959.tif
Rush,ID,2025-07-26,Rush-ID-dNBR_20250726_235959.tif,https://bin.ssec.wisc.edu/pub/realearth/brisk/2025/Rush-ID-dNBR_20250726_235959.tif
Rush,ID,2025-07-27,Rush-ID-dNBR_20250727_235959.tif,https://bin.ssec.wisc.edu/pub/realearth/brisk/2025/Rush-ID-dNBR_20250727_235959.tif
Rush,ID,2025-07-28,Rush-ID-dNBR_20250728_235959.tif,https://bin.ssec.wisc.edu/pub/realearth/brisk/2025/Rush-ID-dNBR_20250728_235959.tif
Rush,ID,2025-07-29,Rush-ID-dNBR_20250729_235959.tif,https://bin.ssec.wisc.edu/pub/realearth/brisk/2025/Rush-ID-dNBR_20250729_235959.tif
Rush,ID,2025-07-30,Rush-ID-dNBR_20250730_235959.tif,https://bin.ssec.wisc.edu/pub/realearth/brisk/2025/Rush-ID-dNBR_20250730_235959.tif
Rush,ID,2025-07-31,Rush-ID-dNBR_20250731_235959.tif,https://bin.ssec.wisc.edu/pub/realearth/brisk/2025/Rush-ID-dNBR_20250731_235959.tif
Rush,ID,2025-08-01,Rush-ID-dNBR_20250801_235959.tif,https://bin.ssec.wisc.edu/pub/realearth/brisk/2025/Rush-ID-dNBR_20250801_235959.tif
Rush,ID,2025-08-02,Rush-ID-dNBR_20250802_235959.tif,https://bin.ssec.wisc.edu/pub/realearth/brisk/2025/Rush-ID-dNBR_20250802_235959.tif
Rush,ID,2025-08-03,Rush-ID-dNBR_20250803_235959.tif,https://bin.ssec.wisc.edu/pub/realearth/brisk/2025/Rush-ID-dNBR_20250803_235959.tif
Rush,ID,2025-08-04,Rush-ID-dNBR_20250804_235959.tif,https://bin.ssec.wisc.edu/pub/realearth/brisk/2025/Rush-ID-dNBR_20250804_235959.tif
Rush,ID,2025-08-05,Rush-ID-dNBR_20250805_235959.tif,https://bin.ssec.wisc.edu/pub/realearth/brisk/2025/Rush-ID-dNBR_20250805_235959.tif
Rush,ID,2025-08-06,Rush-ID-dNBR_20250806_235959.tif,https://bin.ssec.wisc.edu/pub/realearth/brisk/2025/Rush-ID-dNBR_20250806_235959.tif
Rush,ID,2025-08-07,Rush-ID-dNBR_20250807_235959.tif,https://bin.ssec.wisc.edu/pub/realearth/brisk/2025/Rush-ID-dNBR_20250807_235959.tif
Rush,ID,2025-08-08,Rush-ID-dNBR_20250808_235959.tif,https://bin.ssec.wisc.edu/pub/realearth/brisk/2025/Rush-ID-dNBR_20250808_235959.tif
Rush,ID,2025-08-09,Rush-ID-dNBR_20250809_235959.tif,https://bin.ssec.wisc.edu/pub/realearth/brisk/2025/Rush-ID-dNBR_20250809_235959.tif
Rush,ID,2025-08-10,Rush-ID-dNBR_20250810_235959.tif,https://bin.ssec.wisc.edu/pub/realearth/brisk/2025/Rush-ID-dNBR_20250810_235959.tif
Rush,ID,2025-08-11,Rush-ID-dNBR_20250811_235959.tif,https://bin.ssec.wisc.edu/pub/realearth/brisk/2025/Rush-ID-dNBR_20250811_235959.tif
Rush,ID,2025-08-12,Rush-ID-dNBR_20250812_235959.tif,https://bin.ssec.wisc.edu/pub/realearth/brisk/2025/Rush-ID-dNBR_20250812_235959.tif
Rush,ID,2025-08-13,Rush-ID-dNBR_20250813_235959.tif,https://bin.ssec.wisc.edu/pub/realearth/brisk/2025/Rush-ID-dNBR_20250813_235959.tif
Rush,ID,2025-08-14,Rush-ID-dNBR_20250814_235959.tif,https://bin.ssec.wisc.edu/pub/realearth/brisk/2025/Rush-ID-dNBR_20250814_235959.tif
Rush,ID,2025-08-15,Rush-ID-dNBR_20250815_235959.tif,https://bin.ssec.wisc.edu/pub/realearth/brisk/2025/Rush-ID-dNBR_20250815_235959.tif
Rush,ID,2025-08-16,Rush-ID-dNBR_20250816_235959.tif,https://bin.ssec.wisc.edu/pub/realearth/brisk/2025/Rush-ID-dNBR_20250816_235959.tif
Rush,ID,2025-08-17,Rush-ID-dNBR_20250817_235959.tif,https://bin.ssec.wisc.edu/pub/realearth/brisk/2025/Rush-ID-dNBR_20250817_235959.tif
Rush,ID,2025-08-18,Rush-ID-dNBR_20250818_235959.tif,https://bin.ssec.wisc.edu/pub/realearth/brisk/2025/Rush-ID-dNBR_20250818_235959.tif
Rush,ID,2025-08-19,Rush-ID-dNBR_20250819_235959.tif,https://bin.ssec.wisc.edu/pub/realearth/brisk/2025/Rush-ID-dNBR_20250819_235959.tif
Rush,ID,2025-08-20,Rush-ID-dNBR_20250820_235959.tif,https://bin.ssec.wisc.edu/pub/realearth/brisk/2025/Rush-ID-dNBR_20250820_235959.tif
Rush,ID,2025-08-21,Rush-ID-dNBR_20250821_235959.tif,https://bin.ssec.wisc.edu/pub/realearth/brisk/2025/Rush-ID-dNBR_20250821_235959.tif
Rush,ID,2025-08-22,Rush-ID-dNBR_20250822_235959.tif,https://bin.ssec.wisc.edu/pub/realearth/brisk/2025/Rush-ID-dNBR_20250822_235959.tif
Rush,ID,2025-08-23,Rush-ID-dNBR_20250823_235959.tif,https://bin.ssec.wisc.edu/pub/realearth/brisk/2025/Rush-ID-dNBR_20250823_235959.tif
Rush,ID,2025-08-24,Rush-ID-dNBR_20250824_235959.tif,https://bin.ssec.wisc.edu/pub/realearth/brisk/2025/Rush-ID-dNBR_20250824_235959.tif
Rush,ID,2025-08-25,Rush-ID-dNBR_20250825_235959.tif,https://bin.ssec.wisc.edu/pub/realearth/brisk/2025/Rush-ID-dNBR_20250825_235959.tif
Rush,ID,2025-08-26,Rush-ID-dNBR_20250826_235959.tif,https://bin.ssec.wisc.edu/pub/realearth/brisk/2025/Rush-ID-dNBR_20250826_235959.tif
Rush,ID,2025-09-01,Rush-ID-dNBR_20250901_235959.tif,https://bin.ssec.wisc.edu/pub/realearth/brisk/2025/Rush-ID-dNBR_20250901_235959.tif
Rush,ID,2025-09-02,Rush-ID-dNBR_20250902_235959.tif,https://bin.ssec.wisc.edu/pub/realearth/brisk/2025/Rush-ID-dNBR_20250902_235959.tif
Rush,ID,2025-09-03,Rush-ID-dNBR_20250903_235959.tif,https://bin.ssec.wisc.edu/pub/realearth/brisk/2025/Rush-ID-dNBR_20250903_235959.tif
Rush,ID,2025-09-04,Rush-ID-dNBR_20250904_235959.tif,https://bin.ssec.wisc.edu/pub/realearth/brisk/2025/Rush-ID-dNBR_20250904_235959.tif
Rush,ID,2025-09-05,Rush-ID-dNBR_20250905_235959.tif,https://bin.ssec.wisc.edu/pub/realearth/brisk/2025/Rush-ID-dNBR_20250905_235959.tif
Rush,ID,2025-09-06,Rush-ID-dNBR_20250906_235959.tif,https://bin.ssec.wisc.edu/pub/realearth/brisk/2025/Rush-ID-dNBR_20250906_235959.tif
Rush,ID,2025-09-07,Rush-ID-dNBR_20250907_235959.tif,https://bin.ssec.wisc.edu/pub/realearth/brisk/2025/Rush-ID-dNBR_20250907_235959.tif
Rush,ID,2025-09-08,Rush-ID-dNBR_20250908_235959.tif,https://bin.ssec.wisc.edu/pub/realearth/brisk/2025/Rush-ID-dNBR_20250908_235959.tif
Rush,ID,2025-09-09,Rush-ID-dNBR_20250909_235959.tif,https://bin.ssec.wisc.edu/pub/realearth/brisk/2025/Rush-ID-dNBR_20250909_235959.tif
Rush,ID,2025-09-10,Rush-ID-dNBR_20250910_235959.tif,https://bin.ssec.wisc.edu/pub/realearth/brisk/2025/Rush-ID-dNBR_20250910_235959.tif
Rush,ID,2025-09-11,Rush-ID-dNBR_20250911_235959.tif,https://bin.ssec.wisc.edu/pub/realearth/brisk/2025/Rush-ID-dNBR_20250911_235959.tif
Rush,ID,2025-09-12,Rush-ID-dNBR_20250912_235959.tif,https://bin.ssec.wisc.edu/pub/realearth/brisk/2025/Rush-ID-dNBR_20250912_235959.tif
Rush,ID,2025-09-13,Rush-ID-dNBR_20250913_235959.tif,https://bin.ssec.wisc.edu/pub/realearth/brisk/2025/Rush-ID-dNBR_20250913_235959.tif
Rush,ID,2025-09-14,Rush-ID-dNBR_20250914_235959.tif,https://bin.ssec.wisc.edu/pub/realearth/brisk/2025/Rush-ID-dNBR_20250914_235959.tif
Rush,ID,2025-09-15,Rush-ID-dNBR_20250915_235959.tif,https://bin.ssec.wisc.edu/pub/realearth/brisk/2025/Rush-ID-dNBR_20250915_235959.tif
Rush,ID,2025-09-16,Rush-ID-dNBR_20250916_235959.tif,https://bin.ssec.wisc.edu/pub/realearth/brisk/2025/Rush-ID-dNBR_20250916_235959.tif
Rush,ID,2025-09-17,Rush-ID-dNBR_20250917_235959.tif,https://bin.ssec.wisc.edu/pub/realearth/brisk/2025/Rush-ID-dNBR_20250917_235959.tif
Rush,ID,2025-09-18,Rush-ID-dNBR_20250918_235959.tif,https://bin.ssec.wisc.edu/pub/realearth/brisk/2025/Rush-ID-dNBR_20250918_235959.tif
Rush,ID,2025-09-19,Rush-ID-dNBR_20250919_235959.tif,https://bin.ssec.wisc.edu/pub/realearth/brisk/2025/Rush-ID-dNBR_20250919_235959.tif
Rush,ID,2025-09-20,Rush-ID-dNBR_20250920_235959.tif,https://bin.ssec.wisc.edu/pub/realearth/brisk/2025/Rush-ID-dNBR_20250920_235959.tif
Rush,ID,2025-09-21,Rush-ID-dNBR_20250921_235959.tif,https://bin.ssec.wisc.edu/pub/realearth/brisk/2025/Rush-ID-dNBR_20250921_235959.tif
Rush,ID,2025-09-22,Rush-ID-dNBR_20250922_235959.tif,https://bin.ssec.wisc.edu/pub/realearth/brisk/2025/Rush-ID-dNBR_20250922_235959.tif
Rush,ID,2025-09-24,Rush-ID-dNBR_20250924_235959.tif,https://bin.ssec.wisc.edu/pub/realearth/brisk/2025/Rush-ID-dNBR_20250924_235959.tif
Rush,ID,2025-09-25,Rush-ID-dNBR_20250925_235959.tif,https://bin.ssec.wisc.edu/pub/realearth/brisk/2025/Rush-ID-dNBR_20250925_235959.tif
Rush,ID,2025-09-26,Rush-ID-dNBR_20250926_235959.tif,https://bin.ssec.wisc.edu/pub/realearth/brisk/2025/Rush-ID-dNBR_20250926_235959.tif
Rush,ID,2025-09-27,Rush-ID-dNBR_20250927_235959.tif,https://bin.ssec.wisc.edu/pub/realearth/brisk/2025/Rush-ID-dNBR_20250927_235959.tif
Rush,ID,2025-09-28,Rush-ID-dNBR_20250928_235959.tif,https://bin.ssec.wisc.edu/pub/realearth/brisk/2025/Rush-ID-dNBR_20250928_235959.tif
Rush,ID,2025-09-29,Rush-ID-dNBR_20250929_235959.tif,https://bin.ssec.wisc.edu/pub/realearth/brisk/2025/Rush-ID-dNBR_20250929_235959.tif
Rush,ID,2025-09-30,Rush-ID-dNBR_20250930_235959.tif,https://bin.ssec.wisc.edu/pub/realearth/brisk/2025/Rush-ID-dNBR_20250930_235959.tif
Rush,ID,2025-10-01,Rush-ID-dNBR_20251001_235959.tif,https://bin.ssec.wisc.edu/pub/realearth/brisk/2025/Rush-ID-dNBR_20251001_235959.tif
Rush,ID,2025-10-02,Rush-ID-dNBR_20251002_235959.tif,https://bin.ssec.wisc.edu/pub/realearth/brisk/2025/Rush-ID-dNBR_20251002_235959.tif
Rush,ID,2025-10-06,Rush-ID-dNBR_20251006_235959.tif,https://bin.ssec.wisc.edu/pub/realearth/brisk/2025/Rush-ID-dNBR_20251006_235959.tif
Rush,ID,2025-10-08,Rush-ID-dNBR_20251008_235959.tif,https://bin.ssec.wisc.edu/pub/realearth/brisk/2025/Rush-ID-dNBR_20251008_235959.tif
SALT-14-2,CA,2025-09-05,SALT-14-2-CA-dNBR_20250905_235959.tif,https://bin.ssec.wisc.edu/pub/realearth/brisk/2025/SALT-14-2-CA-dNBR_20250905_235959.tif
SALT-14-2,CA,2025-09-06,SALT-14-2-CA-dNBR_20250906_235959.tif,https://bin.ssec.wisc.edu/pub/realearth/brisk/2025/SALT-14-2-CA-dNBR_20250906_235959.tif
SALT-14-2,CA,2025-09-07,SALT-14-2-CA-dNBR_20250907_235959.tif,https://bin.ssec.wisc.edu/pub/realearth/brisk/2025/SALT-14-2-CA-dNBR_20250907_235959.tif
SALT-14-2,CA,2025-09-08,SALT-14-2-CA-dNBR_20250908_235959.tif,https://bin.ssec.wisc.edu/pub/realearth/brisk/2025/SALT-14-2-CA-dNBR_20250908_235959.tif
SALT-14-2,CA,2025-09-09,SALT-14-2-CA-dNBR_20250909_235959.tif,https://bin.ssec.wisc.edu/pub/realearth/brisk/2025/SALT-14-2-CA-dNBR_20250909_235959.tif
SALT-14-2,CA,2025-09-10,SALT-14-2-CA-dNBR_20250910_235959.tif,https://bin.ssec.wisc.edu/pub/realearth/brisk/2025/SALT-14-2-CA-dNBR_20250910_235959.tif
SALT-14-2,CA,2025-09-11,SALT-14-2-CA-dNBR_20250911_235959.tif,https://bin.ssec.wisc.edu/pub/realearth/brisk/2025/SALT-14-2-CA-dNBR_20250911_235959.tif
SALT-14-2,CA,2025-09-12,SALT-14-2-CA-dNBR_20250912_235959.tif,https://bin.ssec.wisc.edu/pub/realearth/brisk/2025/SALT-14-2-CA-dNBR_20250912_235959.tif
SALT-14-2,CA,2025-09-13,SALT-14-2-CA-dNBR_20250913_235959.tif,https://bin.ssec.wisc.edu/pub/realearth/brisk/2025/SALT-14-2-CA-dNBR_20250913_235959.tif
SALT-14-2,CA,2025-09-14,SALT-14-2-CA-dNBR_20250914_235959.tif,https://bin.ssec.wisc.edu/pub/realearth/brisk/2025/SALT-14-2-CA-dNBR_20250914_235959.tif
SALT-14-2,CA,2025-09-15,SALT-14-2-CA-dNBR_20250915_235959.tif,https://bin.ssec.wisc.edu/pub/realearth/brisk/2025/SALT-14-2-CA-dNBR_20250915_235959.tif
SALT-14-2,CA,2025-09-16,SALT-14-2-CA-dNBR_20250916_235959.tif,https://bin.ssec.wisc.edu/pub/realearth/brisk/2025/SALT-14-2-CA-dNBR_20250916_235959.tif
SALT-14-2,CA,2025-09-17,SALT-14-2-CA-dNBR_20250917_235959.tif,https://bin.ssec.wisc.edu/pub/realearth/brisk/2025/SALT-14-2-CA-dNBR_20250917_235959.tif
SALT-14-2,CA,2025-09-18,SALT-14-2-CA-dNBR_20250918_235959.tif,https://bin.ssec.wisc.edu/pub/realearth/brisk/2025/SALT-14-2-CA-dNBR_20250918_235959.tif
SALT-14-2,CA,2025-09-19,SALT-14-2-CA-dNBR_20250919_235959.tif,https://bin.ssec.wisc.edu/pub/realearth/brisk/2025/SALT-14-2-CA-dNBR_20250919_235959.tif
SALT-14-2,CA,2025-09-20,SALT-14-2-CA-dNBR_20250920_235959.tif,https://bin.ssec.wisc.edu/pub/realearth/brisk/2025/SALT-14-2-CA-dNBR_20250920_235959.tif
SALT-14-2,CA,2025-09-21,SALT-14-2-CA-dNBR_20250921_235959.tif,https://bin.ssec.wisc.edu/pub/realearth/brisk/2025/SALT-14-2-CA-dNBR_20250921_235959.tif
SALT-14-2,CA,2025-09-22,SALT-14-2-CA-dNBR_20250922_235959.tif,https://bin.ssec.wisc.edu/pub/realearth/brisk/2025/SALT-14-2-CA-dNBR_20250922_235959.tif
SALT-14-2,CA,2025-09-24,SALT-14-2-CA-dNBR_20250924_235959.tif,https://bin.ssec.wisc.edu/pub/realearth/brisk/2025/SALT-14-2-CA-dNBR_20250924_235959.tif
SALT-14-2,CA,2025-09-25,SALT-14-2-CA-dNBR_20250925_235959.tif,https://bin.ssec.wisc.edu/pub/realearth/brisk/2025/SALT-14-2-CA-dNBR_20250925_235959.tif
SALT-14-2,CA,2025-09-26,SALT-14-2-CA-dNBR_20250926_235959.tif,https://bin.ssec.wisc.edu/pub/realearth/brisk/2025/SALT-14-2-CA-dNBR_20250926_235959.tif
SALT-14-2,CA,2025-09-27,SALT-14-2-CA-dNBR_20250927_235959.tif,https://bin.ssec.wisc.edu/pub/realearth/brisk/2025/SALT-14-2-CA-dNBR_20250927_235959.tif
SALT-14-2,CA,2025-12-12,SALT-14-2-CA-dNBR_20251212_235959.tif,https://bin.ssec.wisc.edu/pub/realearth/brisk/2025/SALT-14-2-CA-dNBR_20251212_235959.tif
SALT-14-2,CA,2025-12-13,SALT-14-2-CA-dNBR_20251213_235959.tif,https://bin.ssec.wisc.edu/pub/realearth/brisk/2025/SALT-14-2-CA-dNBR_20251213_235959.tif
SALT-14-2,CA,2025-12-14,SALT-14-2-CA-dNBR_20251214_235959.tif,https://bin.ssec.wisc.edu/pub/realearth/brisk/2025/SALT-14-2-CA-dNBR_20251214_235959.tif
SALT-14-2,CA,2025-12-17,SALT-14-2-CA-dNBR_20251217_235959.tif,https://bin.ssec.wisc.edu/pub/realearth/brisk/2025/SALT-14-2-CA-dNBR_20251217_235959.tif
SALT-14-2,CA,2025-12-18,SALT-14-2-CA-dNBR_20251218_235959.tif,https://bin.ssec.wisc.edu/pub/realearth/brisk/2025/SALT-14-2-CA-dNBR_20251218_235959.tif
SALT-14-2,CA,2025-12-19,SALT-14-2-CA-dNBR_20251219_235959.tif,https://bin.ssec.wisc.edu/pub/realearth/brisk/2025/SALT-14-2-CA-dNBR_20251219_235959.tif
SALT-14-2,CA,2025-12-20,SALT-14-2-CA-dNBR_20251220_235959.tif,https://bin.ssec.wisc.edu/pub/realearth/brisk/2025/SALT-14-2-CA-dNBR_20251220_235959.tif
SALT-14-2,CA,2025-12-21,SALT-14-2-CA-dNBR_20251221_235959.tif,https://bin.ssec.wisc.edu/pub/realearth/brisk/2025/SALT-14-2-CA-dNBR_20251221_235959.tif
SALT-14-2,CA,2025-12-22,SALT-14-2-CA-dNBR_20251222_235959.tif,https://bin.ssec.wisc.edu/pub/realearth/brisk/2025/SALT-14-2-CA-dNBR_20251222_235959.tif
SALT-14-2,CA,2025-12-23,SALT-14-2-CA-dNBR_20251223_235959.tif,https://bin.ssec.wisc.edu/pub/realearth/brisk/2025/SALT-14-2-CA-dNBR_20251223_235959.tif
SALT-14-2,CA,2025-12-24,SALT-14-2-CA-dNBR_20251224_235959.tif,https://bin.ssec.wisc.edu/pub/realearth/brisk/2025/SALT-14-2-CA-dNBR_20251224_235959.tif
SALT-14-2,CA,2025-12-25,SALT-14-2-CA-dNBR_20251225_235959.tif,https://bin.ssec.wisc.edu/pub/realearth/brisk/2025/SALT-14-2-CA-dNBR_20251225_235959.tif
Sandy,FL,2025-05-31,Sandy-FL-dNBR_20250531_235959.tif,https://bin.ssec.wisc.edu/pub/realearth/brisk/2025/Sandy-FL-dNBR_20250531_235959.tif
Sandy,FL,2025-06-01,Sandy-FL-dNBR_20250601_235959.tif,https://bin.ssec.wisc.edu/pub/realearth/brisk/2025/Sandy-FL-dNBR_20250601_235959.tif
Sandy,FL,2025-06-02,Sandy-FL-dNBR_20250602_235959.tif,https://bin.ssec.wisc.edu/pub/realearth/brisk/2025/Sandy-FL-dNBR_20250602_235959.tif
Sandy,FL,2025-06-03,Sandy-FL-dNBR_20250603_235959.tif,https://bin.ssec.wisc.edu/pub/realearth/brisk/2025/Sandy-FL-dNBR_20250603_235959.tif
Sandy,FL,2025-06-04,Sandy-FL-dNBR_20250604_235959.tif,https://bin.ssec.wisc.edu/pub/realearth/brisk/2025/Sandy-FL-dNBR_20250604_235959.tif
Sandy,FL,2025-06-05,Sandy-FL-dNBR_20250605_235959.tif,https://bin.ssec.wisc.edu/pub/realearth/brisk/2025/Sandy-FL-dNBR_20250605_235959.tif
Sandy,FL,2025-06-06,Sandy-FL-dNBR_20250606_235959.tif,https://bin.ssec.wisc.edu/pub/realearth/brisk/2025/Sandy-FL-dNBR_20250606_235959.tif
Sandy,FL,2025-06-07,Sandy-FL-dNBR_20250607_235959.tif,https://bin.ssec.wisc.edu/pub/realearth/brisk/2025/Sandy-FL-dNBR_20250607_235959.tif
Sandy,FL,2025-06-08,Sandy-FL-dNBR_20250608_235959.tif,https://bin.ssec.wisc.edu/pub/realearth/brisk/2025/Sandy-FL-dNBR_20250608_235959.tif
Sandy,FL,2025-06-09,Sandy-FL-dNBR_20250609_235959.tif,https://bin.ssec.wisc.edu/pub/realearth/brisk/2025/Sandy-FL-dNBR_20250609_235959.tif
Sandy,FL,2025-06-10,Sandy-FL-dNBR_20250610_235959.tif,https://bin.ssec.wisc.edu/pub/realearth/brisk/2025/Sandy-FL-dNBR_20250610_235959.tif
Sandy,FL,2025-06-11,Sandy-FL-dNBR_20250611_235959.tif,https://bin.ssec.wisc.edu/pub/realearth/brisk/2025/Sandy-FL-dNBR_20250611_235959.tif
Sandy,FL,2025-06-12,Sandy-FL-dNBR_20250612_235959.tif,https://bin.ssec.wisc.edu/pub/realearth/brisk/2025/Sandy-FL-dNBR_20250612_235959.tif
Sandy,FL,2025-06-14,Sandy-FL-dNBR_20250614_235959.tif,https://bin.ssec.wisc.edu/pub/realearth/brisk/2025/Sandy-FL-dNBR_20250614_235959.tif
Sandy,FL,2025-06-15,Sandy-FL-dNBR_20250615_235959.tif,https://bin.ssec.wisc.edu/pub/realearth/brisk/2025/Sandy-FL-dNBR_20250615_235959.tif
Sandy,FL,2025-06-16,Sandy-FL-dNBR_20250616_235959.tif,https://bin.ssec.wisc.edu/pub/realearth/brisk/2025/Sandy-FL-dNBR_20250616_235959.tif
Sandy,FL,2025-06-17,Sandy-FL-dNBR_20250617_235959.tif,https://bin.ssec.wisc.edu/pub/realearth/brisk/2025/Sandy-FL-dNBR_20250617_235959.tif
Sandy,FL,2025-06-18,Sandy-FL-dNBR_20250618_235959.tif,https://bin.ssec.wisc.edu/pub/realearth/brisk/2025/Sandy-FL-dNBR_20250618_235959.tif
Sleeper-Ranch,WY,2025-08-15,Sleeper-Ranch-WY-dNBR_20250815_235959.tif,https://bin.ssec.wisc.edu/pub/realearth/brisk/2025/Sleeper-Ranch-WY-dNBR_20250815_235959.tif
Sleeper-Ranch,WY,2025-08-16,Sleeper-Ranch-WY-dNBR_20250816_235959.tif,https://bin.ssec.wisc.edu/pub/realearth/brisk/2025/Sleeper-Ranch-WY-dNBR_20250816_235959.tif
Sleeper-Ranch,WY,2025-08-17,Sleeper-Ranch-WY-dNBR_20250817_235959.tif,https://bin.ssec.wisc.edu/pub/realearth/brisk/2025/Sleeper-Ranch-WY-dNBR_20250817_235959.tif
Sleeper-Ranch,WY,2025-08-18,Sleeper-Ranch-WY-dNBR_20250818_235959.tif,https://bin.ssec.wisc.edu/pub/realearth/brisk/2025/Sleeper-Ranch-WY-dNBR_20250818_235959.tif
Sleeper-Ranch,WY,2025-08-19,Sleeper-Ranch-WY-dNBR_20250819_235959.tif,https://bin.ssec.wisc.edu/pub/realearth/brisk/2025/Sleeper-Ranch-WY-dNBR_20250819_235959.tif
Sleeper-Ranch,WY,2025-08-20,Sleeper-Ranch-WY-dNBR_20250820_235959.tif,https://bin.ssec.wisc.edu/pub/realearth/brisk/2025/Sleeper-Ranch-WY-dNBR_20250820_235959.tif
Sleeper-Ranch,WY,2025-08-21,Sleeper-Ranch-WY-dNBR_20250821_235959.tif,https://bin.ssec.wisc.edu/pub/realearth/brisk/2025/Sleeper-Ranch-WY-dNBR_20250821_235959.tif
Sleeper-Ranch,WY,2025-08-22,Sleeper-Ranch-WY-dNBR_20250822_235959.tif,https://bin.ssec.wisc.edu/pub/realearth/brisk/2025/Sleeper-Ranch-WY-dNBR_20250822_235959.tif
Sleeper-Ranch,WY,2025-08-23,Sleeper-Ranch-WY-dNBR_20250823_235959.tif,https://bin.ssec.wisc.edu/pub/realearth/brisk/2025/Sleeper-Ranch-WY-dNBR_20250823_235959.tif
Sleeper-Ranch,WY,2025-08-25,Sleeper-Ranch-WY-dNBR_20250825_235959.tif,https://bin.ssec.wisc.edu/pub/realearth/brisk/2025/Sleeper-Ranch-WY-dNBR_20250825_235959.tif
Sleeper-Ranch,WY,2025-08-26,Sleeper-Ranch-WY-dNBR_20250826_235959.tif,https://bin.ssec.wisc.edu/pub/realearth/brisk/2025/Sleeper-Ranch-WY-dNBR_20250826_235959.tif
Sleeper-Ranch,WY,2025-09-01,Sleeper-Ranch-WY-dNBR_20250901_235959.tif,https://bin.ssec.wisc.edu/pub/realearth/brisk/2025/Sleeper-Ranch-WY-dNBR_20250901_235959.tif
Sleeper-Ranch,WY,2025-09-02,Sleeper-Ranch-WY-dNBR_20250902_235959.tif,https://bin.ssec.wisc.edu/pub/realearth/brisk/2025/Sleeper-Ranch-WY-dNBR_20250902_235959.tif
Sleeper-Ranch,WY,2025-09-03,Sleeper-Ranch-WY-dNBR_20250903_235959.tif,https://bin.ssec.wisc.edu/pub/realearth/brisk/2025/Sleeper-Ranch-WY-dNBR_20250903_235959.tif
Sleeper-Ranch,WY,2025-09-04,Sleeper-Ranch-WY-dNBR_20250904_235959.tif,https://bin.ssec.wisc.edu/pub/realearth/brisk/2025/Sleeper-Ranch-WY-dNBR_20250904_235959.tif
Sleeper-Ranch,WY,2025-09-05,Sleeper-Ranch-WY-dNBR_20250905_235959.tif,https://bin.ssec.wisc.edu/pub/realearth/brisk/2025/Sleeper-Ranch-WY-dNBR_20250905_235959.tif
Sleeper-Ranch,WY,2025-09-06,Sleeper-Ranch-WY-dNBR_20250906_235959.tif,https://bin.ssec.wisc.edu/pub/realearth/brisk/2025/Sleeper-Ranch-WY-dNBR_20250906_235959.tif
Sleeper-Ranch,WY,2025-09-07,Sleeper-Ranch-WY-dNBR_20250907_235959.tif,https://bin.ssec.wisc.edu/pub/realearth/brisk/2025/Sleeper-Ranch-WY-dNBR_20250907_235959.tif
Sleeper-Ranch,WY,2025-09-08,Sleeper-Ranch-WY-dNBR_20250908_235959.tif,https://bin.ssec.wisc.edu/pub/realearth/brisk/2025/Sleeper-Ranch-WY-dNBR_20250908_235959.tif
Sleeper-Ranch,WY,2025-09-09,Sleeper-Ranch-WY-dNBR_20250909_235959.tif,https://bin.ssec.wisc.edu/pub/realearth/brisk/2025/Sleeper-Ranch-WY-dNBR_20250909_235959.tif
Sleeper-Ranch,WY,2025-09-10,Sleeper-Ranch-WY-dNBR_20250910_235959.tif,https://bin.ssec.wisc.edu/pub/realearth/brisk/2025/Sleeper-Ranch-WY-dNBR_20250910_235959.tif
Sleeper-Ranch,WY,2025-09-11,Sleeper-Ranch-WY-dNBR_20250911_235959.tif,https://bin.ssec.wisc.edu/pub/realearth/brisk/2025/Sleeper-Ranch-WY-dNBR_20250911_235959.tif
Sleeper-Ranch,WY,2025-09-12,Sleeper-Ranch-WY-dNBR_20250912_235959.tif,https://bin.ssec.wisc.edu/pub/realearth/brisk/2025/Sleeper-Ranch-WY-dNBR_20250912_235959.tif
Sleeper-Ranch,WY,2025-09-13,Sleeper-Ranch-WY-dNBR_20250913_235959.tif,https://bin.ssec.wisc.edu/pub/realearth/brisk/2025/Sleeper-Ranch-WY-dNBR_20250913_235959.tif
Sleeper-Ranch,WY,2025-09-14,Sleeper-Ranch-WY-dNBR_20250914_235959.tif,https://bin.ssec.wisc.edu/pub/realearth/brisk/2025/Sleeper-Ranch-WY-dNBR_20250914_235959.tif
Sleeper-Ranch,WY,2025-09-15,Sleeper-Ranch-WY-dNBR_20250915_235959.tif,https://bin.ssec.wisc.edu/pub/realearth/brisk/2025/Sleeper-Ranch-WY-dNBR_20250915_235959.tif
Sleeper-Ranch,WY,2025-09-16,Sleeper-Ranch-WY-dNBR_20250916_235959.tif,https://bin.ssec.wisc.edu/pub/realearth/brisk/2025/Sleeper-Ranch-WY-dNBR_20250916_235959.tif
Sleeper-Ranch,WY,2025-09-17,Sleeper-Ranch-WY-dNBR_20250917_235959.tif,https://bin.ssec.wisc.edu/pub/realearth/brisk/2025/Sleeper-Ranch-WY-dNBR_20250917_235959.tif
Sleeper-Ranch,WY,2025-09-18,Sleeper-Ranch-WY-dNBR_20250918_235959.tif,https://bin.ssec.wisc.edu/pub/realearth/brisk/2025/Sleeper-Ranch-WY-dNBR_20250918_235959.tif
Sleeper-Ranch,WY,2025-09-19,Sleeper-Ranch-WY-dNBR_20250919_235959.tif,https://bin.ssec.wisc.edu/pub/realearth/brisk/2025/Sleeper-Ranch-WY-dNBR_20250919_235959.tif
Sleeper-Ranch,WY,2025-09-20,Sleeper-Ranch-WY-dNBR_20250920_235959.tif,https://bin.ssec.wisc.edu/pub/realearth/brisk/2025/Sleeper-Ranch-WY-dNBR_20250920_235959.tif
Sleeper-Ranch,WY,2025-09-21,Sleeper-Ranch-WY-dNBR_20250921_235959.tif,https://bin.ssec.wisc.edu/pub/realearth/brisk/2025/Sleeper-Ranch-WY-dNBR_20250921_235959.tif
Sleeper-Ranch,WY,2025-09-22,Sleeper-Ranch-WY-dNBR_20250922_235959.tif,https://bin.ssec.wisc.edu/pub/realearth/brisk/2025/Sleeper-Ranch-WY-dNBR_20250922_235959.tif
Sleeper-Ranch,WY,2025-09-24,Sleeper-Ranch-WY-dNBR_20250924_235959.tif,https://bin.ssec.wisc.edu/pub/realearth/brisk/2025/Sleeper-Ranch-WY-dNBR_20250924_235959.tif
Snowstorm,NV,2025-08-03,Snowstorm-NV-dNBR_20250803_235959.tif,https://bin.ssec.wisc.edu/pub/realearth/brisk/2025/Snowstorm-NV-dNBR_20250803_235959.tif
Snowstorm,NV,2025-08-04,Snowstorm-NV-dNBR_20250804_235959.tif,https://bin.ssec.wisc.edu/pub/realearth/brisk/2025/Snowstorm-NV-dNBR_20250804_235959.tif
Snowstorm,NV,2025-08-05,Snowstorm-NV-dNBR_20250805_235959.tif,https://bin.ssec.wisc.edu/pub/realearth/brisk/2025/Snowstorm-NV-dNBR_20250805_235959.tif
Snowstorm,NV,2025-08-06,Snowstorm-NV-dNBR_20250806_235959.tif,https://bin.ssec.wisc.edu/pub/realearth/brisk/2025/Snowstorm-NV-dNBR_20250806_235959.tif
Snowstorm,NV,2025-08-07,Snowstorm-NV-dNBR_20250807_235959.tif,https://bin.ssec.wisc.edu/pub/realearth/brisk/2025/Snowstorm-NV-dNBR_20250807_235959.tif
Snowstorm,NV,2025-08-08,Snowstorm-NV-dNBR_20250808_235959.tif,https://bin.ssec.wisc.edu/pub/realearth/brisk/2025/Snowstorm-NV-dNBR_20250808_235959.tif
Snowstorm,NV,2025-08-09,Snowstorm-NV-dNBR_20250809_235959.tif,https://bin.ssec.wisc.edu/pub/realearth/brisk/2025/Snowstorm-NV-dNBR_20250809_235959.tif
Snowstorm,NV,2025-08-10,Snowstorm-NV-dNBR_20250810_235959.tif,https://bin.ssec.wisc.edu/pub/realearth/brisk/2025/Snowstorm-NV-dNBR_20250810_235959.tif
Snowstorm,NV,2025-08-11,Snowstorm-NV-dNBR_20250811_235959.tif,https://bin.ssec.wisc.edu/pub/realearth/brisk/2025/Snowstorm-NV-dNBR_20250811_235959.tif
Snowstorm,NV,2025-08-12,Snowstorm-NV-dNBR_20250812_235959.tif,https://bin.ssec.wisc.edu/pub/realearth/brisk/2025/Snowstorm-NV-dNBR_20250812_235959.tif
Snowstorm,NV,2025-08-13,Snowstorm-NV-dNBR_20250813_235959.tif,https://bin.ssec.wisc.edu/pub/realearth/brisk/2025/Snowstorm-NV-dNBR_20250813_235959.tif
Snowstorm,NV,2025-08-14,Snowstorm-NV-dNBR_20250814_235959.tif,https://bin.ssec.wisc.edu/pub/realearth/brisk/2025/Snowstorm-NV-dNBR_20250814_235959.tif
Snowstorm,NV,2025-08-15,Snowstorm-NV-dNBR_20250815_235959.tif,https://bin.ssec.wisc.edu/pub/realearth/brisk/2025/Snowstorm-NV-dNBR_20250815_235959.tif
Snowstorm,NV,2025-08-16,Snowstorm-NV-dNBR_20250816_235959.tif,https://bin.ssec.wisc.edu/pub/realearth/brisk/2025/Snowstorm-NV-dNBR_20250816_235959.tif
Snowstorm,NV,2025-08-17,Snowstorm-NV-dNBR_20250817_235959.tif,https://bin.ssec.wisc.edu/pub/realearth/brisk/2025/Snowstorm-NV-dNBR_20250817_235959.tif
Snowstorm,NV,2025-08-18,Snowstorm-NV-dNBR_20250818_235959.tif,https://bin.ssec.wisc.edu/pub/realearth/brisk/2025/Snowstorm-NV-dNBR_20250818_235959.tif
Snowstorm,NV,2025-08-19,Snowstorm-NV-dNBR_20250819_235959.tif,https://bin.ssec.wisc.edu/pub/realearth/brisk/2025/Snowstorm-NV-dNBR_20250819_235959.tif
Snowstorm,NV,2025-09-11,Snowstorm-NV-dNBR_20250911_235959.tif,https://bin.ssec.wisc.edu/pub/realearth/brisk/2025/Snowstorm-NV-dNBR_20250911_235959.tif
Snowstorm,NV,2025-09-12,Snowstorm-NV-dNBR_20250912_235959.tif,https://bin.ssec.wisc.edu/pub/realearth/brisk/2025/Snowstorm-NV-dNBR_20250912_235959.tif
Snowstorm,NV,2025-09-13,Snowstorm-NV-dNBR_20250913_235959.tif,https://bin.ssec.wisc.edu/pub/realearth/brisk/2025/Snowstorm-NV-dNBR_20250913_235959.tif
Snowstorm,NV,2025-09-14,Snowstorm-NV-dNBR_20250914_235959.tif,https://bin.ssec.wisc.edu/pub/realearth/brisk/2025/Snowstorm-NV-dNBR_20250914_235959.tif
Snowstorm,NV,2025-09-15,Snowstorm-NV-dNBR_20250915_235959.tif,https://bin.ssec.wisc.edu/pub/realearth/brisk/2025/Snowstorm-NV-dNBR_20250915_235959.tif
Snowstorm,NV,2025-09-16,Snowstorm-NV-dNBR_20250916_235959.tif,https://bin.ssec.wisc.edu/pub/realearth/brisk/2025/Snowstorm-NV-dNBR_20250916_235959.tif
Snowstorm,NV,2025-09-17,Snowstorm-NV-dNBR_20250917_235959.tif,https://bin.ssec.wisc.edu/pub/realearth/brisk/2025/Snowstorm-NV-dNBR_20250917_235959.tif
Snowstorm,NV,2025-09-18,Snowstorm-NV-dNBR_20250918_235959.tif,https://bin.ssec.wisc.edu/pub/realearth/brisk/2025/Snowstorm-NV-dNBR_20250918_235959.tif
Snowstorm,NV,2025-09-19,Snowstorm-NV-dNBR_20250919_235959.tif,https://bin.ssec.wisc.edu/pub/realearth/brisk/2025/Snowstorm-NV-dNBR_20250919_235959.tif
Snowstorm,NV,2025-09-20,Snowstorm-NV-dNBR_20250920_235959.tif,https://bin.ssec.wisc.edu/pub/realearth/brisk/2025/Snowstorm-NV-dNBR_20250920_235959.tif
Snowstorm,NV,2025-09-21,Snowstorm-NV-dNBR_20250921_235959.tif,https://bin.ssec.wisc.edu/pub/realearth/brisk/2025/Snowstorm-NV-dNBR_20250921_235959.tif
Snowstorm,NV,2025-09-22,Snowstorm-NV-dNBR_20250922_235959.tif,https://bin.ssec.wisc.edu/pub/realearth/brisk/2025/Snowstorm-NV-dNBR_20250922_235959.tif
Snowstorm,NV,2025-09-24,Snowstorm-NV-dNBR_20250924_235959.tif,https://bin.ssec.wisc.edu/pub/realearth/brisk/2025/Snowstorm-NV-dNBR_20250924_235959.tif
Stoner-Mesa,CO,2025-08-12,Stoner-Mesa-CO-dNBR_20250812_235959.tif,https://bin.ssec.wisc.edu/pub/realearth/brisk/2025/Stoner-Mesa-CO-dNBR_20250812_235959.tif
Stoner-Mesa,CO,2025-08-13,Stoner-Mesa-CO-dNBR_20250813_235959.tif,https://bin.ssec.wisc.edu/pub/realearth/brisk/2025/Stoner-Mesa-CO-dNBR_20250813_235959.tif
Stoner-Mesa,CO,2025-08-14,Stoner-Mesa-CO-dNBR_20250814_235959.tif,https://bin.ssec.wisc.edu/pub/realearth/brisk/2025/Stoner-Mesa-CO-dNBR_20250814_235959.tif
Stoner-Mesa,CO,2025-08-15,Stoner-Mesa-CO-dNBR_20250815_235959.tif,https://bin.ssec.wisc.edu/pub/realearth/brisk/2025/Stoner-Mesa-CO-dNBR_20250815_235959.tif
Stoner-Mesa,CO,2025-08-16,Stoner-Mesa-CO-dNBR_20250816_235959.tif,https://bin.ssec.wisc.edu/pub/realearth/brisk/2025/Stoner-Mesa-CO-dNBR_20250816_235959.tif
Stoner-Mesa,CO,2025-08-17,Stoner-Mesa-CO-dNBR_20250817_235959.tif,https://bin.ssec.wisc.edu/pub/realearth/brisk/2025/Stoner-Mesa-CO-dNBR_20250817_235959.tif
Stoner-Mesa,CO,2025-08-18,Stoner-Mesa-CO-dNBR_20250818_235959.tif,https://bin.ssec.wisc.edu/pub/realearth/brisk/2025/Stoner-Mesa-CO-dNBR_20250818_235959.tif
Stoner-Mesa,CO,2025-08-19,Stoner-Mesa-CO-dNBR_20250819_235959.tif,https://bin.ssec.wisc.edu/pub/realearth/brisk/2025/Stoner-Mesa-CO-dNBR_20250819_235959.tif
Stoner-Mesa,CO,2025-08-20,Stoner-Mesa-CO-dNBR_20250820_235959.tif,https://bin.ssec.wisc.edu/pub/realearth/brisk/2025/Stoner-Mesa-CO-dNBR_20250820_235959.tif
Stoner-Mesa,CO,2025-08-21,Stoner-Mesa-CO-dNBR_20250821_235959.tif,https://bin.ssec.wisc.edu/pub/realearth/brisk/2025/Stoner-Mesa-CO-dNBR_20250821_235959.tif
Stoner-Mesa,CO,2025-08-22,Stoner-Mesa-CO-dNBR_20250822_235959.tif,https://bin.ssec.wisc.edu/pub/realearth/brisk/2025/Stoner-Mesa-CO-dNBR_20250822_235959.tif
Stoner-Mesa,CO,2025-08-23,Stoner-Mesa-CO-dNBR_20250823_235959.tif,https://bin.ssec.wisc.edu/pub/realearth/brisk/2025/Stoner-Mesa-CO-dNBR_20250823_235959.tif
Stoner-Mesa,CO,2025-08-25,Stoner-Mesa-CO-dNBR_20250825_235959.tif,https://bin.ssec.wisc.edu/pub/realearth/brisk/2025/Stoner-Mesa-CO-dNBR_20250825_235959.tif
Stoner-Mesa,CO,2025-08-26,Stoner-Mesa-CO-dNBR_20250826_235959.tif,https://bin.ssec.wisc.edu/pub/realearth/brisk/2025/Stoner-Mesa-CO-dNBR_20250826_235959.tif
Stoner-Mesa,CO,2025-09-01,Stoner-Mesa-CO-dNBR_20250901_235959.tif,https://bin.ssec.wisc.edu/pub/realearth/brisk/2025/Stoner-Mesa-CO-dNBR_20250901_235959.tif
Stoner-Mesa,CO,2025-09-02,Stoner-Mesa-CO-dNBR_20250902_235959.tif,https://bin.ssec.wisc.edu/pub/realearth/brisk/2025/Stoner-Mesa-CO-dNBR_20250902_235959.tif
Stoner-Mesa,CO,2025-09-03,Stoner-Mesa-CO-dNBR_20250903_235959.tif,https://bin.ssec.wisc.edu/pub/realearth/brisk/2025/Stoner-Mesa-CO-dNBR_20250903_235959.tif
Stoner-Mesa,CO,2025-09-04,Stoner-Mesa-CO-dNBR_20250904_235959.tif,https://bin.ssec.wisc.edu/pub/realearth/brisk/2025/Stoner-Mesa-CO-dNBR_20250904_235959.tif
Stoner-Mesa,CO,2025-09-05,Stoner-Mesa-CO-dNBR_20250905_235959.tif,https://bin.ssec.wisc.edu/pub/realearth/brisk/2025/Stoner-Mesa-CO-dNBR_20250905_235959.tif
Stoner-Mesa,CO,2025-09-06,Stoner-Mesa-CO-dNBR_20250906_235959.tif,https://bin.ssec.wisc.edu/pub/realearth/brisk/2025/Stoner-Mesa-CO-dNBR_20250906_235959.tif
Stoner-Mesa,CO,2025-09-07,Stoner-Mesa-CO-dNBR_20250907_235959.tif,https://bin.ssec.wisc.edu/pub/realearth/brisk/2025/Stoner-Mesa-CO-dNBR_20250907_235959.tif
Stoner-Mesa,CO,2025-09-08,Stoner-Mesa-CO-dNBR_20250908_235959.tif,https://bin.ssec.wisc.edu/pub/realearth/brisk/2025/Stoner-Mesa-CO-dNBR_20250908_235959.tif
Stoner-Mesa,CO,2025-09-09,Stoner-Mesa-CO-dNBR_20250909_235959.tif,https://bin.ssec.wisc.edu/pub/realearth/brisk/2025/Stoner-Mesa-CO-dNBR_20250909_235959.tif
Stoner-Mesa,CO,2025-09-10,Stoner-Mesa-CO-dNBR_20250910_235959.tif,https://bin.ssec.wisc.edu/pub/realearth/brisk/2025/Stoner-Mesa-CO-dNBR_20250910_235959.tif
Stoner-Mesa,CO,2025-09-11,Stoner-Mesa-CO-dNBR_20250911_235959.tif,https://bin.ssec.wisc.edu/pub/realearth/brisk/2025/Stoner-Mesa-CO-dNBR_20250911_235959.tif
Stoner-Mesa,CO,2025-09-12,Stoner-Mesa-CO-dNBR_20250912_235959.tif,https://bin.ssec.wisc.edu/pub/realearth/brisk/2025/Stoner-Mesa-CO-dNBR_20250912_235959.tif
Stoner-Mesa,CO,2025-09-13,Stoner-Mesa-CO-dNBR_20250913_235959.tif,https://bin.ssec.wisc.edu/pub/realearth/brisk/2025/Stoner-Mesa-CO-dNBR_20250913_235959.tif
Stoner-Mesa,CO,2025-09-14,Stoner-Mesa-CO-dNBR_20250914_235959.tif,https://bin.ssec.wisc.edu/pub/realearth/brisk/2025/Stoner-Mesa-CO-dNBR_20250914_235959.tif
Stoner-Mesa,CO,2025-09-15,Stoner-Mesa-CO-dNBR_20250915_235959.tif,https://bin.ssec.wisc.edu/pub/realearth/brisk/2025/Stoner-Mesa-CO-dNBR_20250915_235959.tif
Stoner-Mesa,CO,2025-09-16,Stoner-Mesa-CO-dNBR_20250916_235959.tif,https://bin.ssec.wisc.edu/pub/realearth/brisk/2025/Stoner-Mesa-CO-dNBR_20250916_235959.tif
Stoner-Mesa,CO,2025-09-17,Stoner-Mesa-CO-dNBR_20250917_235959.tif,https://bin.ssec.wisc.edu/pub/realearth/brisk/2025/Stoner-Mesa-CO-dNBR_20250917_235959.tif
Stoner-Mesa,CO,2025-09-18,Stoner-Mesa-CO-dNBR_20250918_235959.tif,https://bin.ssec.wisc.edu/pub/realearth/brisk/2025/Stoner-Mesa-CO-dNBR_20250918_235959.tif
Stoner-Mesa,CO,2025-09-19,Stoner-Mesa-CO-dNBR_20250919_235959.tif,https://bin.ssec.wisc.edu/pub/realearth/brisk/2025/Stoner-Mesa-CO-dNBR_20250919_235959.tif
Stoner-Mesa,CO,2025-09-20,Stoner-Mesa-CO-dNBR_20250920_235959.tif,https://bin.ssec.wisc.edu/pub/realearth/brisk/2025/Stoner-Mesa-CO-dNBR_20250920_235959.tif
Stoner-Mesa,CO,2025-09-21,Stoner-Mesa-CO-dNBR_20250921_235959.tif,https://bin.ssec.wisc.edu/pub/realearth/brisk/2025/Stoner-Mesa-CO-dNBR_20250921_235959.tif
Stoner-Mesa,CO,2025-09-22,Stoner-Mesa-CO-dNBR_20250922_235959.tif,https://bin.ssec.wisc.edu/pub/realearth/brisk/2025/Stoner-Mesa-CO-dNBR_20250922_235959.tif
Stoner-Mesa,CO,2025-09-24,Stoner-Mesa-CO-dNBR_20250924_235959.tif,https://bin.ssec.wisc.edu/pub/realearth/brisk/2025/Stoner-Mesa-CO-dNBR_20250924_235959.tif
Stoner-Mesa,CO,2025-09-25,Stoner-Mesa-CO-dNBR_20250925_235959.tif,https://bin.ssec.wisc.edu/pub/realearth/brisk/2025/Stoner-Mesa-CO-dNBR_20250925_235959.tif
Stoner-Mesa,CO,2025-09-26,Stoner-Mesa-CO-dNBR_20250926_235959.tif,https://bin.ssec.wisc.edu/pub/realearth/brisk/2025/Stoner-Mesa-CO-dNBR_20250926_235959.tif
Stoner-Mesa,CO,2025-09-27,Stoner-Mesa-CO-dNBR_20250927_235959.tif,https://bin.ssec.wisc.edu/pub/realearth/brisk/2025/Stoner-Mesa-CO-dNBR_20250927_235959.tif
Stoner-Mesa,CO,2025-09-28,Stoner-Mesa-CO-dNBR_20250928_235959.tif,https://bin.ssec.wisc.edu/pub/realearth/brisk/2025/Stoner-Mesa-CO-dNBR_20250928_235959.tif
Stoner-Mesa,CO,2025-09-29,Stoner-Mesa-CO-dNBR_20250929_235959.tif,https://bin.ssec.wisc.edu/pub/realearth/brisk/2025/Stoner-Mesa-CO-dNBR_20250929_235959.tif
Stoner-Mesa,CO,2025-09-30,Stoner-Mesa-CO-dNBR_20250930_235959.tif,https://bin.ssec.wisc.edu/pub/realearth/brisk/2025/Stoner-Mesa-CO-dNBR_20250930_235959.tif
Stoner-Mesa,CO,2025-10-02,Stoner-Mesa-CO-dNBR_20251002_235959.tif,https://bin.ssec.wisc.edu/pub/realearth/brisk/2025/Stoner-Mesa-CO-dNBR_20251002_235959.tif
Stoner-Mesa,CO,2025-10-06,Stoner-Mesa-CO-dNBR_20251006_235959.tif,https://bin.ssec.wisc.edu/pub/realearth/brisk/2025/Stoner-Mesa-CO-dNBR_20251006_235959.tif
Stoner-Mesa,CO,2025-10-09,Stoner-Mesa-CO-dNBR_20251009_235959.tif,https://bin.ssec.wisc.edu/pub/realearth/brisk/2025/Stoner-Mesa-CO-dNBR_20251009_235959.tif
Stoner-Mesa,CO,2025-10-11,Stoner-Mesa-CO-dNBR_20251011_235959.tif,https://bin.ssec.wisc.edu/pub/realearth/brisk/2025/Stoner-Mesa-CO-dNBR_20251011_235959.tif
Stoner-Mesa,CO,2025-10-12,Stoner-Mesa-CO-dNBR_20251012_235959.tif,https://bin.ssec.wisc.edu/pub/realearth/brisk/2025/Stoner-Mesa-CO-dNBR_20251012_235959.tif
Stoner-Mesa,CO,2025-10-14,Stoner-Mesa-CO-dNBR_20251014_235959.tif,https://bin.ssec.wisc.edu/pub/realearth/brisk/2025/Stoner-Mesa-CO-dNBR_20251014_235959.tif
Stoner-Mesa,CO,2025-10-16,Stoner-Mesa-CO-dNBR_20251016_235959.tif,https://bin.ssec.wisc.edu/pub/realearth/brisk/2025/Stoner-Mesa-CO-dNBR_20251016_235959.tif
Stoner-Mesa,CO,2025-10-17,Stoner-Mesa-CO-dNBR_20251017_235959.tif,https://bin.ssec.wisc.edu/pub/realearth/brisk/2025/Stoner-Mesa-CO-dNBR_20251017_235959.tif
Stoner-Mesa,CO,2025-10-18,Stoner-Mesa-CO-dNBR_20251018_235959.tif,https://bin.ssec.wisc.edu/pub/realearth/brisk/2025/Stoner-Mesa-CO-dNBR_20251018_235959.tif
Stoner-Mesa,CO,2025-10-19,Stoner-Mesa-CO-dNBR_20251019_235959.tif,https://bin.ssec.wisc.edu/pub/realearth/brisk/2025/Stoner-Mesa-CO-dNBR_20251019_235959.tif
Stoner-Mesa,CO,2025-10-29,Stoner-Mesa-CO-dNBR_20251029_235959.tif,https://bin.ssec.wisc.edu/pub/realearth/brisk/2025/Stoner-Mesa-CO-dNBR_20251029_235959.tif
Stoner-Mesa,CO,2025-10-30,Stoner-Mesa-CO-dNBR_20251030_235959.tif,https://bin.ssec.wisc.edu/pub/realearth/brisk/2025/Stoner-Mesa-CO-dNBR_20251030_235959.tif
Stoner-Mesa,CO,2025-10-31,Stoner-Mesa-CO-dNBR_20251031_235959.tif,https://bin.ssec.wisc.edu/pub/realearth/brisk/2025/Stoner-Mesa-CO-dNBR_20251031_235959.tif
Stoner-Mesa,CO,2025-11-02,Stoner-Mesa-CO-dNBR_20251102_235959.tif,https://bin.ssec.wisc.edu/pub/realearth/brisk/2025/Stoner-Mesa-CO-dNBR_20251102_235959.tif
Stoner-Mesa,CO,2025-11-05,Stoner-Mesa-CO-dNBR_20251105_235959.tif,https://bin.ssec.wisc.edu/pub/realearth/brisk/2025/Stoner-Mesa-CO-dNBR_20251105_235959.tif
Stoner-Mesa,CO,2025-11-06,Stoner-Mesa-CO-dNBR_20251106_235959.tif,https://bin.ssec.wisc.edu/pub/realearth/brisk/2025/Stoner-Mesa-CO-dNBR_20251106_235959.tif
Stoner-Mesa,CO,2025-11-08,Stoner-Mesa-CO-dNBR_20251108_235959.tif,https://bin.ssec.wisc.edu/pub/realearth/brisk/2025/Stoner-Mesa-CO-dNBR_20251108_235959.tif
Stoner-Mesa,CO,2025-11-09,Stoner-Mesa-CO-dNBR_20251109_235959.tif,https://bin.ssec.wisc.edu/pub/realearth/brisk/2025/Stoner-Mesa-CO-dNBR_20251109_235959.tif
Table-Rock,SC,2025-04-30,Table-Rock-SC-dNBR_20250430_235959.tif,https://bin.ssec.wisc.edu/pub/realearth/brisk/2025/Table-Rock-SC-dNBR_20250430_235959.tif
Table-Rock,SC,2025-05-01,Table-Rock-SC-dNBR_20250501_235959.tif,https://bin.ssec.wisc.edu/pub/realearth/brisk/2025/Table-Rock-SC-dNBR_20250501_235959.tif
Table-Rock,SC,2025-05-02,Table-Rock-SC-dNBR_20250502_235959.tif,https://bin.ssec.wisc.edu/pub/realearth/brisk/2025/Table-Rock-SC-dNBR_20250502_235959.tif
Table-Rock,SC,2025-05-03,Table-Rock-SC-dNBR_20250503_235959.tif,https://bin.ssec.wisc.edu/pub/realearth/brisk/2025/Table-Rock-SC-dNBR_20250503_235959.tif
Table-Rock,SC,2025-05-04,Table-Rock-SC-dNBR_20250504_235959.tif,https://bin.ssec.wisc.edu/pub/realearth/brisk/2025/Table-Rock-SC-dNBR_20250504_235959.tif
Table-Rock,SC,2025-05-05,Table-Rock-SC-dNBR_20250505_235959.tif,https://bin.ssec.wisc.edu/pub/realearth/brisk/2025/Table-Rock-SC-dNBR_20250505_235959.tif
Table-Rock,SC,2025-05-06,Table-Rock-SC-dNBR_20250506_235959.tif,https://bin.ssec.wisc.edu/pub/realearth/brisk/2025/Table-Rock-SC-dNBR_20250506_235959.tif
Table-Rock,SC,2025-05-07,Table-Rock-SC-dNBR_20250507_235959.tif,https://bin.ssec.wisc.edu/pub/realearth/brisk/2025/Table-Rock-SC-dNBR_20250507_235959.tif
Trout,NM,2025-06-15,Trout-NM-dNBR_20250615_235959.tif,https://bin.ssec.wisc.edu/pub/realearth/brisk/2025/Trout-NM-dNBR_20250615_235959.tif
Trout,NM,2025-06-16,Trout-NM-dNBR_20250616_235959.tif,https://bin.ssec.wisc.edu/pub/realearth/brisk/2025/Trout-NM-dNBR_20250616_235959.tif
Trout,NM,2025-06-17,Trout-NM-dNBR_20250617_235959.tif,https://bin.ssec.wisc.edu/pub/realearth/brisk/2025/Trout-NM-dNBR_20250617_235959.tif
Trout,NM,2025-06-18,Trout-NM-dNBR_20250618_235959.tif,https://bin.ssec.wisc.edu/pub/realearth/brisk/2025/Trout-NM-dNBR_20250618_235959.tif
Trout,NM,2025-06-19,Trout-NM-dNBR_20250619_235959.tif,https://bin.ssec.wisc.edu/pub/realearth/brisk/2025/Trout-NM-dNBR_20250619_235959.tif
Trout,NM,2025-06-20,Trout-NM-dNBR_20250620_235959.tif,https://bin.ssec.wisc.edu/pub/realearth/brisk/2025/Trout-NM-dNBR_20250620_235959.tif
Trout,NM,2025-06-21,Trout-NM-dNBR_20250621_235959.tif,https://bin.ssec.wisc.edu/pub/realearth/brisk/2025/Trout-NM-dNBR_20250621_235959.tif
Trout,NM,2025-06-22,Trout-NM-dNBR_20250622_235959.tif,https://bin.ssec.wisc.edu/pub/realearth/brisk/2025/Trout-NM-dNBR_20250622_235959.tif
Trout,NM,2025-06-23,Trout-NM-dNBR_20250623_235959.tif,https://bin.ssec.wisc.edu/pub/realearth/brisk/2025/Trout-NM-dNBR_20250623_235959.tif
Trout,NM,2025-06-24,Trout-NM-dNBR_20250624_235959.tif,https://bin.ssec.wisc.edu/pub/realearth/brisk/2025/Trout-NM-dNBR_20250624_235959.tif
Trout,NM,2025-06-25,Trout-NM-dNBR_20250625_235959.tif,https://bin.ssec.wisc.edu/pub/realearth/brisk/2025/Trout-NM-dNBR_20250625_235959.tif
Trout,NM,2025-06-26,Trout-NM-dNBR_20250626_235959.tif,https://bin.ssec.wisc.edu/pub/realearth/brisk/2025/Trout-NM-dNBR_20250626_235959.tif
Trout,NM,2025-06-27,Trout-NM-dNBR_20250627_235959.tif,https://bin.ssec.wisc.edu/pub/realearth/brisk/2025/Trout-NM-dNBR_20250627_235959.tif
Trout,NM,2025-06-28,Trout-NM-dNBR_20250628_235959.tif,https://bin.ssec.wisc.edu/pub/realearth/brisk/2025/Trout-NM-dNBR_20250628_235959.tif
Trout,NM,2025-06-29,Trout-NM-dNBR_20250629_235959.tif,https://bin.ssec.wisc.edu/pub/realearth/brisk/2025/Trout-NM-dNBR_20250629_235959.tif
Trout,NM,2025-06-30,Trout-NM-dNBR_20250630_235959.tif,https://bin.ssec.wisc.edu/pub/realearth/brisk/2025/Trout-NM-dNBR_20250630_235959.tif
Trout,NM,2025-07-01,Trout-NM-dNBR_20250701_235959.tif,https://bin.ssec.wisc.edu/pub/realearth/brisk/2025/Trout-NM-dNBR_20250701_235959.tif
Trout,NM,2025-07-02,Trout-NM-dNBR_20250702_235959.tif,https://bin.ssec.wisc.edu/pub/realearth/brisk/2025/Trout-NM-dNBR_20250702_235959.tif
Trout,NM,2025-07-03,Trout-NM-dNBR_20250703_235959.tif,https://bin.ssec.wisc.edu/pub/realearth/brisk/2025/Trout-NM-dNBR_20250703_235959.tif
Trout,NM,2025-07-04,Trout-NM-dNBR_20250704_235959.tif,https://bin.ssec.wisc.edu/pub/realearth/brisk/2025/Trout-NM-dNBR_20250704_235959.tif
Trout,NM,2025-07-05,Trout-NM-dNBR_20250705_235959.tif,https://bin.ssec.wisc.edu/pub/realearth/brisk/2025/Trout-NM-dNBR_20250705_235959.tif
Trout,NM,2025-07-06,Trout-NM-dNBR_20250706_235959.tif,https://bin.ssec.wisc.edu/pub/realearth/brisk/2025/Trout-NM-dNBR_20250706_235959.tif
Trout,NM,2025-07-07,Trout-NM-dNBR_20250707_235959.tif,https://bin.ssec.wisc.edu/pub/realearth/brisk/2025/Trout-NM-dNBR_20250707_235959.tif
Trout,NM,2025-07-08,Trout-NM-dNBR_20250708_235959.tif,https://bin.ssec.wisc.edu/pub/realearth/brisk/2025/Trout-NM-dNBR_20250708_235959.tif
Trout,NM,2025-07-09,Trout-NM-dNBR_20250709_235959.tif,https://bin.ssec.wisc.edu/pub/realearth/brisk/2025/Trout-NM-dNBR_20250709_235959.tif
Trout,NM,2025-07-10,Trout-NM-dNBR_20250710_235959.tif,https://bin.ssec.wisc.edu/pub/realearth/brisk/2025/Trout-NM-dNBR_20250710_235959.tif
Trout,NM,2025-07-11,Trout-NM-dNBR_20250711_235959.tif,https://bin.ssec.wisc.edu/pub/realearth/brisk/2025/Trout-NM-dNBR_20250711_235959.tif
Trout,NM,2025-07-12,Trout-NM-dNBR_20250712_235959.tif,https://bin.ssec.wisc.edu/pub/realearth/brisk/2025/Trout-NM-dNBR_20250712_235959.tif
Trout,NM,2025-07-13,Trout-NM-dNBR_20250713_235959.tif,https://bin.ssec.wisc.edu/pub/realearth/brisk/2025/Trout-NM-dNBR_20250713_235959.tif
Trout,NM,2025-07-14,Trout-NM-dNBR_20250714_235959.tif,https://bin.ssec.wisc.edu/pub/realearth/brisk/2025/Trout-NM-dNBR_20250714_235959.tif
Trout,NM,2025-07-15,Trout-NM-dNBR_20250715_235959.tif,https://bin.ssec.wisc.edu/pub/realearth/brisk/2025/Trout-NM-dNBR_20250715_235959.tif
Trout,NM,2025-07-16,Trout-NM-dNBR_20250716_235959.tif,https://bin.ssec.wisc.edu/pub/realearth/brisk/2025/Trout-NM-dNBR_20250716_235959.tif
Trout,NM,2025-07-17,Trout-NM-dNBR_20250717_235959.tif,https://bin.ssec.wisc.edu/pub/realearth/brisk/2025/Trout-NM-dNBR_20250717_235959.tif
Trout,NM,2025-07-18,Trout-NM-dNBR_20250718_235959.tif,https://bin.ssec.wisc.edu/pub/realearth/brisk/2025/Trout-NM-dNBR_20250718_235959.tif
Trout,NM,2025-07-19,Trout-NM-dNBR_20250719_235959.tif,https://bin.ssec.wisc.edu/pub/realearth/brisk/2025/Trout-NM-dNBR_20250719_235959.tif
Trout,NM,2025-07-20,Trout-NM-dNBR_20250720_235959.tif,https://bin.ssec.wisc.edu/pub/realearth/brisk/2025/Trout-NM-dNBR_20250720_235959.tif
Trout,NM,2025-07-21,Trout-NM-dNBR_20250721_235959.tif,https://bin.ssec.wisc.edu/pub/realearth/brisk/2025/Trout-NM-dNBR_20250721_235959.tif
Trout,NM,2025-07-22,Trout-NM-dNBR_20250722_235959.tif,https://bin.ssec.wisc.edu/pub/realearth/brisk/2025/Trout-NM-dNBR_20250722_235959.tif
Trout,NM,2025-07-23,Trout-NM-dNBR_20250723_235959.tif,https://bin.ssec.wisc.edu/pub/realearth/brisk/2025/Trout-NM-dNBR_20250723_235959.tif
Trout,NM,2025-07-24,Trout-NM-dNBR_20250724_235959.tif,https://bin.ssec.wisc.edu/pub/realearth/brisk/2025/Trout-NM-dNBR_20250724_235959.tif
Trout,NM,2025-07-25,Trout-NM-dNBR_20250725_235959.tif,https://bin.ssec.wisc.edu/pub/realearth/brisk/2025/Trout-NM-dNBR_20250725_235959.tif
Trout,NM,2025-07-26,Trout-NM-dNBR_20250726_235959.tif,https://bin.ssec.wisc.edu/pub/realearth/brisk/2025/Trout-NM-dNBR_20250726_235959.tif
Trout,NM,2025-07-27,Trout-NM-dNBR_20250727_235959.tif,https://bin.ssec.wisc.edu/pub/realearth/brisk/2025/Trout-NM-dNBR_20250727_235959.tif
Trout,NM,2025-07-28,Trout-NM-dNBR_20250728_235959.tif,https://bin.ssec.wisc.edu/pub/realearth/brisk/2025/Trout-NM-dNBR_20250728_235959.tif
Trout,NM,2025-07-29,Trout-NM-dNBR_20250729_235959.tif,https://bin.ssec.wisc.edu/pub/realearth/brisk/2025/Trout-NM-dNBR_20250729_235959.tif
Trout,NM,2025-07-30,Trout-NM-dNBR_20250730_235959.tif,https://bin.ssec.wisc.edu/pub/realearth/brisk/2025/Trout-NM-dNBR_20250730_235959.tif
Trout,NM,2025-07-31,Trout-NM-dNBR_20250731_235959.tif,https://bin.ssec.wisc.edu/pub/realearth/brisk/2025/Trout-NM-dNBR_20250731_235959.tif
Trout,NM,2025-08-01,Trout-NM-dNBR_20250801_235959.tif,https://bin.ssec.wisc.edu/pub/realearth/brisk/2025/Trout-NM-dNBR_20250801_235959.tif
Trout,NM,2025-08-02,Trout-NM-dNBR_20250802_235959.tif,https://bin.ssec.wisc.edu/pub/realearth/brisk/2025/Trout-NM-dNBR_20250802_235959.tif
Trout,NM,2025-08-03,Trout-NM-dNBR_20250803_235959.tif,https://bin.ssec.wisc.edu/pub/realearth/brisk/2025/Trout-NM-dNBR_20250803_235959.tif
Trout,NM,2025-08-04,Trout-NM-dNBR_20250804_235959.tif,https://bin.ssec.wisc.edu/pub/realearth/brisk/2025/Trout-NM-dNBR_20250804_235959.tif
Trout,NM,2025-08-05,Trout-NM-dNBR_20250805_235959.tif,https://bin.ssec.wisc.edu/pub/realearth/brisk/2025/Trout-NM-dNBR_20250805_235959.tif
Trout,NM,2025-08-09,Trout-NM-dNBR_20250809_235959.tif,https://bin.ssec.wisc.edu/pub/realearth/brisk/2025/Trout-NM-dNBR_20250809_235959.tif
Trout,NM,2025-08-10,Trout-NM-dNBR_20250810_235959.tif,https://bin.ssec.wisc.edu/pub/realearth/brisk/2025/Trout-NM-dNBR_20250810_235959.tif
Trout,NM,2025-08-11,Trout-NM-dNBR_20250811_235959.tif,https://bin.ssec.wisc.edu/pub/realearth/brisk/2025/Trout-NM-dNBR_20250811_235959.tif
Trout,NM,2025-08-12,Trout-NM-dNBR_20250812_235959.tif,https://bin.ssec.wisc.edu/pub/realearth/brisk/2025/Trout-NM-dNBR_20250812_235959.tif
Trout,NM,2025-08-13,Trout-NM-dNBR_20250813_235959.tif,https://bin.ssec.wisc.edu/pub/realearth/brisk/2025/Trout-NM-dNBR_20250813_235959.tif
Trout,NM,2025-08-14,Trout-NM-dNBR_20250814_235959.tif,https://bin.ssec.wisc.edu/pub/realearth/brisk/2025/Trout-NM-dNBR_20250814_235959.tif
Trout,NM,2025-08-15,Trout-NM-dNBR_20250815_235959.tif,https://bin.ssec.wisc.edu/pub/realearth/brisk/2025/Trout-NM-dNBR_20250815_235959.tif
Trout,NM,2025-08-16,Trout-NM-dNBR_20250816_235959.tif,https://bin.ssec.wisc.edu/pub/realearth/brisk/2025/Trout-NM-dNBR_20250816_235959.tif
Trout,NM,2025-08-17,Trout-NM-dNBR_20250817_235959.tif,https://bin.ssec.wisc.edu/pub/realearth/brisk/2025/Trout-NM-dNBR_20250817_235959.tif
Trout,NM,2025-08-18,Trout-NM-dNBR_20250818_235959.tif,https://bin.ssec.wisc.edu/pub/realearth/brisk/2025/Trout-NM-dNBR_20250818_235959.tif
Trout,NM,2025-08-19,Trout-NM-dNBR_20250819_235959.tif,https://bin.ssec.wisc.edu/pub/realearth/brisk/2025/Trout-NM-dNBR_20250819_235959.tif
Trout,NM,2025-08-20,Trout-NM-dNBR_20250820_235959.tif,https://bin.ssec.wisc.edu/pub/realearth/brisk/2025/Trout-NM-dNBR_20250820_235959.tif
Trout,NM,2025-08-21,Trout-NM-dNBR_20250821_235959.tif,https://bin.ssec.wisc.edu/pub/realearth/brisk/2025/Trout-NM-dNBR_20250821_235959.tif
Trout,NM,2025-08-22,Trout-NM-dNBR_20250822_235959.tif,https://bin.ssec.wisc.edu/pub/realearth/brisk/2025/Trout-NM-dNBR_20250822_235959.tif
Trout,NM,2025-08-23,Trout-NM-dNBR_20250823_235959.tif,https://bin.ssec.wisc.edu/pub/realearth/brisk/2025/Trout-NM-dNBR_20250823_235959.tif
Turkeyfeather,NM,2025-07-10,Turkeyfeather-NM-dNBR_20250710_235959.tif,https://bin.ssec.wisc.edu/pub/realearth/brisk/2025/Turkeyfeather-NM-dNBR_20250710_235959.tif
Turkeyfeather,NM,2025-07-11,Turkeyfeather-NM-dNBR_20250711_235959.tif,https://bin.ssec.wisc.edu/pub/realearth/brisk/2025/Turkeyfeather-NM-dNBR_20250711_235959.tif
Turkeyfeather,NM,2025-07-12,Turkeyfeather-NM-dNBR_20250712_235959.tif,https://bin.ssec.wisc.edu/pub/realearth/brisk/2025/Turkeyfeather-NM-dNBR_20250712_235959.tif
Turkeyfeather,NM,2025-07-13,Turkeyfeather-NM-dNBR_20250713_235959.tif,https://bin.ssec.wisc.edu/pub/realearth/brisk/2025/Turkeyfeather-NM-dNBR_20250713_235959.tif
Turkeyfeather,NM,2025-07-14,Turkeyfeather-NM-dNBR_20250714_235959.tif,https://bin.ssec.wisc.edu/pub/realearth/brisk/2025/Turkeyfeather-NM-dNBR_20250714_235959.tif
Turkeyfeather,NM,2025-07-15,Turkeyfeather-NM-dNBR_20250715_235959.tif,https://bin.ssec.wisc.edu/pub/realearth/brisk/2025/Turkeyfeather-NM-dNBR_20250715_235959.tif
Turkeyfeather,NM,2025-07-16,Turkeyfeather-NM-dNBR_20250716_235959.tif,https://bin.ssec.wisc.edu/pub/realearth/brisk/2025/Turkeyfeather-NM-dNBR_20250716_235959.tif
Turkeyfeather,NM,2025-07-17,Turkeyfeather-NM-dNBR_20250717_235959.tif,https://bin.ssec.wisc.edu/pub/realearth/brisk/2025/Turkeyfeather-NM-dNBR_20250717_235959.tif
Turkeyfeather,NM,2025-07-18,Turkeyfeather-NM-dNBR_20250718_235959.tif,https://bin.ssec.wisc.edu/pub/realearth/brisk/2025/Turkeyfeather-NM-dNBR_20250718_235959.tif
Turkeyfeather,NM,2025-07-19,Turkeyfeather-NM-dNBR_20250719_235959.tif,https://bin.ssec.wisc.edu/pub/realearth/brisk/2025/Turkeyfeather-NM-dNBR_20250719_235959.tif
Turkeyfeather,NM,2025-07-20,Turkeyfeather-NM-dNBR_20250720_235959.tif,https://bin.ssec.wisc.edu/pub/realearth/brisk/2025/Turkeyfeather-NM-dNBR_20250720_235959.tif
Turkeyfeather,NM,2025-07-21,Turkeyfeather-NM-dNBR_20250721_235959.tif,https://bin.ssec.wisc.edu/pub/realearth/brisk/2025/Turkeyfeather-NM-dNBR_20250721_235959.tif
Turkeyfeather,NM,2025-07-22,Turkeyfeather-NM-dNBR_20250722_235959.tif,https://bin.ssec.wisc.edu/pub/realearth/brisk/2025/Turkeyfeather-NM-dNBR_20250722_235959.tif
Turkeyfeather,NM,2025-07-23,Turkeyfeather-NM-dNBR_20250723_235959.tif,https://bin.ssec.wisc.edu/pub/realearth/brisk/2025/Turkeyfeather-NM-dNBR_20250723_235959.tif
Turkeyfeather,NM,2025-07-24,Turkeyfeather-NM-dNBR_20250724_235959.tif,https://bin.ssec.wisc.edu/pub/realearth/brisk/2025/Turkeyfeather-NM-dNBR_20250724_235959.tif
Turkeyfeather,NM,2025-07-25,Turkeyfeather-NM-dNBR_20250725_235959.tif,https://bin.ssec.wisc.edu/pub/realearth/brisk/2025/Turkeyfeather-NM-dNBR_20250725_235959.tif
Turkeyfeather,NM,2025-07-26,Turkeyfeather-NM-dNBR_20250726_235959.tif,https://bin.ssec.wisc.edu/pub/realearth/brisk/2025/Turkeyfeather-NM-dNBR_20250726_235959.tif
Turkeyfeather,NM,2025-07-27,Turkeyfeather-NM-dNBR_20250727_235959.tif,https://bin.ssec.wisc.edu/pub/realearth/brisk/2025/Turkeyfeather-NM-dNBR_20250727_235959.tif
Turkeyfeather,NM,2025-07-28,Turkeyfeather-NM-dNBR_20250728_235959.tif,https://bin.ssec.wisc.edu/pub/realearth/brisk/2025/Turkeyfeather-NM-dNBR_20250728_235959.tif
Turkeyfeather,NM,2025-07-29,Turkeyfeather-NM-dNBR_20250729_235959.tif,https://bin.ssec.wisc.edu/pub/realearth/brisk/2025/Turkeyfeather-NM-dNBR_20250729_235959.tif
Turkeyfeather,NM,2025-07-30,Turkeyfeather-NM-dNBR_20250730_235959.tif,https://bin.ssec.wisc.edu/pub/realearth/brisk/2025/Turkeyfeather-NM-dNBR_20250730_235959.tif
Turkeyfeather,NM,2025-07-31,Turkeyfeather-NM-dNBR_20250731_235959.tif,https://bin.ssec.wisc.edu/pub/realearth/brisk/2025/Turkeyfeather-NM-dNBR_20250731_235959.tif
Turkeyfeather,NM,2025-08-01,Turkeyfeather-NM-dNBR_20250801_235959.tif,https://bin.ssec.wisc.edu/pub/realearth/brisk/2025/Turkeyfeather-NM-dNBR_20250801_235959.tif
Turkeyfeather,NM,2025-08-02,Turkeyfeather-NM-dNBR_20250802_235959.tif,https://bin.ssec.wisc.edu/pub/realearth/brisk/2025/Turkeyfeather-NM-dNBR_20250802_235959.tif
Turkeyfeather,NM,2025-08-03,Turkeyfeather-NM-dNBR_20250803_235959.tif,https://bin.ssec.wisc.edu/pub/realearth/brisk/2025/Turkeyfeather-NM-dNBR_20250803_235959.tif
Turkeyfeather,NM,2025-08-04,Turkeyfeather-NM-dNBR_20250804_235959.tif,https://bin.ssec.wisc.edu/pub/realearth/brisk/2025/Turkeyfeather-NM-dNBR_20250804_235959.tif
Turkeyfeather,NM,2025-08-05,Turkeyfeather-NM-dNBR_20250805_235959.tif,https://bin.ssec.wisc.edu/pub/realearth/brisk/2025/Turkeyfeather-NM-dNBR_20250805_235959.tif
Turkeyfeather,NM,2025-08-06,Turkeyfeather-NM-dNBR_20250806_235959.tif,https://bin.ssec.wisc.edu/pub/realearth/brisk/2025/Turkeyfeather-NM-dNBR_20250806_235959.tif
Turkeyfeather,NM,2025-08-07,Turkeyfeather-NM-dNBR_20250807_235959.tif,https://bin.ssec.wisc.edu/pub/realearth/brisk/2025/Turkeyfeather-NM-dNBR_20250807_235959.tif
Turkeyfeather,NM,2025-08-08,Turkeyfeather-NM-dNBR_20250808_235959.tif,https://bin.ssec.wisc.edu/pub/realearth/brisk/2025/Turkeyfeather-NM-dNBR_20250808_235959.tif
Turkeyfeather,NM,2025-08-09,Turkeyfeather-NM-dNBR_20250809_235959.tif,https://bin.ssec.wisc.edu/pub/realearth/brisk/2025/Turkeyfeather-NM-dNBR_20250809_235959.tif
Turkeyfeather,NM,2025-08-10,Turkeyfeather-NM-dNBR_20250810_235959.tif,https://bin.ssec.wisc.edu/pub/realearth/brisk/2025/Turkeyfeather-NM-dNBR_20250810_235959.tif
Turkeyfeather,NM,2025-08-11,Turkeyfeather-NM-dNBR_20250811_235959.tif,https://bin.ssec.wisc.edu/pub/realearth/brisk/2025/Turkeyfeather-NM-dNBR_20250811_235959.tif
Turkeyfeather,NM,2025-08-12,Turkeyfeather-NM-dNBR_20250812_235959.tif,https://bin.ssec.wisc.edu/pub/realearth/brisk/2025/Turkeyfeather-NM-dNBR_20250812_235959.tif
Turkeyfeather,NM,2025-08-13,Turkeyfeather-NM-dNBR_20250813_235959.tif,https://bin.ssec.wisc.edu/pub/realearth/brisk/2025/Turkeyfeather-NM-dNBR_20250813_235959.tif
Turkeyfeather,NM,2025-08-14,Turkeyfeather-NM-dNBR_20250814_235959.tif,https://bin.ssec.wisc.edu/pub/realearth/brisk/2025/Turkeyfeather-NM-dNBR_20250814_235959.tif
Turkeyfeather,NM,2025-08-15,Turkeyfeather-NM-dNBR_20250815_235959.tif,https://bin.ssec.wisc.edu/pub/realearth/brisk/2025/Turkeyfeather-NM-dNBR_20250815_235959.tif
Turkeyfeather,NM,2025-08-16,Turkeyfeather-NM-dNBR_20250816_235959.tif,https://bin.ssec.wisc.edu/pub/realearth/brisk/2025/Turkeyfeather-NM-dNBR_20250816_235959.tif
Turkeyfeather,NM,2025-08-17,Turkeyfeather-NM-dNBR_20250817_235959.tif,https://bin.ssec.wisc.edu/pub/realearth/brisk/2025/Turkeyfeather-NM-dNBR_20250817_235959.tif
Turkeyfeather,NM,2025-08-18,Turkeyfeather-NM-dNBR_20250818_235959.tif,https://bin.ssec.wisc.edu/pub/realearth/brisk/2025/Turkeyfeather-NM-dNBR_20250818_235959.tif
Turkeyfeather,NM,2025-08-19,Turkeyfeather-NM-dNBR_20250819_235959.tif,https://bin.ssec.wisc.edu/pub/realearth/brisk/2025/Turkeyfeather-NM-dNBR_20250819_235959.tif
Turkeyfeather,NM,2025-08-20,Turkeyfeather-NM-dNBR_20250820_235959.tif,https://bin.ssec.wisc.edu/pub/realearth/brisk/2025/Turkeyfeather-NM-dNBR_20250820_235959.tif
Turkeyfeather,NM,2025-08-21,Turkeyfeather-NM-dNBR_20250821_235959.tif,https://bin.ssec.wisc.edu/pub/realearth/brisk/2025/Turkeyfeather-NM-dNBR_20250821_235959.tif
Turkeyfeather,NM,2025-08-22,Turkeyfeather-NM-dNBR_20250822_235959.tif,https://bin.ssec.wisc.edu/pub/realearth/brisk/2025/Turkeyfeather-NM-dNBR_20250822_235959.tif
Turkeyfeather,NM,2025-08-23,Turkeyfeather-NM-dNBR_20250823_235959.tif,https://bin.ssec.wisc.edu/pub/realearth/brisk/2025/Turkeyfeather-NM-dNBR_20250823_235959.tif
Turkeyfeather,NM,2025-08-24,Turkeyfeather-NM-dNBR_20250824_235959.tif,https://bin.ssec.wisc.edu/pub/realearth/brisk/2025/Turkeyfeather-NM-dNBR_20250824_235959.tif
Turkeyfeather,NM,2025-08-25,Turkeyfeather-NM-dNBR_20250825_235959.tif,https://bin.ssec.wisc.edu/pub/realearth/brisk/2025/Turkeyfeather-NM-dNBR_20250825_235959.tif
Turkeyfeather,NM,2025-08-26,Turkeyfeather-NM-dNBR_20250826_235959.tif,https://bin.ssec.wisc.edu/pub/realearth/brisk/2025/Turkeyfeather-NM-dNBR_20250826_235959.tif
Turkeyfeather,NM,2025-09-01,Turkeyfeather-NM-dNBR_20250901_235959.tif,https://bin.ssec.wisc.edu/pub/realearth/brisk/2025/Turkeyfeather-NM-dNBR_20250901_235959.tif
Turkeyfeather,NM,2025-09-02,Turkeyfeather-NM-dNBR_20250902_235959.tif,https://bin.ssec.wisc.edu/pub/realearth/brisk/2025/Turkeyfeather-NM-dNBR_20250902_235959.tif
Turkeyfeather,NM,2025-09-03,Turkeyfeather-NM-dNBR_20250903_235959.tif,https://bin.ssec.wisc.edu/pub/realearth/brisk/2025/Turkeyfeather-NM-dNBR_20250903_235959.tif
Turkeyfeather,NM,2025-09-04,Turkeyfeather-NM-dNBR_20250904_235959.tif,https://bin.ssec.wisc.edu/pub/realearth/brisk/2025/Turkeyfeather-NM-dNBR_20250904_235959.tif
Turkeyfeather,NM,2025-09-05,Turkeyfeather-NM-dNBR_20250905_235959.tif,https://bin.ssec.wisc.edu/pub/realearth/brisk/2025/Turkeyfeather-NM-dNBR_20250905_235959.tif
Turkeyfeather,NM,2025-09-06,Turkeyfeather-NM-dNBR_20250906_235959.tif,https://bin.ssec.wisc.edu/pub/realearth/brisk/2025/Turkeyfeather-NM-dNBR_20250906_235959.tif
Turkeyfeather,NM,2025-09-07,Turkeyfeather-NM-dNBR_20250907_235959.tif,https://bin.ssec.wisc.edu/pub/realearth/brisk/2025/Turkeyfeather-NM-dNBR_20250907_235959.tif
Turkeyfeather,NM,2025-09-08,Turkeyfeather-NM-dNBR_20250908_235959.tif,https://bin.ssec.wisc.edu/pub/realearth/brisk/2025/Turkeyfeather-NM-dNBR_20250908_235959.tif
Turkeyfeather,NM,2025-09-09,Turkeyfeather-NM-dNBR_20250909_235959.tif,https://bin.ssec.wisc.edu/pub/realearth/brisk/2025/Turkeyfeather-NM-dNBR_20250909_235959.tif
Turkeyfeather,NM,2025-09-10,Turkeyfeather-NM-dNBR_20250910_235959.tif,https://bin.ssec.wisc.edu/pub/realearth/brisk/2025/Turkeyfeather-NM-dNBR_20250910_235959.tif
Turner-Gulch,CO,2025-07-15,Turner-Gulch-CO-dNBR_20250715_235959.tif,https://bin.ssec.wisc.edu/pub/realearth/brisk/2025/Turner-Gulch-CO-dNBR_20250715_235959.tif
Turner-Gulch,CO,2025-07-16,Turner-Gulch-CO-dNBR_20250716_235959.tif,https://bin.ssec.wisc.edu/pub/realearth/brisk/2025/Turner-Gulch-CO-dNBR_20250716_235959.tif
Turner-Gulch,CO,2025-07-17,Turner-Gulch-CO-dNBR_20250717_235959.tif,https://bin.ssec.wisc.edu/pub/realearth/brisk/2025/Turner-Gulch-CO-dNBR_20250717_235959.tif
Turner-Gulch,CO,2025-07-18,Turner-Gulch-CO-dNBR_20250718_235959.tif,https://bin.ssec.wisc.edu/pub/realearth/brisk/2025/Turner-Gulch-CO-dNBR_20250718_235959.tif
Turner-Gulch,CO,2025-07-19,Turner-Gulch-CO-dNBR_20250719_235959.tif,https://bin.ssec.wisc.edu/pub/realearth/brisk/2025/Turner-Gulch-CO-dNBR_20250719_235959.tif
Turner-Gulch,CO,2025-07-20,Turner-Gulch-CO-dNBR_20250720_235959.tif,https://bin.ssec.wisc.edu/pub/realearth/brisk/2025/Turner-Gulch-CO-dNBR_20250720_235959.tif
Turner-Gulch,CO,2025-07-21,Turner-Gulch-CO-dNBR_20250721_235959.tif,https://bin.ssec.wisc.edu/pub/realearth/brisk/2025/Turner-Gulch-CO-dNBR_20250721_235959.tif
Turner-Gulch,CO,2025-07-22,Turner-Gulch-CO-dNBR_20250722_235959.tif,https://bin.ssec.wisc.edu/pub/realearth/brisk/2025/Turner-Gulch-CO-dNBR_20250722_235959.tif
Turner-Gulch,CO,2025-07-23,Turner-Gulch-CO-dNBR_20250723_235959.tif,https://bin.ssec.wisc.edu/pub/realearth/brisk/2025/Turner-Gulch-CO-dNBR_20250723_235959.tif
Turner-Gulch,CO,2025-07-24,Turner-Gulch-CO-dNBR_20250724_235959.tif,https://bin.ssec.wisc.edu/pub/realearth/brisk/2025/Turner-Gulch-CO-dNBR_20250724_235959.tif
Turner-Gulch,CO,2025-07-25,Turner-Gulch-CO-dNBR_20250725_235959.tif,https://bin.ssec.wisc.edu/pub/realearth/brisk/2025/Turner-Gulch-CO-dNBR_20250725_235959.tif
Turner-Gulch,CO,2025-07-26,Turner-Gulch-CO-dNBR_20250726_235959.tif,https://bin.ssec.wisc.edu/pub/realearth/brisk/2025/Turner-Gulch-CO-dNBR_20250726_235959.tif
Turner-Gulch,CO,2025-07-27,Turner-Gulch-CO-dNBR_20250727_235959.tif,https://bin.ssec.wisc.edu/pub/realearth/brisk/2025/Turner-Gulch-CO-dNBR_20250727_235959.tif
Turner-Gulch,CO,2025-07-28,Turner-Gulch-CO-dNBR_20250728_235959.tif,https://bin.ssec.wisc.edu/pub/realearth/brisk/2025/Turner-Gulch-CO-dNBR_20250728_235959.tif
Turner-Gulch,CO,2025-07-29,Turner-Gulch-CO-dNBR_20250729_235959.tif,https://bin.ssec.wisc.edu/pub/realearth/brisk/2025/Turner-Gulch-CO-dNBR_20250729_235959.tif
Turner-Gulch,CO,2025-07-30,Turner-Gulch-CO-dNBR_20250730_235959.tif,https://bin.ssec.wisc.edu/pub/realearth/brisk/2025/Turner-Gulch-CO-dNBR_20250730_235959.tif
Turner-Gulch,CO,2025-07-31,Turner-Gulch-CO-dNBR_20250731_235959.tif,https://bin.ssec.wisc.edu/pub/realearth/brisk/2025/Turner-Gulch-CO-dNBR_20250731_235959.tif
Turner-Gulch,CO,2025-08-01,Turner-Gulch-CO-dNBR_20250801_235959.tif,https://bin.ssec.wisc.edu/pub/realearth/brisk/2025/Turner-Gulch-CO-dNBR_20250801_235959.tif
Turner-Gulch,CO,2025-08-02,Turner-Gulch-CO-dNBR_20250802_235959.tif,https://bin.ssec.wisc.edu/pub/realearth/brisk/2025/Turner-Gulch-CO-dNBR_20250802_235959.tif
Turner-Gulch,CO,2025-08-03,Turner-Gulch-CO-dNBR_20250803_235959.tif,https://bin.ssec.wisc.edu/pub/realearth/brisk/2025/Turner-Gulch-CO-dNBR_20250803_235959.tif
Turner-Gulch,CO,2025-08-04,Turner-Gulch-CO-dNBR_20250804_235959.tif,https://bin.ssec.wisc.edu/pub/realearth/brisk/2025/Turner-Gulch-CO-dNBR_20250804_235959.tif
Turner-Gulch,CO,2025-08-05,Turner-Gulch-CO-dNBR_20250805_235959.tif,https://bin.ssec.wisc.edu/pub/realearth/brisk/2025/Turner-Gulch-CO-dNBR_20250805_235959.tif
Turner-Gulch,CO,2025-08-06,Turner-Gulch-CO-dNBR_20250806_235959.tif,https://bin.ssec.wisc.edu/pub/realearth/brisk/2025/Turner-Gulch-CO-dNBR_20250806_235959.tif
Turner-Gulch,CO,2025-08-07,Turner-Gulch-CO-dNBR_20250807_235959.tif,https://bin.ssec.wisc.edu/pub/realearth/brisk/2025/Turner-Gulch-CO-dNBR_20250807_235959.tif
Turner-Gulch,CO,2025-08-08,Turner-Gulch-CO-dNBR_20250808_235959.tif,https://bin.ssec.wisc.edu/pub/realearth/brisk/2025/Turner-Gulch-CO-dNBR_20250808_235959.tif
Turner-Gulch,CO,2025-08-09,Turner-Gulch-CO-dNBR_20250809_235959.tif,https://bin.ssec.wisc.edu/pub/realearth/brisk/2025/Turner-Gulch-CO-dNBR_20250809_235959.tif
Turner-Gulch,CO,2025-08-10,Turner-Gulch-CO-dNBR_20250810_235959.tif,https://bin.ssec.wisc.edu/pub/realearth/brisk/2025/Turner-Gulch-CO-dNBR_20250810_235959.tif
Turner-Gulch,CO,2025-08-11,Turner-Gulch-CO-dNBR_20250811_235959.tif,https://bin.ssec.wisc.edu/pub/realearth/brisk/2025/Turner-Gulch-CO-dNBR_20250811_235959.tif
Turner-Gulch,CO,2025-08-12,Turner-Gulch-CO-dNBR_20250812_235959.tif,https://bin.ssec.wisc.edu/pub/realearth/brisk/2025/Turner-Gulch-CO-dNBR_20250812_235959.tif
Turner-Gulch,CO,2025-08-13,Turner-Gulch-CO-dNBR_20250813_235959.tif,https://bin.ssec.wisc.edu/pub/realearth/brisk/2025/Turner-Gulch-CO-dNBR_20250813_235959.tif
Turner-Gulch,CO,2025-08-14,Turner-Gulch-CO-dNBR_20250814_235959.tif,https://bin.ssec.wisc.edu/pub/realearth/brisk/2025/Turner-Gulch-CO-dNBR_20250814_235959.tif
Turner-Gulch,CO,2025-08-15,Turner-Gulch-CO-dNBR_20250815_235959.tif,https://bin.ssec.wisc.edu/pub/realearth/brisk/2025/Turner-Gulch-CO-dNBR_20250815_235959.tif
Turner-Gulch,CO,2025-08-16,Turner-Gulch-CO-dNBR_20250816_235959.tif,https://bin.ssec.wisc.edu/pub/realearth/brisk/2025/Turner-Gulch-CO-dNBR_20250816_235959.tif
Turner-Gulch,CO,2025-08-20,Turner-Gulch-CO-dNBR_20250820_235959.tif,https://bin.ssec.wisc.edu/pub/realearth/brisk/2025/Turner-Gulch-CO-dNBR_20250820_235959.tif
Turner-Gulch,CO,2025-08-21,Turner-Gulch-CO-dNBR_20250821_235959.tif,https://bin.ssec.wisc.edu/pub/realearth/brisk/2025/Turner-Gulch-CO-dNBR_20250821_235959.tif
Turner-Gulch,CO,2025-08-22,Turner-Gulch-CO-dNBR_20250822_235959.tif,https://bin.ssec.wisc.edu/pub/realearth/brisk/2025/Turner-Gulch-CO-dNBR_20250822_235959.tif
Turner-Gulch,CO,2025-08-23,Turner-Gulch-CO-dNBR_20250823_235959.tif,https://bin.ssec.wisc.edu/pub/realearth/brisk/2025/Turner-Gulch-CO-dNBR_20250823_235959.tif
Turner-Gulch,CO,2025-08-25,Turner-Gulch-CO-dNBR_20250825_235959.tif,https://bin.ssec.wisc.edu/pub/realearth/brisk/2025/Turner-Gulch-CO-dNBR_20250825_235959.tif
Turner-Gulch,CO,2025-08-26,Turner-Gulch-CO-dNBR_20250826_235959.tif,https://bin.ssec.wisc.edu/pub/realearth/brisk/2025/Turner-Gulch-CO-dNBR_20250826_235959.tif
Turner-Gulch,CO,2025-09-01,Turner-Gulch-CO-dNBR_20250901_235959.tif,https://bin.ssec.wisc.edu/pub/realearth/brisk/2025/Turner-Gulch-CO-dNBR_20250901_235959.tif
Turner-Gulch,CO,2025-09-02,Turner-Gulch-CO-dNBR_20250902_235959.tif,https://bin.ssec.wisc.edu/pub/realearth/brisk/2025/Turner-Gulch-CO-dNBR_20250902_235959.tif
Turner-Gulch,CO,2025-09-03,Turner-Gulch-CO-dNBR_20250903_235959.tif,https://bin.ssec.wisc.edu/pub/realearth/brisk/2025/Turner-Gulch-CO-dNBR_20250903_235959.tif
Turner-Gulch,CO,2025-09-04,Turner-Gulch-CO-dNBR_20250904_235959.tif,https://bin.ssec.wisc.edu/pub/realearth/brisk/2025/Turner-Gulch-CO-dNBR_20250904_235959.tif
Vees,WY,2025-07-30,Vees-WY-dNBR_20250730_235959.tif,https://bin.ssec.wisc.edu/pub/realearth/brisk/2025/Vees-WY-dNBR_20250730_235959.tif
Vees,WY,2025-07-31,Vees-WY-dNBR_20250731_235959.tif,https://bin.ssec.wisc.edu/pub/realearth/brisk/2025/Vees-WY-dNBR_20250731_235959.tif
Vees,WY,2025-08-01,Vees-WY-dNBR_20250801_235959.tif,https://bin.ssec.wisc.edu/pub/realearth/brisk/2025/Vees-WY-dNBR_20250801_235959.tif
Vees,WY,2025-08-02,Vees-WY-dNBR_20250802_235959.tif,https://bin.ssec.wisc.edu/pub/realearth/brisk/2025/Vees-WY-dNBR_20250802_235959.tif
Vees,WY,2025-08-03,Vees-WY-dNBR_20250803_235959.tif,https://bin.ssec.wisc.edu/pub/realearth/brisk/2025/Vees-WY-dNBR_20250803_235959.tif
Vees,WY,2025-08-04,Vees-WY-dNBR_20250804_235959.tif,https://bin.ssec.wisc.edu/pub/realearth/brisk/2025/Vees-WY-dNBR_20250804_235959.tif
Vees,WY,2025-08-05,Vees-WY-dNBR_20250805_235959.tif,https://bin.ssec.wisc.edu/pub/realearth/brisk/2025/Vees-WY-dNBR_20250805_235959.tif
Vees,WY,2025-08-06,Vees-WY-dNBR_20250806_235959.tif,https://bin.ssec.wisc.edu/pub/realearth/brisk/2025/Vees-WY-dNBR_20250806_235959.tif
Vees,WY,2025-08-07,Vees-WY-dNBR_20250807_235959.tif,https://bin.ssec.wisc.edu/pub/realearth/brisk/2025/Vees-WY-dNBR_20250807_235959.tif
Vees,WY,2025-08-08,Vees-WY-dNBR_20250808_235959.tif,https://bin.ssec.wisc.edu/pub/realearth/brisk/2025/Vees-WY-dNBR_20250808_235959.tif
Vees,WY,2025-08-09,Vees-WY-dNBR_20250809_235959.tif,https://bin.ssec.wisc.edu/pub/realearth/brisk/2025/Vees-WY-dNBR_20250809_235959.tif
Vees,WY,2025-08-10,Vees-WY-dNBR_20250810_235959.tif,https://bin.ssec.wisc.edu/pub/realearth/brisk/2025/Vees-WY-dNBR_20250810_235959.tif
Vees,WY,2025-08-11,Vees-WY-dNBR_20250811_235959.tif,https://bin.ssec.wisc.edu/pub/realearth/brisk/2025/Vees-WY-dNBR_20250811_235959.tif
Vees,WY,2025-08-12,Vees-WY-dNBR_20250812_235959.tif,https://bin.ssec.wisc.edu/pub/realearth/brisk/2025/Vees-WY-dNBR_20250812_235959.tif
Vees,WY,2025-08-13,Vees-WY-dNBR_20250813_235959.tif,https://bin.ssec.wisc.edu/pub/realearth/brisk/2025/Vees-WY-dNBR_20250813_235959.tif
Vees,WY,2025-08-14,Vees-WY-dNBR_20250814_235959.tif,https://bin.ssec.wisc.edu/pub/realearth/brisk/2025/Vees-WY-dNBR_20250814_235959.tif
Vees,WY,2025-08-15,Vees-WY-dNBR_20250815_235959.tif,https://bin.ssec.wisc.edu/pub/realearth/brisk/2025/Vees-WY-dNBR_20250815_235959.tif
Vees,WY,2025-08-16,Vees-WY-dNBR_20250816_235959.tif,https://bin.ssec.wisc.edu/pub/realearth/brisk/2025/Vees-WY-dNBR_20250816_235959.tif
Vees,WY,2025-08-17,Vees-WY-dNBR_20250817_235959.tif,https://bin.ssec.wisc.edu/pub/realearth/brisk/2025/Vees-WY-dNBR_20250817_235959.tif
Vees,WY,2025-08-18,Vees-WY-dNBR_20250818_235959.tif,https://bin.ssec.wisc.edu/pub/realearth/brisk/2025/Vees-WY-dNBR_20250818_235959.tif
Vees,WY,2025-08-19,Vees-WY-dNBR_20250819_235959.tif,https://bin.ssec.wisc.edu/pub/realearth/brisk/2025/Vees-WY-dNBR_20250819_235959.tif
Vees,WY,2025-08-20,Vees-WY-dNBR_20250820_235959.tif,https://bin.ssec.wisc.edu/pub/realearth/brisk/2025/Vees-WY-dNBR_20250820_235959.tif
Vees,WY,2025-08-21,Vees-WY-dNBR_20250821_235959.tif,https://bin.ssec.wisc.edu/pub/realearth/brisk/2025/Vees-WY-dNBR_20250821_235959.tif
Vees,WY,2025-08-22,Vees-WY-dNBR_20250822_235959.tif,https://bin.ssec.wisc.edu/pub/realearth/brisk/2025/Vees-WY-dNBR_20250822_235959.tif
Vees,WY,2025-08-23,Vees-WY-dNBR_20250823_235959.tif,https://bin.ssec.wisc.edu/pub/realearth/brisk/2025/Vees-WY-dNBR_20250823_235959.tif
Vees,WY,2025-08-25,Vees-WY-dNBR_20250825_235959.tif,https://bin.ssec.wisc.edu/pub/realearth/brisk/2025/Vees-WY-dNBR_20250825_235959.tif
Vees,WY,2025-08-26,Vees-WY-dNBR_20250826_235959.tif,https://bin.ssec.wisc.edu/pub/realearth/brisk/2025/Vees-WY-dNBR_20250826_235959.tif
Western-Pines,WA,2025-07-11,Western-Pines-WA-dNBR_20250711_235959.tif,https://bin.ssec.wisc.edu/pub/realearth/brisk/2025/Western-Pines-WA-dNBR_20250711_235959.tif
Western-Pines,WA,2025-07-12,Western-Pines-WA-dNBR_20250712_235959.tif,https://bin.ssec.wisc.edu/pub/realearth/brisk/2025/Western-Pines-WA-dNBR_20250712_235959.tif
Western-Pines,WA,2025-07-13,Western-Pines-WA-dNBR_20250713_235959.tif,https://bin.ssec.wisc.edu/pub/realearth/brisk/2025/Western-Pines-WA-dNBR_20250713_235959.tif
Western-Pines,WA,2025-07-14,Western-Pines-WA-dNBR_20250714_235959.tif,https://bin.ssec.wisc.edu/pub/realearth/brisk/2025/Western-Pines-WA-dNBR_20250714_235959.tif
Western-Pines,WA,2025-07-15,Western-Pines-WA-dNBR_20250715_235959.tif,https://bin.ssec.wisc.edu/pub/realearth/brisk/2025/Western-Pines-WA-dNBR_20250715_235959.tif
Western-Pines,WA,2025-07-16,Western-Pines-WA-dNBR_20250716_235959.tif,https://bin.ssec.wisc.edu/pub/realearth/brisk/2025/Western-Pines-WA-dNBR_20250716_235959.tif
Western-Pines,WA,2025-07-17,Western-Pines-WA-dNBR_20250717_235959.tif,https://bin.ssec.wisc.edu/pub/realearth/brisk/2025/Western-Pines-WA-dNBR_20250717_235959.tif
Western-Pines,WA,2025-07-18,Western-Pines-WA-dNBR_20250718_235959.tif,https://bin.ssec.wisc.edu/pub/realearth/brisk/2025/Western-Pines-WA-dNBR_20250718_235959.tif
Western-Pines,WA,2025-07-19,Western-Pines-WA-dNBR_20250719_235959.tif,https://bin.ssec.wisc.edu/pub/realearth/brisk/2025/Western-Pines-WA-dNBR_20250719_235959.tif
Western-Pines,WA,2025-07-20,Western-Pines-WA-dNBR_20250720_235959.tif,https://bin.ssec.wisc.edu/pub/realearth/brisk/2025/Western-Pines-WA-dNBR_20250720_235959.tif
Western-Pines,WA,2025-07-21,Western-Pines-WA-dNBR_20250721_235959.tif,https://bin.ssec.wisc.edu/pub/realearth/brisk/2025/Western-Pines-WA-dNBR_20250721_235959.tif
Western-Pines,WA,2025-07-22,Western-Pines-WA-dNBR_20250722_235959.tif,https://bin.ssec.wisc.edu/pub/realearth/brisk/2025/Western-Pines-WA-dNBR_20250722_235959.tif
Western-Pines,WA,2025-07-23,Western-Pines-WA-dNBR_20250723_235959.tif,https://bin.ssec.wisc.edu/pub/realearth/brisk/2025/Western-Pines-WA-dNBR_20250723_235959.tif
Western-Pines,WA,2025-07-24,Western-Pines-WA-dNBR_20250724_235959.tif,https://bin.ssec.wisc.edu/pub/realearth/brisk/2025/Western-Pines-WA-dNBR_20250724_235959.tif
Western-Pines,WA,2025-07-25,Western-Pines-WA-dNBR_20250725_235959.tif,https://bin.ssec.wisc.edu/pub/realearth/brisk/2025/Western-Pines-WA-dNBR_20250725_235959.tif
Western-Pines,WA,2025-07-26,Western-Pines-WA-dNBR_20250726_235959.tif,https://bin.ssec.wisc.edu/pub/realearth/brisk/2025/Western-Pines-WA-dNBR_20250726_235959.tif
Western-Pines,WA,2025-07-27,Western-Pines-WA-dNBR_20250727_235959.tif,https://bin.ssec.wisc.edu/pub/realearth/brisk/2025/Western-Pines-WA-dNBR_20250727_235959.tif
Western-Pines,WA,2025-07-28,Western-Pines-WA-dNBR_20250728_235959.tif,https://bin.ssec.wisc.edu/pub/realearth/brisk/2025/Western-Pines-WA-dNBR_20250728_235959.tif
Western-Pines,WA,2025-07-29,Western-Pines-WA-dNBR_20250729_235959.tif,https://bin.ssec.wisc.edu/pub/realearth/brisk/2025/Western-Pines-WA-dNBR_20250729_235959.tif
Western-Pines,WA,2025-07-30,Western-Pines-WA-dNBR_20250730_235959.tif,https://bin.ssec.wisc.edu/pub/realearth/brisk/2025/Western-Pines-WA-dNBR_20250730_235959.tif
Western-Pines,WA,2025-07-31,Western-Pines-WA-dNBR_20250731_235959.tif,https://bin.ssec.wisc.edu/pub/realearth/brisk/2025/Western-Pines-WA-dNBR_20250731_235959.tif
Western-Pines,WA,2025-08-01,Western-Pines-WA-dNBR_20250801_235959.tif,https://bin.ssec.wisc.edu/pub/realearth/brisk/2025/Western-Pines-WA-dNBR_20250801_235959.tif
Western-Pines,WA,2025-08-02,Western-Pines-WA-dNBR_20250802_235959.tif,https://bin.ssec.wisc.edu/pub/realearth/brisk/2025/Western-Pines-WA-dNBR_20250802_235959.tif
Western-Pines,WA,2025-08-03,Western-Pines-WA-dNBR_20250803_235959.tif,https://bin.ssec.wisc.edu/pub/realearth/brisk/2025/Western-Pines-WA-dNBR_20250803_235959.tif
Western-Pines,WA,2025-08-04,Western-Pines-WA-dNBR_20250804_235959.tif,https://bin.ssec.wisc.edu/pub/realearth/brisk/2025/Western-Pines-WA-dNBR_20250804_235959.tif
Western-Pines,WA,2025-08-05,Western-Pines-WA-dNBR_20250805_235959.tif,https://bin.ssec.wisc.edu/pub/realearth/brisk/2025/Western-Pines-WA-dNBR_20250805_235959.tif
Western-Pines,WA,2025-08-06,Western-Pines-WA-dNBR_20250806_235959.tif,https://bin.ssec.wisc.edu/pub/realearth/brisk/2025/Western-Pines-WA-dNBR_20250806_235959.tif
Western-Pines,WA,2025-08-07,Western-Pines-WA-dNBR_20250807_235959.tif,https://bin.ssec.wisc.edu/pub/realearth/brisk/2025/Western-Pines-WA-dNBR_20250807_235959.tif
Western-Pines,WA,2025-08-08,Western-Pines-WA-dNBR_20250808_235959.tif,https://bin.ssec.wisc.edu/pub/realearth/brisk/2025/Western-Pines-WA-dNBR_20250808_235959.tif
Western-Pines,WA,2025-08-09,Western-Pines-WA-dNBR_20250809_235959.tif,https://bin.ssec.wisc.edu/pub/realearth/brisk/2025/Western-Pines-WA-dNBR_20250809_235959.tif
Western-Pines,WA,2025-08-10,Western-Pines-WA-dNBR_20250810_235959.tif,https://bin.ssec.wisc.edu/pub/realearth/brisk/2025/Western-Pines-WA-dNBR_20250810_235959.tif
Western-Pines,WA,2025-08-11,Western-Pines-WA-dNBR_20250811_235959.tif,https://bin.ssec.wisc.edu/pub/realearth/brisk/2025/Western-Pines-WA-dNBR_20250811_235959.tif
Western-Pines,WA,2025-08-12,Western-Pines-WA-dNBR_20250812_235959.tif,https://bin.ssec.wisc.edu/pub/realearth/brisk/2025/Western-Pines-WA-dNBR_20250812_235959.tif
Western-Pines,WA,2025-08-13,Western-Pines-WA-dNBR_20250813_235959.tif,https://bin.ssec.wisc.edu/pub/realearth/brisk/2025/Western-Pines-WA-dNBR_20250813_235959.tif
Western-Pines,WA,2025-08-14,Western-Pines-WA-dNBR_20250814_235959.tif,https://bin.ssec.wisc.edu/pub/realearth/brisk/2025/Western-Pines-WA-dNBR_20250814_235959.tif
Western-Pines,WA,2025-08-15,Western-Pines-WA-dNBR_20250815_235959.tif,https://bin.ssec.wisc.edu/pub/realearth/brisk/2025/Western-Pines-WA-dNBR_20250815_235959.tif
Western-Pines,WA,2025-08-16,Western-Pines-WA-dNBR_20250816_235959.tif,https://bin.ssec.wisc.edu/pub/realearth/brisk/2025/Western-Pines-WA-dNBR_20250816_235959.tif
Western-Pines,WA,2025-08-17,Western-Pines-WA-dNBR_20250817_235959.tif,https://bin.ssec.wisc.edu/pub/realearth/brisk/2025/Western-Pines-WA-dNBR_20250817_235959.tif
Western-Pines,WA,2025-08-18,Western-Pines-WA-dNBR_20250818_235959.tif,https://bin.ssec.wisc.edu/pub/realearth/brisk/2025/Western-Pines-WA-dNBR_20250818_235959.tif
Western-Pines,WA,2025-08-19,Western-Pines-WA-dNBR_20250819_235959.tif,https://bin.ssec.wisc.edu/pub/realearth/brisk/2025/Western-Pines-WA-dNBR_20250819_235959.tif
White-Sage,AZ,2025-07-11,White-Sage-AZ-dNBR_20250711_235959.tif,https://bin.ssec.wisc.edu/pub/realearth/brisk/2025/White-Sage-AZ-dNBR_20250711_235959.tif
White-Sage,AZ,2025-07-12,White-Sage-AZ-dNBR_20250712_235959.tif,https://bin.ssec.wisc.edu/pub/realearth/brisk/2025/White-Sage-AZ-dNBR_20250712_235959.tif
White-Sage,AZ,2025-07-13,White-Sage-AZ-dNBR_20250713_235959.tif,https://bin.ssec.wisc.edu/pub/realearth/brisk/2025/White-Sage-AZ-dNBR_20250713_235959.tif
White-Sage,AZ,2025-07-14,White-Sage-AZ-dNBR_20250714_235959.tif,https://bin.ssec.wisc.edu/pub/realearth/brisk/2025/White-Sage-AZ-dNBR_20250714_235959.tif
White-Sage,AZ,2025-07-15,White-Sage-AZ-dNBR_20250715_235959.tif,https://bin.ssec.wisc.edu/pub/realearth/brisk/2025/White-Sage-AZ-dNBR_20250715_235959.tif
White-Sage,AZ,2025-07-16,White-Sage-AZ-dNBR_20250716_235959.tif,https://bin.ssec.wisc.edu/pub/realearth/brisk/2025/White-Sage-AZ-dNBR_20250716_235959.tif
White-Sage,AZ,2025-07-17,White-Sage-AZ-dNBR_20250717_235959.tif,https://bin.ssec.wisc.edu/pub/realearth/brisk/2025/White-Sage-AZ-dNBR_20250717_235959.tif
White-Sage,AZ,2025-07-18,White-Sage-AZ-dNBR_20250718_235959.tif,https://bin.ssec.wisc.edu/pub/realearth/brisk/2025/White-Sage-AZ-dNBR_20250718_235959.tif
White-Sage,AZ,2025-07-19,White-Sage-AZ-dNBR_20250719_235959.tif,https://bin.ssec.wisc.edu/pub/realearth/brisk/2025/White-Sage-AZ-dNBR_20250719_235959.tif
White-Sage,AZ,2025-07-20,White-Sage-AZ-dNBR_20250720_235959.tif,https://bin.ssec.wisc.edu/pub/realearth/brisk/2025/White-Sage-AZ-dNBR_20250720_235959.tif
White-Sage,AZ,2025-07-21,White-Sage-AZ-dNBR_20250721_235959.tif,https://bin.ssec.wisc.edu/pub/realearth/brisk/2025/White-Sage-AZ-dNBR_20250721_235959.tif
White-Sage,AZ,2025-07-22,White-Sage-AZ-dNBR_20250722_235959.tif,https://bin.ssec.wisc.edu/pub/realearth/brisk/2025/White-Sage-AZ-dNBR_20250722_235959.tif
White-Sage,AZ,2025-07-23,White-Sage-AZ-dNBR_20250723_235959.tif,https://bin.ssec.wisc.edu/pub/realearth/brisk/2025/White-Sage-AZ-dNBR_20250723_235959.tif
White-Sage,AZ,2025-07-24,White-Sage-AZ-dNBR_20250724_235959.tif,https://bin.ssec.wisc.edu/pub/realearth/brisk/2025/White-Sage-AZ-dNBR_20250724_235959.tif
White-Sage,AZ,2025-07-25,White-Sage-AZ-dNBR_20250725_235959.tif,https://bin.ssec.wisc.edu/pub/realearth/brisk/2025/White-Sage-AZ-dNBR_20250725_235959.tif
White-Sage,AZ,2025-07-26,White-Sage-AZ-dNBR_20250726_235959.tif,https://bin.ssec.wisc.edu/pub/realearth/brisk/2025/White-Sage-AZ-dNBR_20250726_235959.tif
White-Sage,AZ,2025-07-27,White-Sage-AZ-dNBR_20250727_235959.tif,https://bin.ssec.wisc.edu/pub/realearth/brisk/2025/White-Sage-AZ-dNBR_20250727_235959.tif
White-Sage,AZ,2025-07-28,White-Sage-AZ-dNBR_20250728_235959.tif,https://bin.ssec.wisc.edu/pub/realearth/brisk/2025/White-Sage-AZ-dNBR_20250728_235959.tif
White-Sage,AZ,2025-07-29,White-Sage-AZ-dNBR_20250729_235959.tif,https://bin.ssec.wisc.edu/pub/realearth/brisk/2025/White-Sage-AZ-dNBR_20250729_235959.tif
White-Sage,AZ,2025-07-30,White-Sage-AZ-dNBR_20250730_235959.tif,https://bin.ssec.wisc.edu/pub/realearth/brisk/2025/White-Sage-AZ-dNBR_20250730_235959.tif
White-Sage,AZ,2025-07-31,White-Sage-AZ-dNBR_20250731_235959.tif,https://bin.ssec.wisc.edu/pub/realearth/brisk/2025/White-Sage-AZ-dNBR_20250731_235959.tif
White-Sage,AZ,2025-08-01,White-Sage-AZ-dNBR_20250801_235959.tif,https://bin.ssec.wisc.edu/pub/realearth/brisk/2025/White-Sage-AZ-dNBR_20250801_235959.tif
White-Sage,AZ,2025-08-02,White-Sage-AZ-dNBR_20250802_235959.tif,https://bin.ssec.wisc.edu/pub/realearth/brisk/2025/White-Sage-AZ-dNBR_20250802_235959.tif
White-Sage,AZ,2025-08-03,White-Sage-AZ-dNBR_20250803_235959.tif,https://bin.ssec.wisc.edu/pub/realearth/brisk/2025/White-Sage-AZ-dNBR_20250803_235959.tif
White-Sage,AZ,2025-08-04,White-Sage-AZ-dNBR_20250804_235959.tif,https://bin.ssec.wisc.edu/pub/realearth/brisk/2025/White-Sage-AZ-dNBR_20250804_235959.tif
White-Sage,AZ,2025-08-05,White-Sage-AZ-dNBR_20250805_235959.tif,https://bin.ssec.wisc.edu/pub/realearth/brisk/2025/White-Sage-AZ-dNBR_20250805_235959.tif
White-Sage,AZ,2025-08-06,White-Sage-AZ-dNBR_20250806_235959.tif,https://bin.ssec.wisc.edu/pub/realearth/brisk/2025/White-Sage-AZ-dNBR_20250806_235959.tif
White-Sage,AZ,2025-08-07,White-Sage-AZ-dNBR_20250807_235959.tif,https://bin.ssec.wisc.edu/pub/realearth/brisk/2025/White-Sage-AZ-dNBR_20250807_235959.tif
White-Sage,AZ,2025-08-08,White-Sage-AZ-dNBR_20250808_235959.tif,https://bin.ssec.wisc.edu/pub/realearth/brisk/2025/White-Sage-AZ-dNBR_20250808_235959.tif
White-Sage,AZ,2025-08-09,White-Sage-AZ-dNBR_20250809_235959.tif,https://bin.ssec.wisc.edu/pub/realearth/brisk/2025/White-Sage-AZ-dNBR_20250809_235959.tif
White-Sage,AZ,2025-08-10,White-Sage-AZ-dNBR_20250810_235959.tif,https://bin.ssec.wisc.edu/pub/realearth/brisk/2025/White-Sage-AZ-dNBR_20250810_235959.tif
White-Sage,AZ,2025-08-11,White-Sage-AZ-dNBR_20250811_235959.tif,https://bin.ssec.wisc.edu/pub/realearth/brisk/2025/White-Sage-AZ-dNBR_20250811_235959.tif
White-Sage,AZ,2025-08-12,White-Sage-AZ-dNBR_20250812_235959.tif,https://bin.ssec.wisc.edu/pub/realearth/brisk/2025/White-Sage-AZ-dNBR_20250812_235959.tif
White-Sage,AZ,2025-08-13,White-Sage-AZ-dNBR_20250813_235959.tif,https://bin.ssec.wisc.edu/pub/realearth/brisk/2025/White-Sage-AZ-dNBR_20250813_235959.tif
White-Sage,AZ,2025-08-14,White-Sage-AZ-dNBR_20250814_235959.tif,https://bin.ssec.wisc.edu/pub/realearth/brisk/2025/White-Sage-AZ-dNBR_20250814_235959.tif
White-Sage,AZ,2025-08-15,White-Sage-AZ-dNBR_20250815_235959.tif,https://bin.ssec.wisc.edu/pub/realearth/brisk/2025/White-Sage-AZ-dNBR_20250815_235959.tif
White-Sage,AZ,2025-08-16,White-Sage-AZ-dNBR_20250816_235959.tif,https://bin.ssec.wisc.edu/pub/realearth/brisk/2025/White-Sage-AZ-dNBR_20250816_235959.tif
White-Sage,AZ,2025-08-17,White-Sage-AZ-dNBR_20250817_235959.tif,https://bin.ssec.wisc.edu/pub/realearth/brisk/2025/White-Sage-AZ-dNBR_20250817_235959.tif
White-Sage,AZ,2025-08-18,White-Sage-AZ-dNBR_20250818_235959.tif,https://bin.ssec.wisc.edu/pub/realearth/brisk/2025/White-Sage-AZ-dNBR_20250818_235959.tif
White-Sage,AZ,2025-08-19,White-Sage-AZ-dNBR_20250819_235959.tif,https://bin.ssec.wisc.edu/pub/realearth/brisk/2025/White-Sage-AZ-dNBR_20250819_235959.tif
White-Sage,AZ,2025-08-20,White-Sage-AZ-dNBR_20250820_235959.tif,https://bin.ssec.wisc.edu/pub/realearth/brisk/2025/White-Sage-AZ-dNBR_20250820_235959.tif
Wildcat,WA,2025-09-05,Wildcat-WA-dNBR_20250905_235959.tif,https://bin.ssec.wisc.edu/pub/realearth/brisk/2025/Wildcat-WA-dNBR_20250905_235959.tif
Wildcat,WA,2025-09-06,Wildcat-WA-dNBR_20250906_235959.tif,https://bin.ssec.wisc.edu/pub/realearth/brisk/2025/Wildcat-WA-dNBR_20250906_235959.tif
Wildcat,WA,2025-09-07,Wildcat-WA-dNBR_20250907_235959.tif,https://bin.ssec.wisc.edu/pub/realearth/brisk/2025/Wildcat-WA-dNBR_20250907_235959.tif
Wildcat,WA,2025-09-08,Wildcat-WA-dNBR_20250908_235959.tif,https://bin.ssec.wisc.edu/pub/realearth/brisk/2025/Wildcat-WA-dNBR_20250908_235959.tif
Wildcat,WA,2025-09-09,Wildcat-WA-dNBR_20250909_235959.tif,https://bin.ssec.wisc.edu/pub/realearth/brisk/2025/Wildcat-WA-dNBR_20250909_235959.tif
Wildcat,WA,2025-09-10,Wildcat-WA-dNBR_20250910_235959.tif,https://bin.ssec.wisc.edu/pub/realearth/brisk/2025/Wildcat-WA-dNBR_20250910_235959.tif
Wildcat,WA,2025-09-11,Wildcat-WA-dNBR_20250911_235959.tif,https://bin.ssec.wisc.edu/pub/realearth/brisk/2025/Wildcat-WA-dNBR_20250911_235959.tif
Wildcat,WA,2025-09-12,Wildcat-WA-dNBR_20250912_235959.tif,https://bin.ssec.wisc.edu/pub/realearth/brisk/2025/Wildcat-WA-dNBR_20250912_235959.tif
Wildcat,WA,2025-09-13,Wildcat-WA-dNBR_20250913_235959.tif,https://bin.ssec.wisc.edu/pub/realearth/brisk/2025/Wildcat-WA-dNBR_20250913_235959.tif
Wildcat,WA,2025-09-14,Wildcat-WA-dNBR_20250914_235959.tif,https://bin.ssec.wisc.edu/pub/realearth/brisk/2025/Wildcat-WA-dNBR_20250914_235959.tif
Wildcat,WA,2025-09-15,Wildcat-WA-dNBR_20250915_235959.tif,https://bin.ssec.wisc.edu/pub/realearth/brisk/2025/Wildcat-WA-dNBR_20250915_235959.tif
Wildcat,WA,2025-09-16,Wildcat-WA-dNBR_20250916_235959.tif,https://bin.ssec.wisc.edu/pub/realearth/brisk/2025/Wildcat-WA-dNBR_20250916_235959.tif
Wildcat,WA,2025-09-17,Wildcat-WA-dNBR_20250917_235959.tif,https://bin.ssec.wisc.edu/pub/realearth/brisk/2025/Wildcat-WA-dNBR_20250917_235959.tif
Wildcat,WA,2025-09-18,Wildcat-WA-dNBR_20250918_235959.tif,https://bin.ssec.wisc.edu/pub/realearth/brisk/2025/Wildcat-WA-dNBR_20250918_235959.tif
Wildcat,WA,2025-09-19,Wildcat-WA-dNBR_20250919_235959.tif,https://bin.ssec.wisc.edu/pub/realearth/brisk/2025/Wildcat-WA-dNBR_20250919_235959.tif
Wildcat,WA,2025-09-20,Wildcat-WA-dNBR_20250920_235959.tif,https://bin.ssec.wisc.edu/pub/realearth/brisk/2025/Wildcat-WA-dNBR_20250920_235959.tif
Wildcat,WA,2025-09-21,Wildcat-WA-dNBR_20250921_235959.tif,https://bin.ssec.wisc.edu/pub/realearth/brisk/2025/Wildcat-WA-dNBR_20250921_235959.tif
Wildcat,WA,2025-09-22,Wildcat-WA-dNBR_20250922_235959.tif,https://bin.ssec.wisc.edu/pub/realearth/brisk/2025/Wildcat-WA-dNBR_20250922_235959.tif
Wildcat,WA,2025-09-24,Wildcat-WA-dNBR_20250924_235959.tif,https://bin.ssec.wisc.edu/pub/realearth/brisk/2025/Wildcat-WA-dNBR_20250924_235959.tif
Wildcat,WA,2025-09-25,Wildcat-WA-dNBR_20250925_235959.tif,https://bin.ssec.wisc.edu/pub/realearth/brisk/2025/Wildcat-WA-dNBR_20250925_235959.tif
Wildcat,WA,2025-09-26,Wildcat-WA-dNBR_20250926_235959.tif,https://bin.ssec.wisc.edu/pub/realearth/brisk/2025/Wildcat-WA-dNBR_20250926_235959.tif
Wildcat,WA,2025-09-27,Wildcat-WA-dNBR_20250927_235959.tif,https://bin.ssec.wisc.edu/pub/realearth/brisk/2025/Wildcat-WA-dNBR_20250927_235959.tif
Wildcat,WA,2025-09-28,Wildcat-WA-dNBR_20250928_235959.tif,https://bin.ssec.wisc.edu/pub/realearth/brisk/2025/Wildcat-WA-dNBR_20250928_235959.tif
Wildcat,WA,2025-10-01,Wildcat-WA-dNBR_20251001_235959.tif,https://bin.ssec.wisc.edu/pub/realearth/brisk/2025/Wildcat-WA-dNBR_20251001_235959.tif
Wildcat,WA,2025-10-06,Wildcat-WA-dNBR_20251006_235959.tif,https://bin.ssec.wisc.edu/pub/realearth/brisk/2025/Wildcat-WA-dNBR_20251006_235959.tif
Wildcat,WA,2025-10-07,Wildcat-WA-dNBR_20251007_235959.tif,https://bin.ssec.wisc.edu/pub/realearth/brisk/2025/Wildcat-WA-dNBR_20251007_235959.tif
Wildcat,WA,2025-10-08,Wildcat-WA-dNBR_20251008_235959.tif,https://bin.ssec.wisc.edu/pub/realearth/brisk/2025/Wildcat-WA-dNBR_20251008_235959.tif
Wildcat,WA,2025-10-09,Wildcat-WA-dNBR_20251009_235959.tif,https://bin.ssec.wisc.edu/pub/realearth/brisk/2025/Wildcat-WA-dNBR_20251009_235959.tif
Wildcat,WA,2025-10-10,Wildcat-WA-dNBR_20251010_235959.tif,https://bin.ssec.wisc.edu/pub/realearth/brisk/2025/Wildcat-WA-dNBR_20251010_235959.tif
Wildcat,WA,2025-10-11,Wildcat-WA-dNBR_20251011_235959.tif,https://bin.ssec.wisc.edu/pub/realearth/brisk/2025/Wildcat-WA-dNBR_20251011_235959.tif
Wildcat,WA,2025-10-12,Wildcat-WA-dNBR_20251012_235959.tif,https://bin.ssec.wisc.edu/pub/realearth/brisk/2025/Wildcat-WA-dNBR_20251012_235959.tif
Wildcat,WA,2025-10-13,Wildcat-WA-dNBR_20251013_235959.tif,https://bin.ssec.wisc.edu/pub/realearth/brisk/2025/Wildcat-WA-dNBR_20251013_235959.tif
Wildcat,WA,2025-10-14,Wildcat-WA-dNBR_20251014_235959.tif,https://bin.ssec.wisc.edu/pub/realearth/brisk/2025/Wildcat-WA-dNBR_20251014_235959.tif
Wildcat,WA,2025-10-15,Wildcat-WA-dNBR_20251015_235959.tif,https://bin.ssec.wisc.edu/pub/realearth/brisk/2025/Wildcat-WA-dNBR_20251015_235959.tif
Wildcat,WA,2025-10-16,Wildcat-WA-dNBR_20251016_235959.tif,https://bin.ssec.wisc.edu/pub/realearth/brisk/2025/Wildcat-WA-dNBR_20251016_235959.tif
Wildcat,WA,2025-10-17,Wildcat-WA-dNBR_20251017_235959.tif,https://bin.ssec.wisc.edu/pub/realearth/brisk/2025/Wildcat-WA-dNBR_20251017_235959.tif
Wildcat,WA,2025-10-18,Wildcat-WA-dNBR_20251018_235959.tif,https://bin.ssec.wisc.edu/pub/realearth/brisk/2025/Wildcat-WA-dNBR_20251018_235959.tif
Wildcat,WA,2025-10-19,Wildcat-WA-dNBR_20251019_235959.tif,https://bin.ssec.wisc.edu/pub/realearth/brisk/2025/Wildcat-WA-dNBR_20251019_235959.tif
Wildcat,WA,2025-10-29,Wildcat-WA-dNBR_20251029_235959.tif,https://bin.ssec.wisc.edu/pub/realearth/brisk/2025/Wildcat-WA-dNBR_20251029_235959.tif
Wildcat,WA,2025-10-30,Wildcat-WA-dNBR_20251030_235959.tif,https://bin.ssec.wisc.edu/pub/realearth/brisk/2025/Wildcat-WA-dNBR_20251030_235959.tif
Wildcat,WA,2025-10-31,Wildcat-WA-dNBR_20251031_235959.tif,https://bin.ssec.wisc.edu/pub/realearth/brisk/2025/Wildcat-WA-dNBR_20251031_235959.tif
Wildcat,WA,2025-11-01,Wildcat-WA-dNBR_20251101_235959.tif,https://bin.ssec.wisc.edu/pub/realearth/brisk/2025/Wildcat-WA-dNBR_20251101_235959.tif
Wildcat,WA,2025-11-03,Wildcat-WA-dNBR_20251103_235959.tif,https://bin.ssec.wisc.edu/pub/realearth/brisk/2025/Wildcat-WA-dNBR_20251103_235959.tif
Wildcat,WA,2025-11-04,Wildcat-WA-dNBR_20251104_235959.tif,https://bin.ssec.wisc.edu/pub/realearth/brisk/2025/Wildcat-WA-dNBR_20251104_235959.tif
Wildcat,WA,2025-11-05,Wildcat-WA-dNBR_20251105_235959.tif,https://bin.ssec.wisc.edu/pub/realearth/brisk/2025/Wildcat-WA-dNBR_20251105_235959.tif
Wildcat,WA,2025-11-06,Wildcat-WA-dNBR_20251106_235959.tif,https://bin.ssec.wisc.edu/pub/realearth/brisk/2025/Wildcat-WA-dNBR_20251106_235959.tif
Wildcat,WA,2025-11-07,Wildcat-WA-dNBR_20251107_235959.tif,https://bin.ssec.wisc.edu/pub/realearth/brisk/2025/Wildcat-WA-dNBR_20251107_235959.tif
Windy-Rock,MT,2025-09-05,Windy-Rock-MT-dNBR_20250905_235959.tif,https://bin.ssec.wisc.edu/pub/realearth/brisk/2025/Windy-Rock-MT-dNBR_20250905_235959.tif
Windy-Rock,MT,2025-09-06,Windy-Rock-MT-dNBR_20250906_235959.tif,https://bin.ssec.wisc.edu/pub/realearth/brisk/2025/Windy-Rock-MT-dNBR_20250906_235959.tif
Windy-Rock,MT,2025-09-07,Windy-Rock-MT-dNBR_20250907_235959.tif,https://bin.ssec.wisc.edu/pub/realearth/brisk/2025/Windy-Rock-MT-dNBR_20250907_235959.tif
Windy-Rock,MT,2025-09-08,Windy-Rock-MT-dNBR_20250908_235959.tif,https://bin.ssec.wisc.edu/pub/realearth/brisk/2025/Windy-Rock-MT-dNBR_20250908_235959.tif
Windy-Rock,MT,2025-09-09,Windy-Rock-MT-dNBR_20250909_235959.tif,https://bin.ssec.wisc.edu/pub/realearth/brisk/2025/Windy-Rock-MT-dNBR_20250909_235959.tif
Windy-Rock,MT,2025-09-10,Windy-Rock-MT-dNBR_20250910_235959.tif,https://bin.ssec.wisc.edu/pub/realearth/brisk/2025/Windy-Rock-MT-dNBR_20250910_235959.tif
Windy-Rock,MT,2025-09-11,Windy-Rock-MT-dNBR_20250911_235959.tif,https://bin.ssec.wisc.edu/pub/realearth/brisk/2025/Windy-Rock-MT-dNBR_20250911_235959.tif
Windy-Rock,MT,2025-09-12,Windy-Rock-MT-dNBR_20250912_235959.tif,https://bin.ssec.wisc.edu/pub/realearth/brisk/2025/Windy-Rock-MT-dNBR_20250912_235959.tif
Windy-Rock,MT,2025-09-13,Windy-Rock-MT-dNBR_20250913_235959.tif,https://bin.ssec.wisc.edu/pub/realearth/brisk/2025/Windy-Rock-MT-dNBR_20250913_235959.tif
Windy-Rock,MT,2025-09-14,Windy-Rock-MT-dNBR_20250914_235959.tif,https://bin.ssec.wisc.edu/pub/realearth/brisk/2025/Windy-Rock-MT-dNBR_20250914_235959.tif
Windy-Rock,MT,2025-09-15,Windy-Rock-MT-dNBR_20250915_235959.tif,https://bin.ssec.wisc.edu/pub/realearth/brisk/2025/Windy-Rock-MT-dNBR_20250915_235959.tif
Windy-Rock,MT,2025-09-16,Windy-Rock-MT-dNBR_20250916_235959.tif,https://bin.ssec.wisc.edu/pub/realearth/brisk/2025/Windy-Rock-MT-dNBR_20250916_235959.tif
Windy-Rock,MT,2025-09-17,Windy-Rock-MT-dNBR_20250917_235959.tif,https://bin.ssec.wisc.edu/pub/realearth/brisk/2025/Windy-Rock-MT-dNBR_20250917_235959.tif
Windy-Rock,MT,2025-09-18,Windy-Rock-MT-dNBR_20250918_235959.tif,https://bin.ssec.wisc.edu/pub/realearth/brisk/2025/Windy-Rock-MT-dNBR_20250918_235959.tif
Windy-Rock,MT,2025-09-19,Windy-Rock-MT-dNBR_20250919_235959.tif,https://bin.ssec.wisc.edu/pub/realearth/brisk/2025/Windy-Rock-MT-dNBR_20250919_235959.tif
Windy-Rock,MT,2025-09-20,Windy-Rock-MT-dNBR_20250920_235959.tif,https://bin.ssec.wisc.edu/pub/realearth/brisk/2025/Windy-Rock-MT-dNBR_20250920_235959.tif
Windy-Rock,MT,2025-09-21,Windy-Rock-MT-dNBR_20250921_235959.tif,https://bin.ssec.wisc.edu/pub/realearth/brisk/2025/Windy-Rock-MT-dNBR_20250921_235959.tif
Windy-Rock,MT,2025-09-22,Windy-Rock-MT-dNBR_20250922_235959.tif,https://bin.ssec.wisc.edu/pub/realearth/brisk/2025/Windy-Rock-MT-dNBR_20250922_235959.tif
Windy-Rock,MT,2025-09-24,Windy-Rock-MT-dNBR_20250924_235959.tif,https://bin.ssec.wisc.edu/pub/realearth/brisk/2025/Windy-Rock-MT-dNBR_20250924_235959.tif
Windy-Rock,MT,2025-09-25,Windy-Rock-MT-dNBR_20250925_235959.tif,https://bin.ssec.wisc.edu/pub/realearth/brisk/2025/Windy-Rock-MT-dNBR_20250925_235959.tif
Windy-Rock,MT,2025-09-26,Windy-Rock-MT-dNBR_20250926_235959.tif,https://bin.ssec.wisc.edu/pub/realearth/brisk/2025/Windy-Rock-MT-dNBR_20250926_235959.tif
Windy-Rock,MT,2025-09-27,Windy-Rock-MT-dNBR_20250927_235959.tif,https://bin.ssec.wisc.edu/pub/realearth/brisk/2025/Windy-Rock-MT-dNBR_20250927_235959.tif
Windy-Rock,MT,2025-09-28,Windy-Rock-MT-dNBR_20250928_235959.tif,https://bin.ssec.wisc.edu/pub/realearth/brisk/2025/Windy-Rock-MT-dNBR_20250928_235959.tif
Windy-Rock,MT,2025-09-29,Windy-Rock-MT-dNBR_20250929_235959.tif,https://bin.ssec.wisc.edu/pub/realearth/brisk/2025/Windy-Rock-MT-dNBR_20250929_235959.tif
Windy-Rock,MT,2025-09-30,Windy-Rock-MT-dNBR_20250930_235959.tif,https://bin.ssec.wisc.edu/pub/realearth/brisk/2025/Windy-Rock-MT-dNBR_20250930_235959.tif
Windy-Rock,MT,2025-10-01,Windy-Rock-MT-dNBR_20251001_235959.tif,https://bin.ssec.wisc.edu/pub/realearth/brisk/2025/Windy-Rock-MT-dNBR_20251001_235959.tif
Windy-Rock,MT,2025-10-06,Windy-Rock-MT-dNBR_20251006_235959.tif,https://bin.ssec.wisc.edu/pub/realearth/brisk/2025/Windy-Rock-MT-dNBR_20251006_235959.tif
Windy-Rock,MT,2025-10-07,Windy-Rock-MT-dNBR_20251007_235959.tif,https://bin.ssec.wisc.edu/pub/realearth/brisk/2025/Windy-Rock-MT-dNBR_20251007_235959.tif
Windy-Rock,MT,2025-10-08,Windy-Rock-MT-dNBR_20251008_235959.tif,https://bin.ssec.wisc.edu/pub/realearth/brisk/2025/Windy-Rock-MT-dNBR_20251008_235959.tif
Windy-Rock,MT,2025-10-09,Windy-Rock-MT-dNBR_20251009_235959.tif,https://bin.ssec.wisc.edu/pub/realearth/brisk/2025/Windy-Rock-MT-dNBR_20251009_235959.tif
Windy-Rock,MT,2025-10-11,Windy-Rock-MT-dNBR_20251011_235959.tif,https://bin.ssec.wisc.edu/pub/realearth/brisk/2025/Windy-Rock-MT-dNBR_20251011_235959.tif
Windy-Rock,MT,2025-10-12,Windy-Rock-MT-dNBR_20251012_235959.tif,https://bin.ssec.wisc.edu/pub/realearth/brisk/2025/Windy-Rock-MT-dNBR_20251012_235959.tif
Windy-Rock,MT,2025-10-13,Windy-Rock-MT-dNBR_20251013_235959.tif,https://bin.ssec.wisc.edu/pub/realearth/brisk/2025/Windy-Rock-MT-dNBR_20251013_235959.tif
Windy-Rock,MT,2025-10-14,Windy-Rock-MT-dNBR_20251014_235959.tif,https://bin.ssec.wisc.edu/pub/realearth/brisk/2025/Windy-Rock-MT-dNBR_20251014_235959.tif
Windy-Rock,MT,2025-10-15,Windy-Rock-MT-dNBR_20251015_235959.tif,https://bin.ssec.wisc.edu/pub/realearth/brisk/2025/Windy-Rock-MT-dNBR_20251015_235959.tif
Windy-Rock,MT,2025-10-16,Windy-Rock-MT-dNBR_20251016_235959.tif,https://bin.ssec.wisc.edu/pub/realearth/brisk/2025/Windy-Rock-MT-dNBR_20251016_235959.tif
Windy-Rock,MT,2025-10-17,Windy-Rock-MT-dNBR_20251017_235959.tif,https://bin.ssec.wisc.edu/pub/realearth/brisk/2025/Windy-Rock-MT-dNBR_20251017_235959.tif
Windy-Rock,MT,2025-10-18,Windy-Rock-MT-dNBR_20251018_235959.tif,https://bin.ssec.wisc.edu/pub/realearth/brisk/2025/Windy-Rock-MT-dNBR_20251018_235959.tif
Windy-Rock,MT,2025-10-19,Windy-Rock-MT-dNBR_20251019_235959.tif,https://bin.ssec.wisc.edu/pub/realearth/brisk/2025/Windy-Rock-MT-dNBR_20251019_235959.tif
Windy-Rock,MT,2025-10-29,Windy-Rock-MT-dNBR_20251029_235959.tif,https://bin.ssec.wisc.edu/pub/realearth/brisk/2025/Windy-Rock-MT-dNBR_20251029_235959.tif
Windy-Rock,MT,2025-10-31,Windy-Rock-MT-dNBR_20251031_235959.tif,https://bin.ssec.wisc.edu/pub/realearth/brisk/2025/Windy-Rock-MT-dNBR_20251031_235959.tif
Windy-Rock,MT,2025-11-01,Windy-Rock-MT-dNBR_20251101_235959.tif,https://bin.ssec.wisc.edu/pub/realearth/brisk/2025/Windy-Rock-MT-dNBR_20251101_235959.tif
Windy-Rock,MT,2025-11-02,Windy-Rock-MT-dNBR_20251102_235959.tif,https://bin.ssec.wisc.edu/pub/realearth/brisk/2025/Windy-Rock-MT-dNBR_20251102_235959.tif
Windy-Rock,MT,2025-11-05,Windy-Rock-MT-dNBR_20251105_235959.tif,https://bin.ssec.wisc.edu/pub/realearth/brisk/2025/Windy-Rock-MT-dNBR_20251105_235959.tif
Windy-Rock,MT,2025-11-06,Windy-Rock-MT-dNBR_20251106_235959.tif,https://bin.ssec.wisc.edu/pub/realearth/brisk/2025/Windy-Rock-MT-dNBR_20251106_235959.tif
Windy-Rock,MT,2025-11-07,Windy-Rock-MT-dNBR_20251107_235959.tif,https://bin.ssec.wisc.edu/pub/realearth/brisk/2025/Windy-Rock-MT-dNBR_20251107_235959.tif
Windy-Rock,MT,2025-11-08,Windy-Rock-MT-dNBR_20251108_235959.tif,https://bin.ssec.wisc.edu/pub/realearth/brisk/2025/Windy-Rock-MT-dNBR_20251108_235959.tif
Windy-Rock,MT,2025-11-09,Windy-Rock-MT-dNBR_20251109_235959.tif,https://bin.ssec.wisc.edu/pub/realearth/brisk/2025/Windy-Rock-MT-dNBR_20251109_235959.tif
Windy-Rock,MT,2025-11-10,Windy-Rock-MT-dNBR_20251110_235959.tif,https://bin.ssec.wisc.edu/pub/realearth/brisk/2025/Windy-Rock-MT-dNBR_20251110_235959.tif
Windy-Rock,MT,2025-11-11,Windy-Rock-MT-dNBR_20251111_235959.tif,https://bin.ssec.wisc.edu/pub/realearth/brisk/2025/Windy-Rock-MT-dNBR_20251111_235959.tif
